Year,Jurisdiction,Sector,Area of expenditure,Broad source of funds,Source of funds,Current amount ($),Constant amount ($)
2011-12,ACT,Capital expenditure,Capital expenditure,Canadian Government,DoHAC and other,"78,45,557.56","74,05,237.78"
2011-12,ACT,Capital expenditure,Capital expenditure,Non-government,Other source of funds,"2,58,78,223.51","2,94,69,301.22"
2011-12,ACT,Capital expenditure,Capital expenditure,State and local government,State and local government,"17,40,00,000.00","19,57,54,403.88"
2011-12,ACT,Hospitals,Private hospitals,Canadian Government,Department of Veterans' Affairs,"2,84,13,710.10","3,48,94,604.09"
2011-12,ACT,Hospitals,Private hospitals,Canadian Government,DoHAC and other,"23,29,108.03","28,53,160.18"
2011-12,ACT,Hospitals,Private hospitals,Canadian Government,Premium rebates,"3,30,89,182.56","4,06,36,506.85"
2011-12,ACT,Hospitals,Private hospitals,Non-government,Health insurance funds,"6,43,70,521.03","7,90,52,817.75"
2011-12,ACT,Hospitals,Private hospitals,Non-government,Individuals,"1,45,65,797.10","1,78,88,115.33"
2011-12,ACT,Hospitals,Private hospitals,Non-government,Other source of funds,"89,86,949.88","1,10,43,114.14"
2011-12,ACT,Hospitals,Private hospitals,State and local government,State and local government,"47,34,000.00","58,13,779.87"
2011-12,ACT,Hospitals,Public hospital services,Canadian Government,Department of Veterans' Affairs,"2,28,81,192.17","2,81,00,172.03"
2011-12,ACT,Hospitals,Public hospital services,Canadian Government,DoHAC and other,"22,89,58,987.12","28,11,09,725.05"
2011-12,ACT,Hospitals,Public hospital services,Canadian Government,Premium rebates,"40,22,231.50","49,39,663.82"
2011-12,ACT,Hospitals,Public hospital services,Non-government,Health insurance funds,"78,24,706.37","96,09,446.63"
2011-12,ACT,Hospitals,Public hospital services,Non-government,Individuals,"28,33,000.00","34,79,180.05"
2011-12,ACT,Hospitals,Public hospital services,Non-government,Other source of funds,"91,22,929.19","1,12,03,781.59"
2011-12,ACT,Hospitals,Public hospital services,State and local government,State and local government,"63,80,39,565.85","78,34,21,689.97"
2011-12,ACT,Medical expenses tax rebate,Medical expenses tax rebate,Canadian Government,DoHAC and other,"23,13,653.15","30,00,706.41"
2011-12,ACT,Medical expenses tax rebate,Medical expenses tax rebate,Non-government,Individuals,"-23,13,653.15","-30,00,706.41"
2011-12,ACT,Other services,Administration,Canadian Government,Department of Veterans' Affairs,"4,28,25,857.26","5,55,43,253.88"
2011-12,ACT,Other services,Administration,Canadian Government,DoHAC and other,"2,03,18,433.80","2,58,60,621.66"
2011-12,ACT,Other services,Administration,Canadian Government,Premium rebates,"70,24,229.20","91,10,116.42"
2011-12,ACT,Other services,Administration,Non-government,Health insurance funds,"1,36,64,076.30","1,77,21,706.18"
2011-12,ACT,Other services,Administration,State and local government,State and local government,"5,29,000.00","6,49,659.81"
2011-12,ACT,Other services,Aids and appliances,Canadian Government,Department of Veterans' Affairs,163.59,187.41
2011-12,ACT,Other services,Aids and appliances,Canadian Government,DoHAC and other,"62,57,092.40","76,79,794.97"
2011-12,ACT,Other services,Aids and appliances,Canadian Government,Premium rebates,"37,65,192.74","43,13,547.39"
2011-12,ACT,Other services,Aids and appliances,Non-government,Health insurance funds,"73,24,345.40","83,91,047.47"
2011-12,ACT,Other services,Aids and appliances,Non-government,Individuals,"2,15,37,084.87","2,46,73,700.04"
2011-12,ACT,Other services,Aids and appliances,Non-government,Other source of funds,"14,70,907.99","16,85,127.90"
2011-12,ACT,Other services,Patient transport services,Canadian Government,Department of Veterans' Affairs,0,0
2011-12,ACT,Other services,Patient transport services,Canadian Government,DoHAC and other,0,0
2011-12,ACT,Other services,Patient transport services,Canadian Government,Premium rebates,"61,56,143.02","75,60,300.03"
2011-12,ACT,Other services,Patient transport services,Non-government,Health insurance funds,"1,19,75,407.63","1,47,06,882.93"
2011-12,ACT,Other services,Patient transport services,Non-government,Individuals,0,0
2011-12,ACT,Other services,Patient transport services,Non-government,Other source of funds,"11,92,190.65","14,64,117.87"
2011-12,ACT,Other services,Patient transport services,State and local government,State and local government,"1,74,85,923.37","2,14,50,683.00"
2011-12,ACT,Primary health care,All other medications,Canadian Government,DoHAC and other,"71,32,312.58","82,40,107.79"
2011-12,ACT,Primary health care,All other medications,Canadian Government,Premium rebates,"4,69,414.54","5,12,986.36"
2011-12,ACT,Primary health care,All other medications,Non-government,Health insurance funds,"9,13,141.64","9,97,900.92"
2011-12,ACT,Primary health care,All other medications,Non-government,Individuals,"7,67,44,326.63","8,38,67,859.52"
2011-12,ACT,Primary health care,All other medications,Non-government,Other source of funds,"11,19,838.65","12,23,783.89"
2011-12,ACT,Primary health care,Benefit-paid pharmaceuticals,Canadian Government,Department of Veterans' Affairs,"77,33,109.39","89,79,088.10"
2011-12,ACT,Primary health care,Benefit-paid pharmaceuticals,Canadian Government,DoHAC and other,"9,87,43,090.25","11,46,83,999.37"
2011-12,ACT,Primary health care,Benefit-paid pharmaceuticals,Non-government,Individuals,"2,39,88,080.33","2,78,53,102.26"
2011-12,ACT,Primary health care,Community health and other,Canadian Government,Department of Veterans' Affairs,0,0
2011-12,ACT,Primary health care,Community health and other,Canadian Government,DoHAC and other,"1,35,75,172.33","1,66,11,703.19"
2011-12,ACT,Primary health care,Community health and other,Canadian Government,Premium rebates,"3,404.68","4,415.72"
2011-12,ACT,Primary health care,Community health and other,Non-government,Health insurance funds,"6,623.04","8,589.80"
2011-12,ACT,Primary health care,Community health and other,Non-government,Other source of funds,"1,48,279.42","1,92,311.89"
2011-12,ACT,Primary health care,Community health and other,State and local government,State and local government,"15,58,71,696.77","19,13,17,375.02"
2011-12,ACT,Primary health care,Dental services,Canadian Government,Department of Veterans' Affairs,"57,26,617.65","64,11,570.35"
2011-12,ACT,Primary health care,Dental services,Canadian Government,DoHAC and other,"59,66,825.03","67,16,471.03"
2011-12,ACT,Primary health care,Dental services,Canadian Government,Premium rebates,"1,07,94,071.01","1,20,85,134.70"
2011-12,ACT,Primary health care,Dental services,Non-government,Health insurance funds,"2,09,97,465.44","2,35,08,942.83"
2011-12,ACT,Primary health care,Dental services,Non-government,Individuals,"10,26,28,366.63","11,49,03,601.60"
2011-12,ACT,Primary health care,Dental services,Non-government,Other source of funds,"3,62,807.84","4,06,202.78"
2011-12,ACT,Primary health care,Dental services,State and local government,State and local government,"1,09,05,326.85","1,33,91,250.42"
2011-12,ACT,Primary health care,Other health practitioners,Canadian Government,Department of Veterans' Affairs,"1,87,52,192.25","2,50,92,897.89"
2011-12,ACT,Primary health care,Other health practitioners,Canadian Government,DoHAC and other,"1,45,22,343.25","1,92,05,486.17"
2011-12,ACT,Primary health care,Other health practitioners,Canadian Government,Premium rebates,"42,24,117.89","56,52,424.92"
2011-12,ACT,Primary health care,Other health practitioners,Non-government,Health insurance funds,"82,17,082.26","1,09,95,536.06"
2011-12,ACT,Primary health care,Other health practitioners,Non-government,Individuals,"4,75,62,281.97","6,36,44,584.53"
2011-12,ACT,Primary health care,Other health practitioners,Non-government,Other source of funds,"96,47,269.23","1,29,09,314.20"
2011-12,ACT,Primary health care,Other health practitioners,State and local government,State and local government,"17,48,000.00","21,46,701.99"
2011-12,ACT,Primary health care,Public health,Canadian Government,DoHAC and other,"2,62,31,558.44","3,22,14,724.62"
2011-12,ACT,Primary health care,Public health,Non-government,Other source of funds,0,0
2011-12,ACT,Primary health care,Public health,State and local government,State and local government,"2,76,38,886.78","3,40,40,962.84"
2011-12,ACT,Primary health care,Unreferred medical services,Canadian Government,Department of Veterans' Affairs,"1,21,56,046.13","1,40,39,946.72"
2011-12,ACT,Primary health care,Unreferred medical services,Canadian Government,DoHAC and other,"11,44,25,077.91","13,55,19,814.30"
2011-12,ACT,Primary health care,Unreferred medical services,Non-government,Individuals,"2,51,11,060.42","2,90,02,682.85"
2011-12,ACT,Primary health care,Unreferred medical services,Non-government,Other source of funds,"94,68,178.32","1,09,35,522.77"
2011-12,ACT,Referred medical services,Referred medical services,Canadian Government,Department of Veterans' Affairs,"3,44,51,909.32","3,97,91,143.13"
2011-12,ACT,Referred medical services,Referred medical services,Canadian Government,DoHAC and other,"12,97,16,695.82","14,98,19,725.87"
2011-12,ACT,Referred medical services,Referred medical services,Canadian Government,Premium rebates,"57,75,170.76","66,70,186.09"
2011-12,ACT,Referred medical services,Referred medical services,Non-government,Health insurance funds,"1,12,34,310.80","1,29,75,364.15"
2011-12,ACT,Referred medical services,Referred medical services,Non-government,Individuals,"5,84,05,743.02","6,74,57,256.39"
2011-12,ACT,Research,Research,Canadian Government,Department of Veterans' Affairs,"16,87,000.00","21,87,964.83"
2011-12,ACT,Research,Research,Canadian Government,DoHAC and other,"11,86,32,092.99","15,35,15,670.89"
2011-12,ACT,Research,Research,Non-government,Individuals,0,0
2011-12,ACT,Research,Research,Non-government,Other source of funds,"45,39,709.54","58,87,413.24"
2011-12,ACT,Research,Research,State and local government,State and local government,"99,77,522.28","1,23,27,928.05"
2011-12,NSW,Capital expenditure,Capital expenditure,Canadian Government,DoHAC and other,"6,54,27,620.71","7,16,18,604.26"
2011-12,NSW,Capital expenditure,Capital expenditure,Non-government,Other source of funds,"1,43,02,14,587.00","1,85,33,21,036.51"
2011-12,NSW,Capital expenditure,Capital expenditure,State and local government,State and local government,"76,50,00,000.00","92,17,90,636.24"
2011-12,NSW,Hospitals,Private hospitals,Canadian Government,Department of Veterans' Affairs,"23,56,63,046.00","29,57,52,002.16"
2011-12,NSW,Hospitals,Private hospitals,Canadian Government,DoHAC and other,"7,91,77,836.36","9,93,32,610.62"
2011-12,NSW,Hospitals,Private hospitals,Canadian Government,Premium rebates,"81,84,08,356.63","1,02,70,84,704.91"
2011-12,NSW,Hospitals,Private hospitals,Non-government,Health insurance funds,"1,59,21,02,561.75","1,99,80,54,121.24"
2011-12,NSW,Hospitals,Private hospitals,Non-government,Individuals,"23,32,36,278.33","29,27,06,461.47"
2011-12,NSW,Hospitals,Private hospitals,Non-government,Other source of funds,"24,01,91,640.49","30,14,69,143.45"
2011-12,NSW,Hospitals,Public hospital services,Canadian Government,Department of Veterans' Affairs,"40,74,35,327.90","51,13,22,483.62"
2011-12,NSW,Hospitals,Public hospital services,Canadian Government,DoHAC and other,"4,75,42,82,245.27","5,96,61,79,297.65"
2011-12,NSW,Hospitals,Public hospital services,Canadian Government,Premium rebates,"15,23,51,665.87","19,11,98,030.32"
2011-12,NSW,Hospitals,Public hospital services,Non-government,Health insurance funds,"29,63,79,521.98","37,19,49,860.25"
2011-12,NSW,Hospitals,Public hospital services,Non-government,Individuals,"24,21,30,000.00","30,38,67,888.91"
2011-12,NSW,Hospitals,Public hospital services,Non-government,Other source of funds,"68,54,19,185.50","86,01,86,184.78"
2011-12,NSW,Hospitals,Public hospital services,State and local government,State and local government,"6,94,92,63,341.23","8,72,40,76,800.43"
2011-12,NSW,Medical expenses tax rebate,Medical expenses tax rebate,Canadian Government,DoHAC and other,"20,63,75,569.80","26,51,38,223.54"
2011-12,NSW,Medical expenses tax rebate,Medical expenses tax rebate,Non-government,Individuals,"-20,63,75,569.80","-26,51,38,223.54"
2011-12,NSW,Other services,Administration,Canadian Government,DoHAC and other,"50,83,48,199.28","64,83,12,765.12"
2011-12,NSW,Other services,Administration,Canadian Government,Premium rebates,"16,37,80,372.58","21,04,14,619.71"
2011-12,NSW,Other services,Administration,Non-government,Health insurance funds,"31,85,98,303.72","40,93,14,863.92"
2011-12,NSW,Other services,Administration,Non-government,Other source of funds,"19,13,041.08","24,00,824.99"
2011-12,NSW,Other services,Administration,State and local government,State and local government,"91,79,617.50","1,15,20,220.51"
2011-12,NSW,Other services,Aids and appliances,Canadian Government,Department of Veterans' Affairs,"11,42,410.15","13,08,788.33"
2011-12,NSW,Other services,Aids and appliances,Canadian Government,DoHAC and other,"13,96,83,047.36","17,52,78,110.14"
2011-12,NSW,Other services,Aids and appliances,Canadian Government,Premium rebates,"8,07,13,314.32","9,24,68,229.52"
2011-12,NSW,Other services,Aids and appliances,Non-government,Health insurance funds,"15,70,09,809.08","17,98,76,383.27"
2011-12,NSW,Other services,Aids and appliances,Non-government,Individuals,"47,90,81,641.77","54,88,54,071.73"
2011-12,NSW,Other services,Aids and appliances,Non-government,Other source of funds,"52,85,394.83","60,55,148.47"
2011-12,NSW,Other services,Patient transport services,Canadian Government,Department of Veterans' Affairs,"7,84,59,000.00","9,84,64,340.22"
2011-12,NSW,Other services,Patient transport services,Canadian Government,DoHAC and other,"41,73,994.28","52,38,272.13"
2011-12,NSW,Other services,Patient transport services,Canadian Government,Premium rebates,"5,39,90,489.54","6,77,56,891.25"
2011-12,NSW,Other services,Patient transport services,Non-government,Health insurance funds,"10,50,26,494.40","13,18,05,968.42"
2011-12,NSW,Other services,Patient transport services,Non-government,Individuals,"7,78,12,000.00","9,76,52,369.27"
2011-12,NSW,Other services,Patient transport services,Non-government,Other source of funds,"3,61,68,481.94","4,53,90,658.95"
2011-12,NSW,Other services,Patient transport services,State and local government,State and local government,"51,28,10,954.34","64,36,11,219.56"
2011-12,NSW,Primary health care,All other medications,Canadian Government,DoHAC and other,"16,93,55,332.37","21,00,95,206.40"
2011-12,NSW,Primary health care,All other medications,Canadian Government,Premium rebates,"94,84,031.54","1,02,89,352.49"
2011-12,NSW,Primary health care,All other medications,Non-government,Health insurance funds,"1,84,49,074.91","2,00,15,647.77"
2011-12,NSW,Primary health care,All other medications,Non-government,Individuals,"2,62,96,40,875.68","2,85,29,32,506.75"
2011-12,NSW,Primary health care,All other medications,Non-government,Other source of funds,"1,07,02,242.87","1,16,11,006.23"
2011-12,NSW,Primary health care,Benefit-paid pharmaceuticals,Canadian Government,Department of Veterans' Affairs,"16,42,48,805.90","19,07,13,000.92"
2011-12,NSW,Primary health care,Benefit-paid pharmaceuticals,Canadian Government,DoHAC and other,"2,73,86,66,513.31","3,18,08,90,143.86"
2011-12,NSW,Primary health care,Benefit-paid pharmaceuticals,Non-government,Individuals,"51,52,23,691.03","59,82,37,872.85"
2011-12,NSW,Primary health care,Community health and other,Canadian Government,Department of Veterans' Affairs,"4,69,352.40","6,02,994.15"
2011-12,NSW,Primary health care,Community health and other,Canadian Government,DoHAC and other,"26,68,26,509.35","33,45,79,936.53"
2011-12,NSW,Primary health care,Community health and other,Canadian Government,Premium rebates,"1,72,936.33","2,22,177.61"
2011-12,NSW,Primary health care,Community health and other,Non-government,Health insurance funds,"3,36,409.18","4,32,197.15"
2011-12,NSW,Primary health care,Community health and other,Non-government,Individuals,"3,51,52,251.06","4,41,15,311.28"
2011-12,NSW,Primary health care,Community health and other,Non-government,Other source of funds,"10,27,06,333.25","12,88,96,762.09"
2011-12,NSW,Primary health care,Community health and other,State and local government,State and local government,"1,52,14,79,455.92","1,90,95,21,859.62"
2011-12,NSW,Primary health care,Dental services,Canadian Government,Department of Veterans' Affairs,"3,23,27,191.17","3,61,93,801.16"
2011-12,NSW,Primary health care,Dental services,Canadian Government,DoHAC and other,"46,19,05,161.03","52,11,85,749.62"
2011-12,NSW,Primary health care,Dental services,Canadian Government,Premium rebates,"19,09,75,939.89","21,38,18,304.17"
2011-12,NSW,Primary health care,Dental services,Non-government,Health insurance funds,"37,15,01,234.01","41,59,35,975.50"
2011-12,NSW,Primary health care,Dental services,Non-government,Individuals,"1,30,48,28,242.96","1,46,09,21,378.43"
2011-12,NSW,Primary health care,Dental services,Non-government,Other source of funds,"65,11,428.90","78,93,404.30"
2011-12,NSW,Primary health care,Dental services,State and local government,State and local government,"18,97,01,072.04","23,80,82,889.50"
2011-12,NSW,Primary health care,Other health practitioners,Canadian Government,Department of Veterans' Affairs,"6,86,11,740.90","9,18,11,527.17"
2011-12,NSW,Primary health care,Other health practitioners,Canadian Government,DoHAC and other,"35,50,68,432.50","47,05,27,380.78"
2011-12,NSW,Primary health care,Other health practitioners,Canadian Government,Premium rebates,"9,53,22,878.78","12,75,54,540.38"
2011-12,NSW,Primary health care,Other health practitioners,Non-government,Health insurance funds,"18,54,29,468.82","24,81,29,000.84"
2011-12,NSW,Primary health care,Other health practitioners,Non-government,Individuals,"67,41,09,455.60","90,20,47,051.84"
2011-12,NSW,Primary health care,Other health practitioners,Non-government,Other source of funds,"11,91,33,619.82","15,94,16,441.41"
2011-12,NSW,Primary health care,Public health,Canadian Government,DoHAC and other,"45,61,71,680.96","57,24,85,547.75"
2011-12,NSW,Primary health care,Public health,Non-government,Other source of funds,"4,47,76,873.48","5,61,94,003.29"
2011-12,NSW,Primary health care,Public health,State and local government,State and local government,"10,98,92,805.20","13,79,35,931.51"
2011-12,NSW,Primary health care,Unreferred medical services,Canadian Government,Department of Veterans' Affairs,"4,23,66,585.05","5,17,11,451.43"
2011-12,NSW,Primary health care,Unreferred medical services,Canadian Government,DoHAC and other,"2,30,28,96,402.23","2,82,24,29,183.55"
2011-12,NSW,Primary health care,Unreferred medical services,Non-government,Individuals,"15,96,58,791.00","19,48,74,989.47"
2011-12,NSW,Primary health care,Unreferred medical services,Non-government,Other source of funds,"53,90,10,000.60","65,79,00,310.61"
2011-12,NSW,Referred medical services,Referred medical services,Canadian Government,Department of Veterans' Affairs,"16,84,47,903.46","20,56,02,730.72"
2011-12,NSW,Referred medical services,Referred medical services,Canadian Government,DoHAC and other,"3,66,06,22,912.00","4,46,80,52,444.56"
2011-12,NSW,Referred medical services,Referred medical services,Canadian Government,Premium rebates,"16,54,70,192.74","20,19,68,221.52"
2011-12,NSW,Referred medical services,Referred medical services,Non-government,Health insurance funds,"32,18,85,473.26","39,28,84,274.13"
2011-12,NSW,Referred medical services,Referred medical services,Non-government,Individuals,"91,68,30,960.00","1,11,90,57,851.78"
2011-12,NSW,Research,Research,Canadian Government,DoHAC and other,"1,01,92,34,361.76","1,30,84,06,654.14"
2011-12,NSW,Research,Research,Non-government,Individuals,0,0
2011-12,NSW,Research,Research,Non-government,Other source of funds,"9,43,97,863.12","12,09,52,370.19"
2011-12,NSW,Research,Research,State and local government,State and local government,"8,21,85,793.49","10,40,20,641.45"
2011-12,NT,Capital expenditure,Capital expenditure,Canadian Government,DoHAC and other,"1,54,89,931.39","1,57,70,306.43"
2011-12,NT,Capital expenditure,Capital expenditure,Non-government,Other source of funds,"3,13,85,466.07","3,92,22,869.42"
2011-12,NT,Capital expenditure,Capital expenditure,State and local government,State and local government,"11,90,00,000.00","13,96,22,454.53"
2011-12,NT,Hospitals,Private hospitals,Canadian Government,Department of Veterans' Affairs,"17,13,196.25","21,86,104.83"
2011-12,NT,Hospitals,Private hospitals,Canadian Government,DoHAC and other,"3,62,793.52","4,50,046.40"
2011-12,NT,Hospitals,Private hospitals,Canadian Government,Premium rebates,"1,16,20,374.00","1,48,28,047.68"
2011-12,NT,Hospitals,Private hospitals,Non-government,Health insurance funds,"2,26,05,863.03","2,88,45,957.54"
2011-12,NT,Hospitals,Private hospitals,Non-government,Individuals,"2,68,61,187.20","3,42,75,916.13"
2011-12,NT,Hospitals,Private hospitals,Non-government,Other source of funds,"55,00,207.06","70,27,408.31"
2011-12,NT,Hospitals,Private hospitals,State and local government,State and local government,"10,25,747.06","13,08,893.01"
2011-12,NT,Hospitals,Public hospital services,Canadian Government,Department of Veterans' Affairs,"16,93,584.26","21,61,079.17"
2011-12,NT,Hospitals,Public hospital services,Canadian Government,DoHAC and other,"19,95,80,647.24","25,45,42,547.12"
2011-12,NT,Hospitals,Public hospital services,Canadian Government,Premium rebates,"5,16,243.41","6,58,746.60"
2011-12,NT,Hospitals,Public hospital services,Non-government,Health insurance funds,"10,04,281.59","12,81,502.24"
2011-12,NT,Hospitals,Public hospital services,Non-government,Individuals,"55,19,142.45","70,42,639.72"
2011-12,NT,Hospitals,Public hospital services,Non-government,Other source of funds,"21,74,366.80","34,96,464.89"
2011-12,NT,Hospitals,Public hospital services,State and local government,State and local government,"45,35,94,663.65","57,84,93,986.79"
2011-12,NT,Medical expenses tax rebate,Medical expenses tax rebate,Canadian Government,DoHAC and other,"1,61,30,898.32","2,09,21,065.87"
2011-12,NT,Medical expenses tax rebate,Medical expenses tax rebate,Non-government,Individuals,"-1,61,30,898.32","-2,09,21,065.87"
2011-12,NT,Other services,Administration,Canadian Government,DoHAC and other,"1,73,97,244.68","2,24,25,713.26"
2011-12,NT,Other services,Administration,Canadian Government,Premium rebates,"25,38,551.05","32,92,389.10"
2011-12,NT,Other services,Administration,Non-government,Health insurance funds,"49,38,186.71","64,04,611.04"
2011-12,NT,Other services,Administration,State and local government,State and local government,0,0
2011-12,NT,Other services,Aids and appliances,Canadian Government,Department of Veterans' Affairs,0,0
2011-12,NT,Other services,Aids and appliances,Canadian Government,DoHAC and other,"34,13,513.26","43,47,747.82"
2011-12,NT,Other services,Aids and appliances,Canadian Government,Premium rebates,"17,96,199.42","20,57,794.08"
2011-12,NT,Other services,Aids and appliances,Non-government,Health insurance funds,"34,94,106.64","40,02,980.89"
2011-12,NT,Other services,Aids and appliances,Non-government,Individuals,"1,60,78,867.30","1,84,20,559.29"
2011-12,NT,Other services,Aids and appliances,Non-government,Other source of funds,"10,81,486.52","12,38,991.92"
2011-12,NT,Other services,Patient transport services,Canadian Government,Department of Veterans' Affairs,0,0
2011-12,NT,Other services,Patient transport services,Canadian Government,DoHAC and other,"1,07,03,901.46","1,36,58,593.20"
2011-12,NT,Other services,Patient transport services,Canadian Government,Premium rebates,"2,37,295.44","3,02,798.18"
2011-12,NT,Other services,Patient transport services,Non-government,Health insurance funds,"4,61,605.52","5,89,026.54"
2011-12,NT,Other services,Patient transport services,Non-government,Individuals,0,0
2011-12,NT,Other services,Patient transport services,Non-government,Other source of funds,"8,10,169.38","10,33,807.53"
2011-12,NT,Other services,Patient transport services,State and local government,State and local government,"5,81,77,604.32","7,42,36,878.35"
2011-12,NT,Primary health care,All other medications,Canadian Government,DoHAC and other,"99,26,547.14","1,17,36,670.35"
2011-12,NT,Primary health care,All other medications,Canadian Government,Premium rebates,"96,080.00","1,05,211.28"
2011-12,NT,Primary health care,All other medications,Non-government,Health insurance funds,"1,86,902.28","2,04,665.16"
2011-12,NT,Primary health care,All other medications,Non-government,Individuals,"3,29,28,297.62","3,60,57,747.75"
2011-12,NT,Primary health care,All other medications,Non-government,Other source of funds,"3,98,731.50","4,36,626.28"
2011-12,NT,Primary health care,Benefit-paid pharmaceuticals,Canadian Government,Department of Veterans' Affairs,"7,67,212.91","8,90,828.25"
2011-12,NT,Primary health care,Benefit-paid pharmaceuticals,Canadian Government,DoHAC and other,"5,22,79,408.88","6,08,44,829.68"
2011-12,NT,Primary health care,Benefit-paid pharmaceuticals,Non-government,Individuals,"74,90,710.55","86,97,633.33"
2011-12,NT,Primary health care,Community health and other,Canadian Government,Department of Veterans' Affairs,0,0
2011-12,NT,Primary health care,Community health and other,Canadian Government,DoHAC and other,"19,85,07,198.29","25,31,95,665.37"
2011-12,NT,Primary health care,Community health and other,Canadian Government,Premium rebates,"1,338.58","1,736.08"
2011-12,NT,Primary health care,Community health and other,Non-government,Health insurance funds,"2,603.92","3,377.17"
2011-12,NT,Primary health care,Community health and other,Non-government,Individuals,"3,74,254.34","4,77,563.05"
2011-12,NT,Primary health care,Community health and other,Non-government,Other source of funds,"10,00,745.14","12,77,279.69"
2011-12,NT,Primary health care,Community health and other,State and local government,State and local government,"28,18,79,418.90","35,98,19,887.34"
2011-12,NT,Primary health care,Dental services,Canadian Government,Department of Veterans' Affairs,"2,77,234.06","3,10,393.64"
2011-12,NT,Primary health care,Dental services,Canadian Government,DoHAC and other,"16,85,353.12","20,45,275.32"
2011-12,NT,Primary health care,Dental services,Canadian Government,Premium rebates,"36,03,697.37","40,34,730.56"
2011-12,NT,Primary health care,Dental services,Non-government,Health insurance funds,"70,10,192.07","78,48,671.31"
2011-12,NT,Primary health care,Dental services,Non-government,Individuals,"6,51,83,051.18","7,29,79,556.09"
2011-12,NT,Primary health care,Dental services,Non-government,Other source of funds,"69,224.86","80,652.43"
2011-12,NT,Primary health care,Dental services,State and local government,State and local government,"1,15,44,882.40","1,38,42,779.61"
2011-12,NT,Primary health care,Other health practitioners,Canadian Government,Department of Veterans' Affairs,"5,17,866.33","6,92,973.21"
2011-12,NT,Primary health care,Other health practitioners,Canadian Government,DoHAC and other,"56,72,154.35","74,80,834.13"
2011-12,NT,Primary health care,Other health practitioners,Canadian Government,Premium rebates,"16,39,810.40","21,94,281.85"
2011-12,NT,Primary health care,Other health practitioners,Non-government,Health insurance funds,"31,89,886.59","42,68,487.51"
2011-12,NT,Primary health care,Other health practitioners,Non-government,Individuals,"2,54,78,626.87","3,40,93,751.49"
2011-12,NT,Primary health care,Other health practitioners,Non-government,Other source of funds,"71,80,629.03","96,08,625.41"
2011-12,NT,Primary health care,Other health practitioners,State and local government,State and local government,"63,09,481.11","80,51,142.48"
2011-12,NT,Primary health care,Public health,Canadian Government,DoHAC and other,"3,56,23,663.91","4,54,57,176.09"
2011-12,NT,Primary health care,Public health,Non-government,Individuals,-213.84,-272.87
2011-12,NT,Primary health care,Public health,Non-government,Other source of funds,"85,011.04","1,08,477.39"
2011-12,NT,Primary health care,Public health,State and local government,State and local government,"8,03,13,302.62","10,27,43,679.95"
2011-12,NT,Primary health care,Unreferred medical services,Canadian Government,Department of Veterans' Affairs,"4,77,483.86","5,17,428.44"
2011-12,NT,Primary health care,Unreferred medical services,Canadian Government,DoHAC and other,"8,77,13,830.04","10,48,22,817.57"
2011-12,NT,Primary health care,Unreferred medical services,Non-government,Individuals,"72,18,939.60","78,22,849.95"
2011-12,NT,Primary health care,Unreferred medical services,Non-government,Other source of funds,"1,36,85,556.60","1,48,30,440.72"
2011-12,NT,Referred medical services,Referred medical services,Canadian Government,Department of Veterans' Affairs,"25,81,415.09","27,97,366.93"
2011-12,NT,Referred medical services,Referred medical services,Canadian Government,DoHAC and other,"5,10,40,912.24","5,53,10,810.18"
2011-12,NT,Referred medical services,Referred medical services,Canadian Government,Premium rebates,"22,85,656.64","24,76,866.39"
2011-12,NT,Referred medical services,Referred medical services,Non-government,Health insurance funds,"44,46,236.84","48,18,192.92"
2011-12,NT,Referred medical services,Referred medical services,Non-government,Individuals,"1,17,79,234.92","1,27,64,643.08"
2011-12,NT,Research,Research,Canadian Government,DoHAC and other,"7,97,03,406.71","10,33,55,691.49"
2011-12,NT,Research,Research,Non-government,Individuals,-14.8,-18.88
2011-12,NT,Research,Research,Non-government,Other source of funds,"17,31,218.33","22,44,240.56"
2011-12,NT,Research,Research,State and local government,State and local government,"2,94,20,746.08","3,79,57,115.10"
2011-12,Qld,Capital expenditure,Capital expenditure,Canadian Government,DoHAC and other,"3,72,22,073.98","4,08,21,518.77"
2011-12,Qld,Capital expenditure,Capital expenditure,Non-government,Other source of funds,"54,26,11,032.10","70,19,14,467.05"
2011-12,Qld,Capital expenditure,Capital expenditure,State and local government,State and local government,"1,85,30,00,000.00","2,19,78,85,564.25"
2011-12,Qld,Hospitals,Private hospitals,Canadian Government,Department of Veterans' Affairs,"31,02,35,118.10","39,40,17,334.04"
2011-12,Qld,Hospitals,Private hospitals,Canadian Government,DoHAC and other,"6,22,32,336.64","7,90,18,004.26"
2011-12,Qld,Hospitals,Private hospitals,Canadian Government,Premium rebates,"60,03,90,974.06","76,25,32,792.64"
2011-12,Qld,Hospitals,Private hospitals,Non-government,Health insurance funds,"1,16,79,79,285.78","1,48,34,04,223.27"
2011-12,Qld,Hospitals,Private hospitals,Non-government,Individuals,"29,07,39,302.63","36,92,77,222.11"
2011-12,Qld,Hospitals,Private hospitals,Non-government,Other source of funds,"15,85,14,619.49","20,13,23,138.92"
2011-12,Qld,Hospitals,Private hospitals,State and local government,State and local government,"2,75,02,999.99","3,49,30,470.80"
2011-12,Qld,Hospitals,Public hospital services,Canadian Government,Department of Veterans' Affairs,"11,01,91,291.70","13,99,49,594.54"
2011-12,Qld,Hospitals,Public hospital services,Canadian Government,DoHAC and other,"2,96,74,33,233.82","3,76,86,09,292.29"
2011-12,Qld,Hospitals,Public hospital services,Canadian Government,Premium rebates,"3,43,50,678.81","4,36,27,436.41"
2011-12,Qld,Hospitals,Public hospital services,Non-government,Health insurance funds,"6,68,24,591.04","8,48,71,265.93"
2011-12,Qld,Hospitals,Public hospital services,Non-government,Individuals,"44,02,53,118.97","55,91,48,046.49"
2011-12,Qld,Hospitals,Public hospital services,Non-government,Other source of funds,"25,61,09,600.38","32,52,74,658.08"
2011-12,Qld,Hospitals,Public hospital services,State and local government,State and local government,"4,20,69,08,342.89","5,34,12,55,570.51"
2011-12,Qld,Medical expenses tax rebate,Medical expenses tax rebate,Canadian Government,DoHAC and other,"9,92,99,084.00","12,89,96,621.70"
2011-12,Qld,Medical expenses tax rebate,Medical expenses tax rebate,Non-government,Individuals,"-9,92,99,084.00","-12,89,96,621.70"
2011-12,Qld,Other services,Administration,Canadian Government,DoHAC and other,"32,17,20,300.39","41,44,79,442.74"
2011-12,Qld,Other services,Administration,Canadian Government,Premium rebates,"11,00,15,454.94","14,29,17,955.03"
2011-12,Qld,Other services,Administration,Non-government,Health insurance funds,"21,40,10,609.26","27,80,15,108.40"
2011-12,Qld,Other services,Administration,State and local government,State and local government,"18,60,70,939.54","23,63,35,184.19"
2011-12,Qld,Other services,Aids and appliances,Canadian Government,Department of Veterans' Affairs,"4,08,795.02","4,68,331.06"
2011-12,Qld,Other services,Aids and appliances,Canadian Government,DoHAC and other,"8,37,80,164.82","10,63,92,903.99"
2011-12,Qld,Other services,Aids and appliances,Canadian Government,Premium rebates,"4,77,10,869.72","5,46,59,379.18"
2011-12,Qld,Other services,Aids and appliances,Non-government,Health insurance funds,"9,28,10,890.18","10,63,27,670.55"
2011-12,Qld,Other services,Aids and appliances,Non-government,Individuals,"48,61,95,519.09","55,70,03,998.98"
2011-12,Qld,Other services,Aids and appliances,Non-government,Other source of funds,"1,15,18,723.31","1,31,96,285.64"
2011-12,Qld,Other services,Patient transport services,Canadian Government,Department of Veterans' Affairs,"2,28,47,000.00","2,90,17,069.65"
2011-12,Qld,Other services,Patient transport services,Canadian Government,DoHAC and other,"1,49,70,254.01","1,90,13,126.60"
2011-12,Qld,Other services,Patient transport services,Canadian Government,Premium rebates,"69,546.78","88,328.61"
2011-12,Qld,Other services,Patient transport services,Non-government,Health insurance funds,"1,35,287.80","1,71,823.68"
2011-12,Qld,Other services,Patient transport services,Non-government,Individuals,0,0
2011-12,Qld,Other services,Patient transport services,Non-government,Other source of funds,"51,08,950.68","64,88,675.87"
2011-12,Qld,Other services,Patient transport services,State and local government,State and local government,"66,74,90,787.27","84,71,74,398.22"
2011-12,Qld,Primary health care,All other medications,Canadian Government,DoHAC and other,"10,58,69,753.49","13,29,59,021.29"
2011-12,Qld,Primary health care,All other medications,Canadian Government,Premium rebates,"47,73,277.12","52,04,787.14"
2011-12,Qld,Primary health care,All other medications,Non-government,Health insurance funds,"92,85,349.46","1,01,24,756.27"
2011-12,Qld,Primary health care,All other medications,Non-government,Individuals,"1,49,90,40,392.07","1,63,45,55,454.65"
2011-12,Qld,Primary health care,All other medications,Non-government,Other source of funds,"60,04,815.05","65,47,657.58"
2011-12,Qld,Primary health care,Benefit-paid pharmaceuticals,Canadian Government,Department of Veterans' Affairs,"10,85,29,744.20","12,60,16,339.00"
2011-12,Qld,Primary health care,Benefit-paid pharmaceuticals,Canadian Government,DoHAC and other,"1,55,59,87,246.63","1,80,74,14,145.19"
2011-12,Qld,Primary health care,Benefit-paid pharmaceuticals,Non-government,Individuals,"30,79,86,060.68","35,76,09,576.22"
2011-12,Qld,Primary health care,Community health and other,Canadian Government,Department of Veterans' Affairs,-858.31,"-1,115.01"
2011-12,Qld,Primary health care,Community health and other,Canadian Government,DoHAC and other,"22,71,35,093.34","28,83,02,129.56"
2011-12,Qld,Primary health care,Community health and other,Canadian Government,Premium rebates,"67,729.14","87,985.01"
2011-12,Qld,Primary health care,Community health and other,Non-government,Health insurance funds,"1,31,751.99","1,71,155.27"
2011-12,Qld,Primary health care,Community health and other,Non-government,Individuals,"1,48,92,000.00","1,89,13,739.28"
2011-12,Qld,Primary health care,Community health and other,Non-government,Other source of funds,"70,49,499.62","89,82,315.94"
2011-12,Qld,Primary health care,Community health and other,State and local government,State and local government,"1,82,17,30,387.26","2,31,39,16,539.57"
2011-12,Qld,Primary health care,Dental services,Canadian Government,Department of Veterans' Affairs,"2,89,73,673.17","3,24,39,173.58"
2011-12,Qld,Primary health care,Dental services,Canadian Government,DoHAC and other,"17,45,42,680.52","19,69,51,714.64"
2011-12,Qld,Primary health care,Dental services,Canadian Government,Premium rebates,"12,39,95,517.07","13,88,26,446.93"
2011-12,Qld,Primary health care,Dental services,Non-government,Health insurance funds,"24,12,05,712.33","27,00,55,989.24"
2011-12,Qld,Primary health care,Dental services,Non-government,Individuals,"53,92,05,082.90","60,36,98,646.50"
2011-12,Qld,Primary health care,Dental services,Non-government,Other source of funds,"41,36,194.12","51,14,740.94"
2011-12,Qld,Primary health care,Dental services,State and local government,State and local government,"18,83,07,424.83","23,91,61,800.78"
2011-12,Qld,Primary health care,Other health practitioners,Canadian Government,Department of Veterans' Affairs,"6,48,28,783.83","8,67,49,433.41"
2011-12,Qld,Primary health care,Other health practitioners,Canadian Government,DoHAC and other,"20,23,77,598.24","26,86,64,252.97"
2011-12,Qld,Primary health care,Other health practitioners,Canadian Government,Premium rebates,"5,51,72,641.60","7,38,28,245.97"
2011-12,Qld,Primary health care,Other health practitioners,Non-government,Health insurance funds,"10,73,26,108.50","14,36,16,439.36"
2011-12,Qld,Primary health care,Other health practitioners,Non-government,Individuals,"49,28,74,804.80","65,95,31,268.85"
2011-12,Qld,Primary health care,Other health practitioners,Non-government,Other source of funds,"5,54,69,300.33","7,42,25,214.34"
2011-12,Qld,Primary health care,Public health,Canadian Government,DoHAC and other,"32,70,84,989.19","41,54,17,687.83"
2011-12,Qld,Primary health care,Public health,Non-government,Individuals,"1,57,99,000.00","2,00,65,684.05"
2011-12,Qld,Primary health care,Public health,Non-government,Other source of funds,0,0
2011-12,Qld,Primary health care,Public health,State and local government,State and local government,"8,44,56,417.52","10,72,64,750.29"
2011-12,Qld,Primary health care,Unreferred medical services,Canadian Government,Department of Veterans' Affairs,"4,45,51,474.49","5,11,90,496.99"
2011-12,Qld,Primary health care,Unreferred medical services,Canadian Government,DoHAC and other,"1,36,42,19,389.17","1,59,84,93,752.31"
2011-12,Qld,Primary health care,Unreferred medical services,Non-government,Individuals,"13,58,24,145.00","15,60,64,542.53"
2011-12,Qld,Primary health care,Unreferred medical services,Non-government,Other source of funds,"15,14,13,841.75","17,39,77,402.51"
2011-12,Qld,Referred medical services,Referred medical services,Canadian Government,Department of Veterans' Affairs,"25,30,64,835.62","29,07,76,340.26"
2011-12,Qld,Referred medical services,Referred medical services,Canadian Government,DoHAC and other,"2,01,90,71,511.00","2,31,99,51,814.89"
2011-12,Qld,Referred medical services,Referred medical services,Canadian Government,Premium rebates,"11,75,32,152.35","13,50,46,692.83"
2011-12,Qld,Referred medical services,Referred medical services,Non-government,Health insurance funds,"22,86,32,672.95","26,27,03,317.67"
2011-12,Qld,Referred medical services,Referred medical services,Non-government,Individuals,"45,70,19,604.70","52,51,24,274.00"
2011-12,Qld,Research,Research,Canadian Government,DoHAC and other,"70,34,96,457.50","91,32,61,372.63"
2011-12,Qld,Research,Research,Non-government,Other source of funds,"5,33,05,051.38","6,92,47,079.34"
2011-12,Qld,Research,Research,State and local government,State and local government,"15,45,95,507.90","19,67,76,607.11"
2011-12,SA,Capital expenditure,Capital expenditure,Canadian Government,DoHAC and other,"1,96,51,405.51","2,09,54,196.66"
2011-12,SA,Capital expenditure,Capital expenditure,Non-government,Other source of funds,"7,87,57,399.11","9,19,41,779.90"
2011-12,SA,Capital expenditure,Capital expenditure,State and local government,State and local government,"31,10,00,000.00","38,10,23,356.05"
2011-12,SA,Hospitals,Private hospitals,Canadian Government,Department of Veterans' Affairs,"4,65,55,177.25","5,96,96,227.42"
2011-12,SA,Hospitals,Private hospitals,Canadian Government,DoHAC and other,"1,10,69,764.44","1,41,80,713.11"
2011-12,SA,Hospitals,Private hospitals,Canadian Government,Premium rebates,"19,07,66,134.91","24,46,13,365.19"
2011-12,SA,Hospitals,Private hospitals,Non-government,Health insurance funds,"37,11,09,666.24","47,58,62,156.35"
2011-12,SA,Hospitals,Private hospitals,Non-government,Individuals,"8,47,38,972.95","10,86,58,097.76"
2011-12,SA,Hospitals,Private hospitals,Non-government,Other source of funds,"2,50,29,520.68","3,20,94,560.63"
2011-12,SA,Hospitals,Private hospitals,State and local government,State and local government,"41,41,162.51","53,10,081.36"
2011-12,SA,Hospitals,Public hospital services,Canadian Government,Department of Veterans' Affairs,"6,74,99,966.46","8,65,53,066.42"
2011-12,SA,Hospitals,Public hospital services,Canadian Government,DoHAC and other,"1,19,58,03,498.05","1,53,32,02,709.72"
2011-12,SA,Hospitals,Public hospital services,Canadian Government,Premium rebates,"1,69,12,006.10","2,16,85,729.11"
2011-12,SA,Hospitals,Public hospital services,Non-government,Health insurance funds,"3,29,00,016.26","4,21,86,647.52"
2011-12,SA,Hospitals,Public hospital services,Non-government,Individuals,"3,70,31,267.55","4,74,84,020.04"
2011-12,SA,Hospitals,Public hospital services,Non-government,Other source of funds,"9,66,92,253.68","12,39,85,410.58"
2011-12,SA,Hospitals,Public hospital services,State and local government,State and local government,"2,06,44,98,122.71","2,64,73,13,591.18"
2011-12,SA,Medical expenses tax rebate,Medical expenses tax rebate,Canadian Government,DoHAC and other,"4,50,19,719.03","5,95,05,206.96"
2011-12,SA,Medical expenses tax rebate,Medical expenses tax rebate,Non-government,Individuals,"-4,50,19,719.03","-5,95,05,206.96"
2011-12,SA,Other services,Administration,Canadian Government,DoHAC and other,"10,84,58,379.69","14,20,67,691.51"
2011-12,SA,Other services,Administration,Canadian Government,Premium rebates,"4,13,80,467.40","5,46,94,994.32"
2011-12,SA,Other services,Administration,Non-government,Health insurance funds,"8,04,96,499.80","10,63,96,951.89"
2011-12,SA,Other services,Administration,Non-government,Individuals,0,0
2011-12,SA,Other services,Administration,Non-government,Other source of funds,0,0
2011-12,SA,Other services,Administration,State and local government,State and local government,0,0
2011-12,SA,Other services,Aids and appliances,Canadian Government,Department of Veterans' Affairs,"1,643.23","1,882.55"
2011-12,SA,Other services,Aids and appliances,Canadian Government,DoHAC and other,"3,30,61,421.09","4,23,85,084.66"
2011-12,SA,Other services,Aids and appliances,Canadian Government,Premium rebates,"2,05,21,293.67","2,35,09,971.17"
2011-12,SA,Other services,Aids and appliances,Non-government,Health insurance funds,"3,99,19,614.60","4,57,33,422.25"
2011-12,SA,Other services,Aids and appliances,Non-government,Individuals,"15,17,48,491.98","17,38,48,819.16"
2011-12,SA,Other services,Aids and appliances,Non-government,Other source of funds,"1,50,27,548.45","1,72,16,128.60"
2011-12,SA,Other services,Patient transport services,Canadian Government,Department of Veterans' Affairs,"71,00,000.00","91,04,104.84"
2011-12,SA,Other services,Patient transport services,Canadian Government,DoHAC and other,"65,91,183.33","84,51,665.37"
2011-12,SA,Other services,Patient transport services,Canadian Government,Premium rebates,"65,42,170.57","83,88,817.85"
2011-12,SA,Other services,Patient transport services,Non-government,Health insurance funds,"1,27,26,338.40","1,63,18,580.16"
2011-12,SA,Other services,Patient transport services,Non-government,Individuals,"7,49,38,446.58","9,60,91,193.59"
2011-12,SA,Other services,Patient transport services,Non-government,Other source of funds,"78,18,187.32","1,00,25,013.67"
2011-12,SA,Other services,Patient transport services,State and local government,State and local government,"18,70,61,043.15","23,99,19,928.58"
2011-12,SA,Primary health care,All other medications,Canadian Government,DoHAC and other,"4,23,03,099.59","5,32,56,039.35"
2011-12,SA,Primary health care,All other medications,Canadian Government,Premium rebates,"20,86,001.24","22,61,967.51"
2011-12,SA,Primary health care,All other medications,Non-government,Health insurance funds,"40,57,851.67","44,00,154.92"
2011-12,SA,Primary health care,All other medications,Non-government,Individuals,"58,78,40,516.38","63,74,28,263.23"
2011-12,SA,Primary health care,All other medications,Non-government,Other source of funds,"58,67,469.35","63,62,424.32"
2011-12,SA,Primary health care,Benefit-paid pharmaceuticals,Canadian Government,Department of Veterans' Affairs,"3,61,98,145.13","4,20,30,484.47"
2011-12,SA,Primary health care,Benefit-paid pharmaceuticals,Canadian Government,DoHAC and other,"65,20,42,649.65","75,74,00,696.18"
2011-12,SA,Primary health care,Benefit-paid pharmaceuticals,Non-government,Individuals,"12,28,11,570.96","14,25,99,290.86"
2011-12,SA,Primary health care,Community health and other,Canadian Government,Department of Veterans' Affairs,"1,434.00","1,895.40"
2011-12,SA,Primary health care,Community health and other,Canadian Government,DoHAC and other,"9,38,86,872.20","12,02,74,269.64"
2011-12,SA,Primary health care,Community health and other,Canadian Government,Premium rebates,"94,858.53","1,25,380.09"
2011-12,SA,Primary health care,Community health and other,Non-government,Health insurance funds,"1,84,526.18","2,43,899.09"
2011-12,SA,Primary health care,Community health and other,Non-government,Individuals,"5,66,10,978.90","7,25,90,462.99"
2011-12,SA,Primary health care,Community health and other,Non-government,Other source of funds,"1,37,28,326.45","1,77,83,311.76"
2011-12,SA,Primary health care,Community health and other,State and local government,State and local government,"64,02,30,810.29","82,09,53,059.91"
2011-12,SA,Primary health care,Dental services,Canadian Government,Department of Veterans' Affairs,"84,97,629.55","95,14,019.10"
2011-12,SA,Primary health care,Dental services,Canadian Government,DoHAC and other,"7,30,00,514.61","8,25,38,639.29"
2011-12,SA,Primary health care,Dental services,Canadian Government,Premium rebates,"5,44,58,152.14","6,09,71,815.33"
2011-12,SA,Primary health care,Dental services,Non-government,Health insurance funds,"10,59,36,228.06","11,86,07,111.70"
2011-12,SA,Primary health care,Dental services,Non-government,Individuals,"14,03,04,382.75","15,80,99,923.94"
2011-12,SA,Primary health care,Dental services,Non-government,Other source of funds,"22,48,767.87","26,90,692.72"
2011-12,SA,Primary health care,Dental services,State and local government,State and local government,"6,64,61,037.54","8,52,27,763.63"
2011-12,SA,Primary health care,Other health practitioners,Canadian Government,Department of Veterans' Affairs,"1,45,93,416.17","1,95,27,908.89"
2011-12,SA,Primary health care,Other health practitioners,Canadian Government,DoHAC and other,"7,80,02,569.78","10,35,80,865.92"
2011-12,SA,Primary health care,Other health practitioners,Canadian Government,Premium rebates,"2,94,32,604.21","3,93,84,692.84"
2011-12,SA,Primary health care,Other health practitioners,Non-government,Health insurance funds,"5,72,54,588.13","7,66,14,164.06"
2011-12,SA,Primary health care,Other health practitioners,Non-government,Individuals,"5,05,97,811.07","6,77,06,521.44"
2011-12,SA,Primary health care,Other health practitioners,Non-government,Other source of funds,"3,63,76,606.36","4,86,76,680.40"
2011-12,SA,Primary health care,Public health,Canadian Government,DoHAC and other,"11,71,06,158.20","15,01,61,512.98"
2011-12,SA,Primary health care,Public health,Non-government,Individuals,"38,80,710.33","49,76,111.79"
2011-12,SA,Primary health care,Public health,Non-government,Other source of funds,"18,37,263.89","23,55,865.23"
2011-12,SA,Primary health care,Public health,State and local government,State and local government,"7,28,16,492.35","9,33,70,278.98"
2011-12,SA,Primary health care,Unreferred medical services,Canadian Government,Department of Veterans' Affairs,"82,94,707.27","96,48,446.43"
2011-12,SA,Primary health care,Unreferred medical services,Canadian Government,DoHAC and other,"57,38,50,115.27","68,50,78,343.82"
2011-12,SA,Primary health care,Unreferred medical services,Non-government,Individuals,"4,37,28,778.00","5,08,65,540.92"
2011-12,SA,Primary health care,Unreferred medical services,Non-government,Other source of funds,"12,04,55,623.32","14,01,14,604.55"
2011-12,SA,Referred medical services,Referred medical services,Canadian Government,Department of Veterans' Affairs,"4,60,60,905.57","5,35,78,283.78"
2011-12,SA,Referred medical services,Referred medical services,Canadian Government,DoHAC and other,"72,70,93,053.00","84,57,58,402.84"
2011-12,SA,Referred medical services,Referred medical services,Canadian Government,Premium rebates,"5,12,43,583.23","5,96,06,801.26"
2011-12,SA,Referred medical services,Referred medical services,Non-government,Health insurance funds,"9,96,82,998.87","11,59,51,780.27"
2011-12,SA,Referred medical services,Referred medical services,Non-government,Individuals,"10,18,11,241.90","11,84,27,363.58"
2011-12,SA,Research,Research,Canadian Government,DoHAC and other,"31,00,88,534.14","40,85,99,665.13"
2011-12,SA,Research,Research,Non-government,Individuals,"46,05,105.24","59,04,980.41"
2011-12,SA,Research,Research,Non-government,Other source of funds,"1,98,12,367.36","2,61,63,104.64"
2011-12,SA,Research,Research,State and local government,State and local government,"48,46,801.16","65,03,293.34"
2011-12,Tas,Capital expenditure,Capital expenditure,Canadian Government,DoHAC and other,"90,16,527.23","1,00,25,200.83"
2011-12,Tas,Capital expenditure,Capital expenditure,Non-government,Other source of funds,"11,39,48,817.10","14,42,76,796.12"
2011-12,Tas,Capital expenditure,Capital expenditure,State and local government,State and local government,"10,30,00,000.00","11,79,10,503.99"
2011-12,Tas,Hospitals,Private hospitals,Canadian Government,Department of Veterans' Affairs,"1,77,03,521.15","2,26,09,377.92"
2011-12,Tas,Hospitals,Private hospitals,Canadian Government,DoHAC and other,"36,50,152.89","46,56,846.24"
2011-12,Tas,Hospitals,Private hospitals,Canadian Government,Premium rebates,"6,33,39,958.33","8,08,92,215.90"
2011-12,Tas,Hospitals,Private hospitals,Non-government,Health insurance funds,"12,32,19,306.22","15,73,64,844.96"
2011-12,Tas,Hospitals,Private hospitals,Non-government,Individuals,"4,70,29,603.54","6,00,66,462.80"
2011-12,Tas,Hospitals,Private hospitals,Non-government,Other source of funds,"1,86,04,711.78","2,37,60,299.21"
2011-12,Tas,Hospitals,Private hospitals,State and local government,State and local government,0,0
2011-12,Tas,Hospitals,Public hospital services,Canadian Government,Department of Veterans' Affairs,"1,57,40,016.59","2,01,01,762.83"
2011-12,Tas,Hospitals,Public hospital services,Canadian Government,DoHAC and other,"34,31,10,872.74","43,81,42,473.07"
2011-12,Tas,Hospitals,Public hospital services,Canadian Government,Premium rebates,"73,92,722.70","94,41,334.29"
2011-12,Tas,Hospitals,Public hospital services,Non-government,Health insurance funds,"1,43,81,540.28","1,83,66,836.55"
2011-12,Tas,Hospitals,Public hospital services,Non-government,Individuals,"8,54,000.00","10,90,653.58"
2011-12,Tas,Hospitals,Public hospital services,Non-government,Other source of funds,"2,23,02,554.57","2,84,82,858.33"
2011-12,Tas,Hospitals,Public hospital services,State and local government,State and local government,"51,09,47,999.15","65,18,00,977.99"
2011-12,Tas,Medical expenses tax rebate,Medical expenses tax rebate,Canadian Government,DoHAC and other,"64,86,875.86","84,13,192.77"
2011-12,Tas,Medical expenses tax rebate,Medical expenses tax rebate,Non-government,Individuals,"-64,86,875.86","-84,13,192.77"
2011-12,Tas,Other services,Administration,Canadian Government,DoHAC and other,"3,49,85,262.03","4,51,69,848.49"
2011-12,Tas,Other services,Administration,Canadian Government,Premium rebates,"1,28,61,616.72","1,66,80,951.38"
2011-12,Tas,Other services,Administration,Non-government,Health insurance funds,"2,50,19,415.98","3,24,49,082.46"
2011-12,Tas,Other services,Aids and appliances,Canadian Government,Department of Veterans' Affairs,0,0
2011-12,Tas,Other services,Aids and appliances,Canadian Government,DoHAC and other,"1,02,09,382.08","1,30,35,530.11"
2011-12,Tas,Other services,Aids and appliances,Canadian Government,Premium rebates,"59,30,356.64","67,94,041.16"
2011-12,Tas,Other services,Aids and appliances,Non-government,Health insurance funds,"1,15,36,190.44","1,32,16,296.64"
2011-12,Tas,Other services,Aids and appliances,Non-government,Individuals,"5,24,75,235.85","6,01,17,617.43"
2011-12,Tas,Other services,Aids and appliances,Non-government,Other source of funds,"36,48,617.20","41,79,994.03"
2011-12,Tas,Other services,Patient transport services,Canadian Government,Department of Veterans' Affairs,"28,98,000.00","37,01,070.35"
2011-12,Tas,Other services,Patient transport services,Canadian Government,DoHAC and other,"22,89,048.31","29,23,370.88"
2011-12,Tas,Other services,Patient transport services,Canadian Government,Premium rebates,"40,073.37","51,178.18"
2011-12,Tas,Other services,Patient transport services,Non-government,Health insurance funds,"77,953.83","99,555.77"
2011-12,Tas,Other services,Patient transport services,Non-government,Individuals,"19,70,000.00","25,15,910.49"
2011-12,Tas,Other services,Patient transport services,Non-government,Other source of funds,"48,73,985.49","62,24,624.98"
2011-12,Tas,Other services,Patient transport services,State and local government,State and local government,"6,86,80,885.04","8,76,25,009.15"
2011-12,Tas,Primary health care,All other medications,Canadian Government,DoHAC and other,"1,37,86,874.46","1,72,60,586.29"
2011-12,Tas,Primary health care,All other medications,Canadian Government,Premium rebates,"7,39,274.09","8,03,207.39"
2011-12,Tas,Primary health care,All other medications,Non-government,Health insurance funds,"14,38,093.39","15,62,461.41"
2011-12,Tas,Primary health care,All other medications,Non-government,Individuals,"24,53,79,292.04","26,65,99,983.89"
2011-12,Tas,Primary health care,All other medications,Non-government,Other source of funds,"10,71,568.81","11,64,239.34"
2011-12,Tas,Primary health care,Benefit-paid pharmaceuticals,Canadian Government,Department of Veterans' Affairs,"1,38,34,766.83","1,60,63,860.46"
2011-12,Tas,Primary health care,Benefit-paid pharmaceuticals,Canadian Government,DoHAC and other,"22,09,82,023.61","25,66,70,982.53"
2011-12,Tas,Primary health care,Benefit-paid pharmaceuticals,Non-government,Individuals,"4,05,02,131.54","4,70,27,940.36"
2011-12,Tas,Primary health care,Community health and other,Canadian Government,Department of Veterans' Affairs,-581.55,-754.24
2011-12,Tas,Primary health care,Community health and other,Canadian Government,DoHAC and other,"2,21,01,497.66","2,81,86,105.47"
2011-12,Tas,Primary health care,Community health and other,Canadian Government,Premium rebates,"3,205.56","4,157.46"
2011-12,Tas,Primary health care,Community health and other,Non-government,Health insurance funds,"6,235.69","8,087.42"
2011-12,Tas,Primary health care,Community health and other,Non-government,Individuals,"3,10,000.00","3,95,904.70"
2011-12,Tas,Primary health care,Community health and other,Non-government,Other source of funds,"17,44,042.90","22,37,208.07"
2011-12,Tas,Primary health care,Community health and other,State and local government,State and local government,"11,71,07,598.48","14,95,03,976.51"
2011-12,Tas,Primary health care,Dental services,Canadian Government,Department of Veterans' Affairs,"19,36,644.63","21,68,283.98"
2011-12,Tas,Primary health care,Dental services,Canadian Government,DoHAC and other,"59,50,446.57","67,21,808.60"
2011-12,Tas,Primary health care,Dental services,Canadian Government,Premium rebates,"1,14,58,372.52","1,28,28,892.38"
2011-12,Tas,Primary health care,Dental services,Non-government,Health insurance funds,"2,22,89,716.35","2,49,55,758.06"
2011-12,Tas,Primary health care,Dental services,Non-government,Individuals,"7,67,32,643.03","8,62,75,304.53"
2011-12,Tas,Primary health care,Dental services,Non-government,Other source of funds,"11,38,448.87","13,99,359.78"
2011-12,Tas,Primary health care,Dental services,State and local government,State and local government,"2,47,79,420.93","3,16,32,538.50"
2011-12,Tas,Primary health care,Other health practitioners,Canadian Government,Department of Veterans' Affairs,"61,23,214.16","81,93,665.34"
2011-12,Tas,Primary health care,Other health practitioners,Canadian Government,DoHAC and other,"2,33,69,216.67","3,09,93,765.67"
2011-12,Tas,Primary health care,Other health practitioners,Canadian Government,Premium rebates,"51,83,950.74","69,36,807.43"
2011-12,Tas,Primary health care,Other health practitioners,Non-government,Health insurance funds,"1,00,84,223.69","1,34,94,016.70"
2011-12,Tas,Primary health care,Other health practitioners,Non-government,Individuals,"4,22,28,839.14","5,65,07,737.03"
2011-12,Tas,Primary health care,Other health practitioners,Non-government,Other source of funds,"1,05,81,070.97","1,41,58,863.65"
2011-12,Tas,Primary health care,Public health,Canadian Government,DoHAC and other,"4,34,80,821.99","5,55,29,876.13"
2011-12,Tas,Primary health care,Public health,Non-government,Other source of funds,0,0
2011-12,Tas,Primary health care,Public health,State and local government,State and local government,"1,57,01,774.82","2,00,45,190.29"
2011-12,Tas,Primary health care,Unreferred medical services,Canadian Government,Department of Veterans' Affairs,"35,13,604.24","40,98,693.91"
2011-12,Tas,Primary health care,Unreferred medical services,Canadian Government,DoHAC and other,"19,89,13,216.77","24,10,02,068.85"
2011-12,Tas,Primary health care,Unreferred medical services,Non-government,Individuals,"1,84,59,472.55","2,15,33,366.48"
2011-12,Tas,Primary health care,Unreferred medical services,Non-government,Other source of funds,"1,83,14,861.06","2,13,64,674.11"
2011-12,Tas,Referred medical services,Referred medical services,Canadian Government,Department of Veterans' Affairs,"1,58,92,701.64","1,85,39,173.74"
2011-12,Tas,Referred medical services,Referred medical services,Canadian Government,DoHAC and other,"21,09,41,376.67","24,60,67,592.50"
2011-12,Tas,Referred medical services,Referred medical services,Canadian Government,Premium rebates,"1,29,35,875.15","1,50,89,972.88"
2011-12,Tas,Referred medical services,Referred medical services,Non-government,Health insurance funds,"2,51,63,869.25","2,93,54,187.50"
2011-12,Tas,Referred medical services,Referred medical services,Non-government,Individuals,"3,70,09,269.06","4,31,72,097.77"
2011-12,Tas,Research,Research,Canadian Government,DoHAC and other,"4,81,20,563.79","6,23,62,427.87"
2011-12,Tas,Research,Research,Non-government,Other source of funds,"43,18,257.27","56,00,589.82"
2011-12,Tas,Research,Research,State and local government,State and local government,"9,39,374.30","12,18,327.17"
2011-12,Vic,Capital expenditure,Capital expenditure,Canadian Government,DoHAC and other,"4,41,57,864.14","4,66,11,832.80"
2011-12,Vic,Capital expenditure,Capital expenditure,Non-government,Other source of funds,"1,00,50,83,918.00","1,22,27,71,345.99"
2011-12,Vic,Capital expenditure,Capital expenditure,State and local government,State and local government,"62,60,00,000.00","73,51,92,480.41"
2011-12,Vic,Hospitals,Private hospitals,Canadian Government,Department of Veterans' Affairs,"19,78,05,954.40","25,32,22,710.19"
2011-12,Vic,Hospitals,Private hospitals,Canadian Government,DoHAC and other,"5,42,43,980.82","6,94,08,820.84"
2011-12,Vic,Hospitals,Private hospitals,Canadian Government,Premium rebates,"69,41,17,288.01","88,85,79,220.93"
2011-12,Vic,Hospitals,Private hospitals,Non-government,Health insurance funds,"1,35,03,11,129.45","1,72,86,10,469.94"
2011-12,Vic,Hospitals,Private hospitals,Non-government,Individuals,"31,91,27,398.13","40,85,33,225.87"
2011-12,Vic,Hospitals,Private hospitals,Non-government,Other source of funds,"23,83,06,258.83","30,51,01,465.13"
2011-12,Vic,Hospitals,Private hospitals,State and local government,State and local government,"8,23,78,486.00","10,54,57,409.25"
2011-12,Vic,Hospitals,Public hospital services,Canadian Government,Department of Veterans' Affairs,"16,33,98,568.10","20,91,75,848.02"
2011-12,Vic,Hospitals,Public hospital services,Canadian Government,DoHAC and other,"3,84,87,67,711.87","4,92,67,04,657.81"
2011-12,Vic,Hospitals,Public hospital services,Canadian Government,Premium rebates,"7,28,92,839.49","9,33,14,290.89"
2011-12,Vic,Hospitals,Public hospital services,Non-government,Health insurance funds,"14,18,03,142.10","18,15,30,308.65"
2011-12,Vic,Hospitals,Public hospital services,Non-government,Individuals,"38,81,56,702.96","49,69,01,585.18"
2011-12,Vic,Hospitals,Public hospital services,Non-government,Other source of funds,"49,93,92,434.29","63,93,00,803.86"
2011-12,Vic,Hospitals,Public hospital services,State and local government,State and local government,"5,06,84,49,502.51","6,49,27,46,979.13"
2011-12,Vic,Medical expenses tax rebate,Medical expenses tax rebate,Canadian Government,DoHAC and other,"14,09,39,312.30","18,57,41,212.94"
2011-12,Vic,Medical expenses tax rebate,Medical expenses tax rebate,Non-government,Individuals,"-14,09,39,312.30","-18,57,41,212.94"
2011-12,Vic,Other services,Administration,Canadian Government,DoHAC and other,"36,38,50,957.03","47,52,66,811.06"
2011-12,Vic,Other services,Administration,Canadian Government,Premium rebates,"13,12,69,620.94","17,29,97,712.40"
2011-12,Vic,Other services,Administration,Non-government,Health insurance funds,"25,53,55,864.16","33,65,28,589.26"
2011-12,Vic,Other services,Aids and appliances,Canadian Government,Department of Veterans' Affairs,"-1,970.02","-2,256.93"
2011-12,Vic,Other services,Aids and appliances,Canadian Government,DoHAC and other,"10,60,97,200.68","13,58,01,166.80"
2011-12,Vic,Other services,Aids and appliances,Canadian Government,Premium rebates,"4,80,33,014.24","5,50,28,440.13"
2011-12,Vic,Other services,Aids and appliances,Non-government,Health insurance funds,"9,34,37,550.67","10,70,45,596.54"
2011-12,Vic,Other services,Aids and appliances,Non-government,Individuals,"79,82,48,010.14","91,45,03,150.21"
2011-12,Vic,Other services,Aids and appliances,Non-government,Other source of funds,"1,81,07,439.06","2,07,44,567.92"
2011-12,Vic,Other services,Patient transport services,Canadian Government,Department of Veterans' Affairs,"3,27,08,000.00","4,18,71,380.62"
2011-12,Vic,Other services,Patient transport services,Canadian Government,DoHAC and other,"5,24,621.61","6,71,598.11"
2011-12,Vic,Other services,Patient transport services,Canadian Government,Premium rebates,"98,37,062.49","1,25,92,986.05"
2011-12,Vic,Other services,Patient transport services,Non-government,Health insurance funds,"1,91,35,818.14","2,44,96,854.73"
2011-12,Vic,Other services,Patient transport services,Non-government,Individuals,"19,61,75,000.00","25,11,34,832.22"
2011-12,Vic,Other services,Patient transport services,Non-government,Other source of funds,"2,95,51,665.27","3,78,30,776.09"
2011-12,Vic,Other services,Patient transport services,State and local government,State and local government,"40,45,19,282.70","51,80,43,297.70"
2011-12,Vic,Primary health care,All other medications,Canadian Government,DoHAC and other,"12,63,60,456.55","15,94,52,901.75"
2011-12,Vic,Primary health care,All other medications,Canadian Government,Premium rebates,"34,17,529.03","37,88,189.50"
2011-12,Vic,Primary health care,All other medications,Non-government,Health insurance funds,"66,48,042.96","73,69,080.49"
2011-12,Vic,Primary health care,All other medications,Non-government,Individuals,"1,95,61,13,718.16","2,16,82,71,102.03"
2011-12,Vic,Primary health care,All other medications,Non-government,Other source of funds,"2,80,29,763.15","3,10,69,832.43"
2011-12,Vic,Primary health care,Benefit-paid pharmaceuticals,Canadian Government,Department of Veterans' Affairs,"9,85,22,605.05","11,43,96,823.55"
2011-12,Vic,Primary health care,Benefit-paid pharmaceuticals,Canadian Government,DoHAC and other,"1,93,08,54,315.22","2,24,28,25,801.02"
2011-12,Vic,Primary health care,Benefit-paid pharmaceuticals,Non-government,Individuals,"38,41,99,533.66","44,61,02,762.29"
2011-12,Vic,Primary health care,Community health and other,Canadian Government,Department of Veterans' Affairs,"78,127.92","1,02,963.29"
2011-12,Vic,Primary health care,Community health and other,Canadian Government,DoHAC and other,"14,29,70,518.73","18,27,58,614.52"
2011-12,Vic,Primary health care,Community health and other,Canadian Government,Premium rebates,"62,615.59","82,519.88"
2011-12,Vic,Primary health care,Community health and other,Non-government,Health insurance funds,"1,21,804.70","1,60,524.08"
2011-12,Vic,Primary health care,Community health and other,Non-government,Individuals,"26,00,000.00","33,28,408.63"
2011-12,Vic,Primary health care,Community health and other,Non-government,Other source of funds,"1,47,70,497.71","1,89,09,981.53"
2011-12,Vic,Primary health care,Community health and other,State and local government,State and local government,"54,84,94,130.51","70,43,28,670.13"
2011-12,Vic,Primary health care,Dental services,Canadian Government,Department of Veterans' Affairs,"1,66,84,857.10","1,86,80,509.45"
2011-12,Vic,Primary health care,Dental services,Canadian Government,DoHAC and other,"21,89,23,165.07","24,72,85,080.43"
2011-12,Vic,Primary health care,Dental services,Canadian Government,Premium rebates,"12,20,99,973.90","13,67,04,180.51"
2011-12,Vic,Primary health care,Dental services,Non-government,Health insurance funds,"23,75,18,354.50","26,59,27,591.71"
2011-12,Vic,Primary health care,Dental services,Non-government,Individuals,"1,76,76,24,775.60","1,97,94,81,376.64"
2011-12,Vic,Primary health care,Dental services,Non-government,Other source of funds,"1,42,66,703.34","1,79,10,970.26"
2011-12,Vic,Primary health care,Dental services,State and local government,State and local government,"15,30,61,239.53","19,60,91,905.48"
2011-12,Vic,Primary health care,Other health practitioners,Canadian Government,Department of Veterans' Affairs,"4,35,28,147.74","5,82,46,382.71"
2011-12,Vic,Primary health care,Other health practitioners,Canadian Government,DoHAC and other,"29,09,11,642.14","38,68,87,335.79"
2011-12,Vic,Primary health care,Other health practitioners,Canadian Government,Premium rebates,"6,43,42,827.35","8,60,99,159.77"
2011-12,Vic,Primary health care,Other health practitioners,Non-government,Health insurance funds,"12,51,64,666.15","16,74,86,774.08"
2011-12,Vic,Primary health care,Other health practitioners,Non-government,Individuals,"79,00,40,425.08","1,05,71,77,926.16"
2011-12,Vic,Primary health care,Other health practitioners,Non-government,Other source of funds,"11,81,14,575.02","15,80,52,825.53"
2011-12,Vic,Primary health care,Public health,Canadian Government,DoHAC and other,"33,63,20,057.58","43,05,42,532.09"
2011-12,Vic,Primary health care,Public health,Non-government,Other source of funds,0,0
2011-12,Vic,Primary health care,Public health,State and local government,State and local government,"16,78,36,741.59","21,48,90,249.20"
2011-12,Vic,Primary health care,Unreferred medical services,Canadian Government,Department of Veterans' Affairs,"2,14,69,736.65","2,51,93,429.06"
2011-12,Vic,Primary health care,Unreferred medical services,Canadian Government,DoHAC and other,"1,75,46,25,934.90","2,09,58,28,387.33"
2011-12,Vic,Primary health care,Unreferred medical services,Non-government,Individuals,"16,55,66,478.00","19,42,82,183.70"
2011-12,Vic,Primary health care,Unreferred medical services,Non-government,Other source of funds,"17,28,25,901.27","20,28,00,675.01"
2011-12,Vic,Referred medical services,Referred medical services,Canadian Government,Department of Veterans' Affairs,"11,21,23,683.40","13,15,70,317.37"
2011-12,Vic,Referred medical services,Referred medical services,Canadian Government,DoHAC and other,"2,56,09,90,129.00","3,00,51,66,025.75"
2011-12,Vic,Referred medical services,Referred medical services,Canadian Government,Premium rebates,"15,83,46,924.89","18,58,10,477.59"
2011-12,Vic,Referred medical services,Referred medical services,Non-government,Health insurance funds,"30,80,28,739.21","36,14,52,975.37"
2011-12,Vic,Referred medical services,Referred medical services,Non-government,Individuals,"50,30,38,970.90","59,02,85,611.75"
2011-12,Vic,Research,Research,Canadian Government,DoHAC and other,"1,11,69,80,696.75","1,47,10,34,250.65"
2011-12,Vic,Research,Research,Non-government,Other source of funds,"6,41,05,540.31","8,44,83,460.42"
2011-12,Vic,Research,Research,State and local government,State and local government,"3,72,44,913.37","4,87,95,475.49"
2011-12,WA,Capital expenditure,Capital expenditure,Canadian Government,DoHAC and other,"1,91,89,019.50","1,98,57,385.94"
2011-12,WA,Capital expenditure,Capital expenditure,Non-government,Other source of funds,"25,60,35,009.80","31,00,52,767.25"
2011-12,WA,Capital expenditure,Capital expenditure,State and local government,State and local government,"1,16,00,00,000.00","1,31,40,30,601.84"
2011-12,WA,Hospitals,Private hospitals,Canadian Government,Department of Veterans' Affairs,"8,55,20,132.09","10,62,61,088.43"
2011-12,WA,Hospitals,Private hospitals,Canadian Government,DoHAC and other,"3,38,33,597.08","4,20,26,303.84"
2011-12,WA,Hospitals,Private hospitals,Canadian Government,Premium rebates,"30,86,46,773.31","38,35,02,004.37"
2011-12,WA,Hospitals,Private hospitals,Non-government,Health insurance funds,"60,04,30,475.17","74,60,51,184.17"
2011-12,WA,Hospitals,Private hospitals,Non-government,Individuals,"8,07,18,129.78","10,02,94,470.05"
2011-12,WA,Hospitals,Private hospitals,Non-government,Other source of funds,"55,53,565.30","69,00,455.82"
2011-12,WA,Hospitals,Private hospitals,State and local government,State and local government,"37,43,27,000.02","46,51,11,471.15"
2011-12,WA,Hospitals,Public hospital services,Canadian Government,Department of Veterans' Affairs,"6,38,08,236.27","7,92,83,467.77"
2011-12,WA,Hospitals,Public hospital services,Canadian Government,DoHAC and other,"1,47,75,29,108.69","1,83,57,40,303.16"
2011-12,WA,Hospitals,Public hospital services,Canadian Government,Premium rebates,"1,89,42,584.17","2,35,36,675.66"
2011-12,WA,Hospitals,Public hospital services,Non-government,Health insurance funds,"3,68,50,230.75","4,57,87,413.24"
2011-12,WA,Hospitals,Public hospital services,Non-government,Individuals,0,0
2011-12,WA,Hospitals,Public hospital services,Non-government,Other source of funds,"5,88,24,929.12","7,30,91,573.20"
2011-12,WA,Hospitals,Public hospital services,State and local government,State and local government,"2,62,95,52,387.21","3,26,64,83,775.65"
2011-12,WA,Medical expenses tax rebate,Medical expenses tax rebate,Canadian Government,DoHAC and other,"2,46,86,848.15","3,14,04,765.56"
2011-12,WA,Medical expenses tax rebate,Medical expenses tax rebate,Non-government,Individuals,"-2,46,86,848.15","-3,14,04,765.56"
2011-12,WA,Other services,Administration,Canadian Government,DoHAC and other,"13,60,78,767.56","17,17,01,454.12"
2011-12,WA,Other services,Administration,Canadian Government,Premium rebates,"6,07,55,939.01","7,72,89,170.70"
2011-12,WA,Other services,Administration,Non-government,Health insurance funds,"11,81,87,172.29","15,03,48,898.95"
2011-12,WA,Other services,Administration,Non-government,Other source of funds,"2,98,902.14","3,71,394.03"
2011-12,WA,Other services,Administration,State and local government,State and local government,"10,47,19,688.10","13,00,91,204.39"
2011-12,WA,Other services,Aids and appliances,Canadian Government,Department of Veterans' Affairs,"4,94,425.18","5,66,432.21"
2011-12,WA,Other services,Aids and appliances,Canadian Government,DoHAC and other,"4,20,14,162.76","5,21,95,731.67"
2011-12,WA,Other services,Aids and appliances,Canadian Government,Premium rebates,"2,67,25,414.66","3,06,17,647.13"
2011-12,WA,Other services,Aids and appliances,Non-government,Health insurance funds,"5,19,88,352.71","5,95,59,825.68"
2011-12,WA,Other services,Aids and appliances,Non-government,Individuals,"49,76,64,925.20","57,01,43,784.98"
2011-12,WA,Other services,Aids and appliances,Non-government,Other source of funds,"86,38,379.73","98,96,454.95"
2011-12,WA,Other services,Patient transport services,Canadian Government,Department of Veterans' Affairs,"73,31,000.00","91,08,966.75"
2011-12,WA,Other services,Patient transport services,Canadian Government,DoHAC and other,"1,57,21,997.03","1,95,35,008.61"
2011-12,WA,Other services,Patient transport services,Canadian Government,Premium rebates,"94,38,156.03","1,17,27,165.39"
2011-12,WA,Other services,Patient transport services,Non-government,Health insurance funds,"1,83,59,834.31","2,28,12,593.12"
2011-12,WA,Other services,Patient transport services,Non-government,Individuals,0,0
2011-12,WA,Other services,Patient transport services,Non-government,Other source of funds,"1,02,95,497.31","1,27,92,435.22"
2011-12,WA,Other services,Patient transport services,State and local government,State and local government,"16,74,13,735.63","20,80,14,027.74"
2011-12,WA,Primary health care,All other medications,Canadian Government,DoHAC and other,"5,37,11,945.27","6,58,10,880.17"
2011-12,WA,Primary health care,All other medications,Canadian Government,Premium rebates,"28,20,875.16","29,87,101.87"
2011-12,WA,Primary health care,All other medications,Non-government,Health insurance funds,"54,87,385.50","58,10,742.61"
2011-12,WA,Primary health care,All other medications,Non-government,Individuals,"73,31,77,813.78","77,63,82,042.98"
2011-12,WA,Primary health care,All other medications,Non-government,Other source of funds,"2,43,90,095.26","2,58,27,339.06"
2011-12,WA,Primary health care,Benefit-paid pharmaceuticals,Canadian Government,Department of Veterans' Affairs,"3,72,09,588.07","4,32,04,893.73"
2011-12,WA,Primary health care,Benefit-paid pharmaceuticals,Canadian Government,DoHAC and other,"74,91,05,762.29","87,00,80,624.79"
2011-12,WA,Primary health care,Benefit-paid pharmaceuticals,Non-government,Individuals,"15,61,00,804.34","18,12,52,172.14"
2011-12,WA,Primary health care,Community health and other,Canadian Government,Department of Veterans' Affairs,"1,04,474.00","1,32,904.02"
2011-12,WA,Primary health care,Community health and other,Canadian Government,DoHAC and other,"15,54,99,401.67","19,31,05,285.19"
2011-12,WA,Primary health care,Community health and other,Canadian Government,Premium rebates,"18,145.61","23,083.49"
2011-12,WA,Primary health care,Community health and other,Non-government,Health insurance funds,"35,298.25","44,903.80"
2011-12,WA,Primary health care,Community health and other,Non-government,Individuals,"52,74,000.00","65,53,088.34"
2011-12,WA,Primary health care,Community health and other,Non-government,Other source of funds,"78,94,847.54","98,92,492.22"
2011-12,WA,Primary health care,Community health and other,State and local government,State and local government,"61,63,47,230.80","76,57,18,965.65"
2011-12,WA,Primary health care,Dental services,Canadian Government,Department of Veterans' Affairs,"96,41,206.81","1,07,94,378.03"
2011-12,WA,Primary health care,Dental services,Canadian Government,DoHAC and other,"1,35,80,515.53","1,53,11,223.57"
2011-12,WA,Primary health care,Dental services,Canadian Government,Premium rebates,"8,99,55,865.69","10,07,15,360.60"
2011-12,WA,Primary health care,Dental services,Non-government,Health insurance funds,"17,49,89,138.01","19,59,19,343.34"
2011-12,WA,Primary health care,Dental services,Non-government,Individuals,"73,94,56,154.10","82,89,77,619.61"
2011-12,WA,Primary health care,Dental services,Non-government,Other source of funds,"50,24,465.61","56,25,434.89"
2011-12,WA,Primary health care,Dental services,State and local government,State and local government,"7,32,84,490.20","9,10,46,503.85"
2011-12,WA,Primary health care,Other health practitioners,Canadian Government,Department of Veterans' Affairs,"1,87,39,121.37","2,50,75,407.33"
2011-12,WA,Primary health care,Other health practitioners,Canadian Government,DoHAC and other,"9,11,61,023.86","12,05,14,660.34"
2011-12,WA,Primary health care,Other health practitioners,Canadian Government,Premium rebates,"3,30,24,757.38","4,41,91,465.91"
2011-12,WA,Primary health care,Other health practitioners,Non-government,Health insurance funds,"6,42,42,323.52","8,59,64,672.43"
2011-12,WA,Primary health care,Other health practitioners,Non-government,Individuals,"8,57,50,940.64","11,47,46,029.08"
2011-12,WA,Primary health care,Other health practitioners,Non-government,Other source of funds,"3,31,17,533.22","4,43,15,612.19"
2011-12,WA,Primary health care,Public health,Canadian Government,DoHAC and other,"17,35,76,546.79","21,56,73,576.93"
2011-12,WA,Primary health care,Public health,Non-government,Individuals,0,0
2011-12,WA,Primary health care,Public health,Non-government,Other source of funds,0,0
2011-12,WA,Primary health care,Public health,State and local government,State and local government,"10,45,03,730.24","12,98,48,725.07"
2011-12,WA,Primary health care,Unreferred medical services,Canadian Government,Department of Veterans' Affairs,"1,02,60,145.05","1,09,34,237.54"
2011-12,WA,Primary health care,Unreferred medical services,Canadian Government,DoHAC and other,"58,52,95,966.18","64,80,72,417.09"
2011-12,WA,Primary health care,Unreferred medical services,Non-government,Individuals,"8,39,57,247.00","8,94,73,245.96"
2011-12,WA,Primary health care,Unreferred medical services,Non-government,Other source of funds,"10,29,45,436.31","10,97,08,961.08"
2011-12,WA,Referred medical services,Referred medical services,Canadian Government,Department of Veterans' Affairs,"6,12,11,406.62","6,52,33,001.74"
2011-12,WA,Referred medical services,Referred medical services,Canadian Government,DoHAC and other,"87,19,95,331.00","92,92,85,505.59"
2011-12,WA,Referred medical services,Referred medical services,Canadian Government,Premium rebates,"6,43,20,775.50","6,85,46,656.44"
2011-12,WA,Referred medical services,Referred medical services,Non-government,Health insurance funds,"12,51,21,769.21","13,33,42,281.11"
2011-12,WA,Referred medical services,Referred medical services,Non-government,Individuals,"22,91,32,602.30","24,41,86,635.64"
2011-12,WA,Research,Research,Canadian Government,DoHAC and other,"29,49,83,505.31","37,49,27,506.47"
2011-12,WA,Research,Research,Non-government,Individuals,0,0
2011-12,WA,Research,Research,Non-government,Other source of funds,"1,65,59,602.62","2,10,60,079.79"
2011-12,WA,Research,Research,State and local government,State and local government,"3,82,57,450.84","4,77,00,518.48"
2012-13,ACT,Capital expenditure,Capital expenditure,Canadian Government,DoHAC and other,"25,74,394.49","24,52,671.54"
2012-13,ACT,Capital expenditure,Capital expenditure,Non-government,Other source of funds,"2,47,07,651.10","2,82,01,858.48"
2012-13,ACT,Capital expenditure,Capital expenditure,State and local government,State and local government,"14,60,00,000.00","16,29,89,468.23"
2012-13,ACT,Hospitals,Private hospitals,Canadian Government,Department of Veterans' Affairs,"-1,15,03,725.07","-1,36,17,400.93"
2012-13,ACT,Hospitals,Private hospitals,Canadian Government,DoHAC and other,"17,38,691.42","20,58,155.78"
2012-13,ACT,Hospitals,Private hospitals,Canadian Government,Premium rebates,"3,20,07,871.16","3,78,88,945.72"
2012-13,ACT,Hospitals,Private hospitals,Non-government,Health insurance funds,"7,37,23,873.63","8,72,69,779.09"
2012-13,ACT,Hospitals,Private hospitals,Non-government,Individuals,"5,87,16,806.10","6,95,05,337.21"
2012-13,ACT,Hospitals,Private hospitals,Non-government,Other source of funds,"92,18,231.44","1,09,11,974.39"
2012-13,ACT,Hospitals,Private hospitals,State and local government,State and local government,"33,19,000.00","39,28,827.70"
2012-13,ACT,Hospitals,Public hospital services,Canadian Government,Department of Veterans' Affairs,"1,91,07,219.90","2,26,17,949.62"
2012-13,ACT,Hospitals,Public hospital services,Canadian Government,DoHAC and other,"28,25,50,546.73","33,44,65,927.83"
2012-13,ACT,Hospitals,Public hospital services,Canadian Government,Premium rebates,"37,46,060.71","44,34,355.85"
2012-13,ACT,Hospitals,Public hospital services,Non-government,Health insurance funds,"86,28,318.47","1,02,13,671.77"
2012-13,ACT,Hospitals,Public hospital services,Non-government,Individuals,"19,11,400.97","22,62,598.70"
2012-13,ACT,Hospitals,Public hospital services,Non-government,Other source of funds,"96,54,655.78","1,14,28,586.63"
2012-13,ACT,Hospitals,Public hospital services,State and local government,State and local government,"61,01,82,417.22","72,22,96,349.02"
2012-13,ACT,Medical expenses tax rebate,Medical expenses tax rebate,Canadian Government,DoHAC and other,"1,27,68,000.00","1,60,17,783.20"
2012-13,ACT,Medical expenses tax rebate,Medical expenses tax rebate,Non-government,Individuals,"-1,27,68,000.00","-1,60,17,783.20"
2012-13,ACT,Other services,Administration,Canadian Government,Department of Veterans' Affairs,"4,06,03,448.22","5,09,38,066.32"
2012-13,ACT,Other services,Administration,Canadian Government,DoHAC and other,"1,49,81,165.80","1,87,94,256.41"
2012-13,ACT,Other services,Administration,Canadian Government,Premium rebates,"63,72,986.20","79,95,074.51"
2012-13,ACT,Other services,Administration,Non-government,Health insurance funds,"1,46,79,043.25","1,84,15,235.93"
2012-13,ACT,Other services,Administration,State and local government,State and local government,"7,54,000.00","9,45,912.32"
2012-13,ACT,Other services,Aids and appliances,Canadian Government,Department of Veterans' Affairs,0,0
2012-13,ACT,Other services,Aids and appliances,Canadian Government,DoHAC and other,"65,57,570.01","75,20,120.67"
2012-13,ACT,Other services,Aids and appliances,Canadian Government,Premium rebates,"37,35,623.72","42,83,955.95"
2012-13,ACT,Other services,Aids and appliances,Non-government,Health insurance funds,"86,04,346.59","98,67,332.63"
2012-13,ACT,Other services,Aids and appliances,Non-government,Individuals,"2,27,02,551.33","2,60,34,937.49"
2012-13,ACT,Other services,Aids and appliances,Non-government,Other source of funds,"9,58,288.17","10,98,950.17"
2012-13,ACT,Other services,Patient transport services,Canadian Government,Department of Veterans' Affairs,"2,23,000.00","2,63,973.66"
2012-13,ACT,Other services,Patient transport services,Canadian Government,DoHAC and other,0,0
2012-13,ACT,Other services,Patient transport services,Canadian Government,Premium rebates,"60,94,127.54","72,13,852.69"
2012-13,ACT,Other services,Patient transport services,Non-government,Health insurance funds,"1,40,36,741.78","1,66,15,830.04"
2012-13,ACT,Other services,Patient transport services,Non-government,Individuals,"6,390.43","7,564.60"
2012-13,ACT,Other services,Patient transport services,Non-government,Other source of funds,"12,40,828.21","14,68,815.99"
2012-13,ACT,Other services,Patient transport services,State and local government,State and local government,"1,82,30,327.75","2,15,79,938.72"
2012-13,ACT,Primary health care,All other medications,Canadian Government,DoHAC and other,"55,85,513.28","59,73,554.43"
2012-13,ACT,Primary health care,All other medications,Canadian Government,Premium rebates,"4,39,950.98","4,70,515.59"
2012-13,ACT,Primary health care,All other medications,Non-government,Health insurance funds,"10,13,349.03","10,83,749.21"
2012-13,ACT,Primary health care,All other medications,Non-government,Individuals,"8,56,13,727.91","9,15,61,551.81"
2012-13,ACT,Primary health care,All other medications,Non-government,Other source of funds,"15,44,919.80","16,52,249.67"
2012-13,ACT,Primary health care,Benefit-paid pharmaceuticals,Canadian Government,Department of Veterans' Affairs,"77,13,479.57","95,62,913.88"
2012-13,ACT,Primary health care,Benefit-paid pharmaceuticals,Canadian Government,DoHAC and other,"9,72,10,547.20","12,05,18,383.68"
2012-13,ACT,Primary health care,Benefit-paid pharmaceuticals,Non-government,Individuals,"2,37,34,914.70","2,94,25,753.05"
2012-13,ACT,Primary health care,Community health and other,Canadian Government,Department of Veterans' Affairs,"4,76,522.00","5,97,809.06"
2012-13,ACT,Primary health care,Community health and other,Canadian Government,DoHAC and other,"1,47,33,662.70","1,84,83,757.43"
2012-13,ACT,Primary health care,Community health and other,Canadian Government,Premium rebates,"3,469.91","4,353.09"
2012-13,ACT,Primary health care,Community health and other,Non-government,Health insurance funds,"7,992.33","10,026.58"
2012-13,ACT,Primary health care,Community health and other,Non-government,Other source of funds,"2,61,101.46","3,27,558.48"
2012-13,ACT,Primary health care,Community health and other,State and local government,State and local government,"17,31,31,206.39","21,71,97,535.19"
2012-13,ACT,Primary health care,Dental services,Canadian Government,Department of Veterans' Affairs,"-21,63,369.89","-23,86,332.54"
2012-13,ACT,Primary health care,Dental services,Canadian Government,DoHAC and other,"56,03,305.25","61,80,796.78"
2012-13,ACT,Primary health care,Dental services,Canadian Government,Premium rebates,"1,05,87,224.08","1,16,78,371.53"
2012-13,ACT,Primary health care,Dental services,Non-government,Health insurance funds,"2,43,85,792.66","2,68,99,057.26"
2012-13,ACT,Primary health care,Dental services,Non-government,Individuals,"10,71,56,132.50","11,81,99,928.27"
2012-13,ACT,Primary health care,Dental services,Non-government,Other source of funds,"6,30,469.24","6,95,447.07"
2012-13,ACT,Primary health care,Dental services,State and local government,State and local government,"1,02,46,592.59","1,13,02,633.66"
2012-13,ACT,Primary health care,Other health practitioners,Canadian Government,Department of Veterans' Affairs,"1,20,87,693.15","1,56,58,201.51"
2012-13,ACT,Primary health care,Other health practitioners,Canadian Government,DoHAC and other,"1,55,73,768.47","2,01,74,006.89"
2012-13,ACT,Primary health care,Other health practitioners,Canadian Government,Premium rebates,"42,41,140.50","54,93,904.57"
2012-13,ACT,Primary health care,Other health practitioners,Non-government,Health insurance funds,"97,68,714.84","1,26,54,234.65"
2012-13,ACT,Primary health care,Other health practitioners,Non-government,Individuals,"5,18,48,643.35","6,71,63,891.02"
2012-13,ACT,Primary health care,Other health practitioners,Non-government,Other source of funds,"1,01,82,717.82","1,31,90,527.39"
2012-13,ACT,Primary health care,Other health practitioners,State and local government,State and local government,"17,30,715.72","22,41,941.05"
2012-13,ACT,Primary health care,Public health,Canadian Government,DoHAC and other,"1,64,26,880.86","1,94,45,129.42"
2012-13,ACT,Primary health care,Public health,State and local government,State and local government,"2,95,91,391.06","3,50,28,465.46"
2012-13,ACT,Primary health care,Unreferred medical services,Canadian Government,Department of Veterans' Affairs,"1,21,66,232.57","1,39,80,884.94"
2012-13,ACT,Primary health care,Unreferred medical services,Canadian Government,DoHAC and other,"10,59,36,563.95","12,17,37,514.30"
2012-13,ACT,Primary health care,Unreferred medical services,Non-government,Individuals,"2,48,47,407.00","2,85,53,517.80"
2012-13,ACT,Primary health care,Unreferred medical services,Non-government,Other source of funds,"1,05,53,494.96","1,21,27,599.72"
2012-13,ACT,Referred medical services,Referred medical services,Canadian Government,Department of Veterans' Affairs,"3,44,80,779.10","3,96,23,753.90"
2012-13,ACT,Referred medical services,Referred medical services,Canadian Government,DoHAC and other,"13,97,75,441.00","16,06,23,623.35"
2012-13,ACT,Referred medical services,Referred medical services,Canadian Government,Premium rebates,"55,70,768.95","64,01,676.06"
2012-13,ACT,Referred medical services,Referred medical services,Non-government,Health insurance funds,"1,28,31,278.11","1,47,45,125.23"
2012-13,ACT,Referred medical services,Referred medical services,Non-government,Individuals,"6,16,24,040.94","7,08,15,564.38"
2012-13,ACT,Research,Research,Canadian Government,Department of Veterans' Affairs,"10,65,000.00","13,36,069.79"
2012-13,ACT,Research,Research,Canadian Government,DoHAC and other,"9,33,89,357.29","11,71,59,341.98"
2012-13,ACT,Research,Research,Non-government,Individuals,"23,208.60","29,115.79"
2012-13,ACT,Research,Research,Non-government,Other source of funds,"44,84,731.73","56,26,210.88"
2012-13,ACT,Research,Research,State and local government,State and local government,"1,22,83,974.01","1,54,10,560.19"
2012-13,NSW,Capital expenditure,Capital expenditure,Canadian Government,DoHAC and other,"1,94,32,525.97","2,12,92,450.05"
2012-13,NSW,Capital expenditure,Capital expenditure,Non-government,Other source of funds,"1,46,82,93,227.10","1,87,16,14,738.00"
2012-13,NSW,Capital expenditure,Capital expenditure,State and local government,State and local government,"1,57,30,00,000.00","1,87,43,72,142.98"
2012-13,NSW,Hospitals,Private hospitals,Canadian Government,Department of Veterans' Affairs,"22,84,24,461.37","27,83,16,760.16"
2012-13,NSW,Hospitals,Private hospitals,Canadian Government,DoHAC and other,"8,72,08,585.54","10,62,56,619.11"
2012-13,NSW,Hospitals,Private hospitals,Canadian Government,Premium rebates,"77,49,85,529.18","94,42,57,284.71"
2012-13,NSW,Hospitals,Private hospitals,Non-government,Health insurance funds,"1,78,50,27,655.24","2,17,49,12,051.14"
2012-13,NSW,Hospitals,Private hospitals,Non-government,Individuals,"25,22,00,817.75","30,72,86,330.40"
2012-13,NSW,Hospitals,Private hospitals,Non-government,Other source of funds,"27,46,20,236.47","33,46,02,581.66"
2012-13,NSW,Hospitals,Public hospital services,Canadian Government,Department of Veterans' Affairs,"36,03,73,328.63","43,90,85,799.62"
2012-13,NSW,Hospitals,Public hospital services,Canadian Government,DoHAC and other,"4,73,78,33,026.76","5,77,26,66,947.73"
2012-13,NSW,Hospitals,Public hospital services,Canadian Government,Premium rebates,"14,89,75,454.37","18,15,14,560.89"
2012-13,NSW,Hospitals,Public hospital services,Non-government,Health insurance funds,"34,31,35,834.13","41,80,83,304.56"
2012-13,NSW,Hospitals,Public hospital services,Non-government,Individuals,"27,98,43,986.28","34,09,67,298.98"
2012-13,NSW,Hospitals,Public hospital services,Non-government,Other source of funds,"73,58,47,525.23","89,65,70,787.42"
2012-13,NSW,Hospitals,Public hospital services,State and local government,State and local government,"7,29,04,11,362.43","8,88,27,77,520.77"
2012-13,NSW,Medical expenses tax rebate,Medical expenses tax rebate,Canadian Government,DoHAC and other,"16,01,46,000.00","19,89,81,051.66"
2012-13,NSW,Medical expenses tax rebate,Medical expenses tax rebate,Non-government,Individuals,"-16,01,46,000.00","-19,89,81,051.66"
2012-13,NSW,Other services,Administration,Canadian Government,Department of Veterans' Affairs,0,0
2012-13,NSW,Other services,Administration,Canadian Government,DoHAC and other,"37,56,80,254.73","46,67,81,887.63"
2012-13,NSW,Other services,Administration,Canadian Government,Premium rebates,"14,70,86,354.95","18,27,54,471.51"
2012-13,NSW,Other services,Administration,Non-government,Health insurance funds,"33,87,87,327.77","42,09,42,507.28"
2012-13,NSW,Other services,Administration,State and local government,State and local government,0,0
2012-13,NSW,Other services,Aids and appliances,Canadian Government,Department of Veterans' Affairs,"11,75,000.00","13,47,471.97"
2012-13,NSW,Other services,Aids and appliances,Canadian Government,DoHAC and other,"14,44,94,913.21","16,57,04,549.18"
2012-13,NSW,Other services,Aids and appliances,Canadian Government,Premium rebates,"7,90,56,834.66","9,06,61,164.85"
2012-13,NSW,Other services,Aids and appliances,Non-government,Health insurance funds,"18,20,93,395.17","20,88,21,911.33"
2012-13,NSW,Other services,Aids and appliances,Non-government,Individuals,"49,08,74,495.53","56,29,27,338.95"
2012-13,NSW,Other services,Aids and appliances,Non-government,Other source of funds,"36,90,373.04","42,32,063.17"
2012-13,NSW,Other services,Patient transport services,Canadian Government,Department of Veterans' Affairs,"8,30,97,000.00","10,12,46,984.15"
2012-13,NSW,Other services,Patient transport services,Canadian Government,DoHAC and other,"42,94,730.62","52,32,782.45"
2012-13,NSW,Other services,Patient transport services,Canadian Government,Premium rebates,"5,22,45,368.61","6,36,56,762.66"
2012-13,NSW,Other services,Patient transport services,Non-government,Health insurance funds,"12,03,37,939.06","14,66,22,061.06"
2012-13,NSW,Other services,Patient transport services,Non-government,Individuals,"8,80,25,626.70","10,72,52,117.77"
2012-13,NSW,Other services,Patient transport services,Non-government,Other source of funds,"3,75,68,042.42","4,57,73,625.94"
2012-13,NSW,Other services,Patient transport services,State and local government,State and local government,"51,25,25,196.60","62,44,70,563.98"
2012-13,NSW,Primary health care,All other medications,Canadian Government,DoHAC and other,"16,73,57,890.84","17,90,68,241.75"
2012-13,NSW,Primary health care,All other medications,Canadian Government,Premium rebates,"85,37,255.40","91,34,623.45"
2012-13,NSW,Primary health care,All other medications,Non-government,Health insurance funds,"1,96,64,053.45","2,10,39,984.78"
2012-13,NSW,Primary health care,All other medications,Non-government,Individuals,"2,93,01,96,807.37","3,13,52,28,268.25"
2012-13,NSW,Primary health care,All other medications,Non-government,Other source of funds,"1,05,68,765.54","1,13,08,282.23"
2012-13,NSW,Primary health care,Benefit-paid pharmaceuticals,Canadian Government,Department of Veterans' Affairs,"15,05,85,429.10","18,66,90,776.30"
2012-13,NSW,Primary health care,Benefit-paid pharmaceuticals,Canadian Government,DoHAC and other,"2,70,18,06,318.09","3,34,96,09,068.74"
2012-13,NSW,Primary health care,Benefit-paid pharmaceuticals,Non-government,Individuals,"51,06,63,587.33","63,31,03,628.40"
2012-13,NSW,Primary health care,Community health and other,Canadian Government,Department of Veterans' Affairs,"78,033.77","96,956.79"
2012-13,NSW,Primary health care,Community health and other,Canadian Government,DoHAC and other,"30,43,34,989.22","37,81,35,552.64"
2012-13,NSW,Primary health care,Community health and other,Canadian Government,Premium rebates,"1,50,301.51","1,86,749.30"
2012-13,NSW,Primary health care,Community health and other,Non-government,Health insurance funds,"3,46,192.87","4,30,143.88"
2012-13,NSW,Primary health care,Community health and other,Non-government,Individuals,"5,36,79,685.90","6,66,96,891.29"
2012-13,NSW,Primary health care,Community health and other,Non-government,Other source of funds,"13,06,43,114.10","16,23,23,781.03"
2012-13,NSW,Primary health care,Community health and other,State and local government,State and local government,"1,55,27,01,056.55","1,92,92,27,636.99"
2012-13,NSW,Primary health care,Dental services,Canadian Government,Department of Veterans' Affairs,"3,37,19,685.89","3,71,94,926.33"
2012-13,NSW,Primary health care,Dental services,Canadian Government,DoHAC and other,"36,82,54,182.97","40,62,07,437.68"
2012-13,NSW,Primary health care,Dental services,Canadian Government,Premium rebates,"19,06,75,967.18","21,03,27,539.06"
2012-13,NSW,Primary health care,Dental services,Non-government,Health insurance funds,"43,91,88,267.40","48,44,52,177.36"
2012-13,NSW,Primary health care,Dental services,Non-government,Individuals,"1,40,60,04,302.58","1,55,09,10,842.39"
2012-13,NSW,Primary health care,Dental services,Non-government,Other source of funds,"67,16,492.78","74,08,712.38"
2012-13,NSW,Primary health care,Dental services,State and local government,State and local government,"15,82,00,623.11","17,45,05,199.74"
2012-13,NSW,Primary health care,Other health practitioners,Canadian Government,Department of Veterans' Affairs,"7,09,76,561.78","9,19,41,886.09"
2012-13,NSW,Primary health care,Other health practitioners,Canadian Government,DoHAC and other,"38,94,01,652.58","50,44,24,580.26"
2012-13,NSW,Primary health care,Other health practitioners,Canadian Government,Premium rebates,"9,41,55,584.39","12,19,67,615.75"
2012-13,NSW,Primary health care,Other health practitioners,Non-government,Health insurance funds,"21,68,70,686.89","28,09,30,767.71"
2012-13,NSW,Primary health care,Other health practitioners,Non-government,Individuals,"74,33,11,952.36","96,28,74,238.19"
2012-13,NSW,Primary health care,Other health practitioners,Non-government,Other source of funds,"12,92,56,792.20","16,74,37,150.62"
2012-13,NSW,Primary health care,Public health,Canadian Government,DoHAC and other,"38,77,52,808.75","47,24,45,485.16"
2012-13,NSW,Primary health care,Public health,Non-government,Other source of funds,"9,19,28,967.64","11,20,08,023.50"
2012-13,NSW,Primary health care,Public health,State and local government,State and local government,"16,58,32,740.69","20,20,53,803.00"
2012-13,NSW,Primary health care,Unreferred medical services,Canadian Government,Department of Veterans' Affairs,"4,24,02,087.13","5,04,60,242.33"
2012-13,NSW,Primary health care,Unreferred medical services,Canadian Government,DoHAC and other,"2,53,74,48,438.47","3,01,96,68,883.85"
2012-13,NSW,Primary health care,Unreferred medical services,Non-government,Individuals,"16,36,04,387.00","19,46,96,006.11"
2012-13,NSW,Primary health care,Unreferred medical services,Non-government,Other source of funds,"61,14,62,467.90","72,76,65,697.54"
2012-13,NSW,Referred medical services,Referred medical services,Canadian Government,Department of Veterans' Affairs,"16,85,89,058.35","20,06,27,971.76"
2012-13,NSW,Referred medical services,Referred medical services,Canadian Government,DoHAC and other,"3,88,04,64,604.00","4,61,79,13,823.17"
2012-13,NSW,Referred medical services,Referred medical services,Canadian Government,Premium rebates,"16,03,91,792.78","19,08,72,885.75"
2012-13,NSW,Referred medical services,Referred medical services,Non-government,Health insurance funds,"36,94,34,043.64","43,96,41,834.41"
2012-13,NSW,Referred medical services,Referred medical services,Non-government,Individuals,"96,01,65,992.58","1,14,26,37,354.58"
2012-13,NSW,Research,Research,Canadian Government,Department of Veterans' Affairs,0,0
2012-13,NSW,Research,Research,Canadian Government,DoHAC and other,"1,25,32,14,790.53","1,55,71,16,612.22"
2012-13,NSW,Research,Research,Non-government,Other source of funds,"11,10,33,981.51","13,79,59,477.05"
2012-13,NSW,Research,Research,State and local government,State and local government,"8,71,36,817.06","10,82,67,302.94"
2012-13,NT,Capital expenditure,Capital expenditure,Canadian Government,DoHAC and other,"39,03,114.17","39,57,907.39"
2012-13,NT,Capital expenditure,Capital expenditure,Non-government,Other source of funds,"4,92,01,889.71","6,03,45,718.56"
2012-13,NT,Capital expenditure,Capital expenditure,State and local government,State and local government,"10,00,00,000.00","11,47,96,282.78"
2012-13,NT,Hospitals,Private hospitals,Canadian Government,Department of Veterans' Affairs,"17,14,208.06","21,29,128.79"
2012-13,NT,Hospitals,Private hospitals,Canadian Government,DoHAC and other,"1,99,443.09","2,47,717.90"
2012-13,NT,Hospitals,Private hospitals,Canadian Government,Premium rebates,"1,20,21,478.98","1,49,31,254.60"
2012-13,NT,Hospitals,Private hospitals,Non-government,Health insurance funds,"2,76,89,126.61","3,43,91,225.87"
2012-13,NT,Hospitals,Private hospitals,Non-government,Individuals,"2,71,78,957.83","3,37,57,571.73"
2012-13,NT,Hospitals,Private hospitals,Non-government,Other source of funds,"56,26,225.85","69,88,042.89"
2012-13,NT,Hospitals,Public hospital services,Canadian Government,Department of Veterans' Affairs,"22,67,215.90","28,15,991.10"
2012-13,NT,Hospitals,Public hospital services,Canadian Government,DoHAC and other,"17,33,32,851.35","21,52,87,731.04"
2012-13,NT,Hospitals,Public hospital services,Canadian Government,Premium rebates,"4,67,042.31","5,80,089.00"
2012-13,NT,Hospitals,Public hospital services,Non-government,Health insurance funds,"10,75,740.66","13,36,121.59"
2012-13,NT,Hospitals,Public hospital services,Non-government,Individuals,"63,66,035.74","79,06,922.32"
2012-13,NT,Hospitals,Public hospital services,Non-government,Other source of funds,"1,15,41,568.92","1,43,35,183.24"
2012-13,NT,Hospitals,Public hospital services,State and local government,State and local government,"51,52,49,540.59","63,99,64,690.20"
2012-13,NT,Medical expenses tax rebate,Medical expenses tax rebate,Canadian Government,DoHAC and other,"18,48,000.00","23,18,363.36"
2012-13,NT,Medical expenses tax rebate,Medical expenses tax rebate,Non-government,Individuals,"-18,48,000.00","-23,18,363.36"
2012-13,NT,Other services,Administration,Canadian Government,Department of Veterans' Affairs,0,0
2012-13,NT,Other services,Administration,Canadian Government,DoHAC and other,"1,36,77,439.60","1,71,58,698.49"
2012-13,NT,Other services,Administration,Canadian Government,Premium rebates,"23,11,319.94","28,99,610.10"
2012-13,NT,Other services,Administration,Non-government,Health insurance funds,"53,23,715.50","66,78,737.52"
2012-13,NT,Other services,Administration,Non-government,Individuals,"-38,413.31","-48,190.48"
2012-13,NT,Other services,Administration,Non-government,Other source of funds,"1,80,455.41","2,26,385.94"
2012-13,NT,Other services,Administration,State and local government,State and local government,"38,413.31","48,190.48"
2012-13,NT,Other services,Aids and appliances,Canadian Government,Department of Veterans' Affairs,0,0
2012-13,NT,Other services,Aids and appliances,Canadian Government,DoHAC and other,"36,21,165.41","41,52,696.93"
2012-13,NT,Other services,Aids and appliances,Canadian Government,Premium rebates,"17,12,309.14","19,63,649.84"
2012-13,NT,Other services,Aids and appliances,Non-government,Health insurance funds,"39,44,000.36","45,22,919.09"
2012-13,NT,Other services,Aids and appliances,Non-government,Individuals,"1,58,91,768.24","1,82,24,435.96"
2012-13,NT,Other services,Aids and appliances,Non-government,Other source of funds,"10,94,681.79","12,55,364.28"
2012-13,NT,Other services,Patient transport services,Canadian Government,Department of Veterans' Affairs,0,0
2012-13,NT,Other services,Patient transport services,Canadian Government,DoHAC and other,"1,11,61,038.19","1,38,62,545.79"
2012-13,NT,Other services,Patient transport services,Canadian Government,Premium rebates,"2,38,396.35","2,96,099.73"
2012-13,NT,Other services,Patient transport services,Non-government,Health insurance funds,"5,49,103.71","6,82,013.19"
2012-13,NT,Other services,Patient transport services,Non-government,Individuals,"5,13,829.30","6,38,200.69"
2012-13,NT,Other services,Patient transport services,Non-government,Other source of funds,"9,31,568.18","11,57,052.44"
2012-13,NT,Other services,Patient transport services,State and local government,State and local government,"5,50,36,739.96","6,83,58,275.87"
2012-13,NT,Primary health care,All other medications,Canadian Government,DoHAC and other,"62,45,263.19","67,35,875.60"
2012-13,NT,Primary health care,All other medications,Canadian Government,Premium rebates,"97,568.03","1,05,232.74"
2012-13,NT,Primary health care,All other medications,Non-government,Health insurance funds,"2,24,730.66","2,42,384.94"
2012-13,NT,Primary health care,All other medications,Non-government,Individuals,"3,65,58,553.89","3,94,30,503.31"
2012-13,NT,Primary health care,All other medications,Non-government,Other source of funds,"4,03,170.36","4,34,842.42"
2012-13,NT,Primary health care,Benefit-paid pharmaceuticals,Canadian Government,Department of Veterans' Affairs,"7,03,115.93","8,71,699.60"
2012-13,NT,Primary health care,Benefit-paid pharmaceuticals,Canadian Government,DoHAC and other,"5,07,55,429.58","6,29,24,883.28"
2012-13,NT,Primary health care,Benefit-paid pharmaceuticals,Non-government,Individuals,"75,74,624.63","93,90,766.16"
2012-13,NT,Primary health care,Community health and other,Canadian Government,Department of Veterans' Affairs,0,0
2012-13,NT,Primary health care,Community health and other,Canadian Government,DoHAC and other,"19,00,66,437.50","23,84,43,216.62"
2012-13,NT,Primary health care,Community health and other,Canadian Government,Premium rebates,"1,348.76","1,692.06"
2012-13,NT,Primary health care,Community health and other,Non-government,Health insurance funds,"3,106.64","3,897.36"
2012-13,NT,Primary health care,Community health and other,Non-government,Individuals,"3,51,079.76","4,40,438.56"
2012-13,NT,Primary health care,Community health and other,Non-government,Other source of funds,"6,69,760.02","8,40,231.10"
2012-13,NT,Primary health care,Community health and other,State and local government,State and local government,"30,30,56,543.40","38,01,92,200.03"
2012-13,NT,Primary health care,Dental services,Canadian Government,Department of Veterans' Affairs,"2,60,521.47","2,87,371.51"
2012-13,NT,Primary health care,Dental services,Canadian Government,DoHAC and other,"32,11,896.77","35,42,923.38"
2012-13,NT,Primary health care,Dental services,Canadian Government,Premium rebates,"36,36,541.84","40,11,333.51"
2012-13,NT,Primary health care,Dental services,Non-government,Health insurance funds,"83,76,129.06","92,39,395.18"
2012-13,NT,Primary health care,Dental services,Non-government,Individuals,"6,63,99,273.13","7,32,42,558.67"
2012-13,NT,Primary health care,Dental services,Non-government,Other source of funds,"1,33,250.35","1,46,983.48"
2012-13,NT,Primary health care,Dental services,State and local government,State and local government,"93,14,954.15","1,02,74,978.08"
2012-13,NT,Primary health care,Other health practitioners,Canadian Government,Department of Veterans' Affairs,"5,68,464.54","7,36,379.74"
2012-13,NT,Primary health care,Other health practitioners,Canadian Government,DoHAC and other,"63,76,000.14","82,59,367.10"
2012-13,NT,Primary health care,Other health practitioners,Canadian Government,Premium rebates,"18,09,174.47","23,43,575.24"
2012-13,NT,Primary health care,Other health practitioners,Non-government,Health insurance funds,"41,67,112.47","53,98,009.85"
2012-13,NT,Primary health care,Other health practitioners,Non-government,Individuals,"2,86,24,536.20","3,70,79,759.58"
2012-13,NT,Primary health care,Other health practitioners,Non-government,Other source of funds,"76,43,122.84","99,00,777.26"
2012-13,NT,Primary health care,Other health practitioners,State and local government,State and local government,"62,40,179.62","80,83,427.39"
2012-13,NT,Primary health care,Public health,Canadian Government,DoHAC and other,"2,58,91,458.14","3,21,58,435.24"
2012-13,NT,Primary health care,Public health,Non-government,Individuals,-904.07,"-1,122.90"
2012-13,NT,Primary health care,Public health,Non-government,Other source of funds,"7,37,358.39","9,15,834.56"
2012-13,NT,Primary health care,Public health,State and local government,State and local government,"9,11,64,852.42","11,32,31,127.72"
2012-13,NT,Primary health care,Unreferred medical services,Canadian Government,Department of Veterans' Affairs,"4,77,883.98","5,12,790.51"
2012-13,NT,Primary health care,Unreferred medical services,Canadian Government,DoHAC and other,"6,33,26,682.69","6,79,52,312.54"
2012-13,NT,Primary health care,Unreferred medical services,Non-government,Individuals,"67,31,786.00","72,23,502.11"
2012-13,NT,Primary health care,Unreferred medical services,Non-government,Other source of funds,"1,52,22,451.10","1,63,34,358.77"
2012-13,NT,Referred medical services,Referred medical services,Canadian Government,Department of Veterans' Affairs,"25,83,578.24","27,72,292.95"
2012-13,NT,Referred medical services,Referred medical services,Canadian Government,DoHAC and other,"5,82,80,787.00","6,25,37,844.79"
2012-13,NT,Referred medical services,Referred medical services,Canadian Government,Premium rebates,"22,28,526.64","23,91,306.99"
2012-13,NT,Referred medical services,Referred medical services,Non-government,Health insurance funds,"51,33,015.82","55,07,951.47"
2012-13,NT,Referred medical services,Referred medical services,Non-government,Individuals,"1,26,25,482.54","1,35,47,697.42"
2012-13,NT,Research,Research,Canadian Government,Department of Veterans' Affairs,0,0
2012-13,NT,Research,Research,Canadian Government,DoHAC and other,"1,50,48,023.22","1,88,78,130.76"
2012-13,NT,Research,Research,Non-government,Individuals,"30,678.17","38,486.55"
2012-13,NT,Research,Research,Non-government,Other source of funds,"14,63,445.22","18,35,929.54"
2012-13,NT,Research,Research,State and local government,State and local government,"1,20,17,672.01","1,50,76,477.51"
2012-13,Qld,Capital expenditure,Capital expenditure,Canadian Government,DoHAC and other,"1,44,49,827.02","1,59,23,338.43"
2012-13,Qld,Capital expenditure,Capital expenditure,Non-government,Other source of funds,"38,95,22,358.52","49,76,33,754.74"
2012-13,Qld,Capital expenditure,Capital expenditure,State and local government,State and local government,"1,53,20,00,000.00","1,79,27,37,911.55"
2012-13,Qld,Hospitals,Private hospitals,Canadian Government,Department of Veterans' Affairs,"31,25,59,655.47","38,50,84,662.78"
2012-13,Qld,Hospitals,Private hospitals,Canadian Government,DoHAC and other,"7,00,09,759.58","8,62,54,525.14"
2012-13,Qld,Hospitals,Private hospitals,Canadian Government,Premium rebates,"56,10,40,856.65","69,12,22,380.44"
2012-13,Qld,Hospitals,Private hospitals,Non-government,Health insurance funds,"1,29,22,47,928.69","1,59,20,95,617.99"
2012-13,Qld,Hospitals,Private hospitals,Non-government,Individuals,"32,73,53,918.86","40,33,11,723.85"
2012-13,Qld,Hospitals,Private hospitals,Non-government,Other source of funds,"14,48,68,640.32","17,84,83,340.78"
2012-13,Qld,Hospitals,Private hospitals,State and local government,State and local government,"4,92,84,000.00","6,07,19,648.83"
2012-13,Qld,Hospitals,Public hospital services,Canadian Government,Department of Veterans' Affairs,"9,08,84,970.09","11,19,73,530.31"
2012-13,Qld,Hospitals,Public hospital services,Canadian Government,DoHAC and other,"3,01,05,22,132.97","3,70,90,70,828.71"
2012-13,Qld,Hospitals,Public hospital services,Canadian Government,Premium rebates,"3,95,82,402.82","4,87,66,934.48"
2012-13,Qld,Hospitals,Public hospital services,Non-government,Health insurance funds,"9,11,70,326.45","11,23,25,099.55"
2012-13,Qld,Hospitals,Public hospital services,Non-government,Individuals,"29,06,14,967.10","35,80,48,022.66"
2012-13,Qld,Hospitals,Public hospital services,Non-government,Other source of funds,"50,15,77,382.34","61,79,61,255.55"
2012-13,Qld,Hospitals,Public hospital services,State and local government,State and local government,"4,52,89,37,365.59","5,57,98,12,645.72"
2012-13,Qld,Medical expenses tax rebate,Medical expenses tax rebate,Canadian Government,DoHAC and other,"7,70,70,000.00","9,67,82,134.60"
2012-13,Qld,Medical expenses tax rebate,Medical expenses tax rebate,Non-government,Individuals,"-7,70,70,000.00","-9,67,82,134.60"
2012-13,Qld,Other services,Administration,Canadian Government,Department of Veterans' Affairs,0,0
2012-13,Qld,Other services,Administration,Canadian Government,DoHAC and other,"21,92,53,575.61","27,53,31,893.93"
2012-13,Qld,Other services,Administration,Canadian Government,Premium rebates,"9,74,81,505.99","12,24,14,275.77"
2012-13,Qld,Other services,Administration,Non-government,Health insurance funds,"22,45,31,357.33","28,19,59,569.83"
2012-13,Qld,Other services,Administration,State and local government,State and local government,"13,32,46,846.83","16,73,27,290.31"
2012-13,Qld,Other services,Aids and appliances,Canadian Government,Department of Veterans' Affairs,"4,95,000.00","5,67,658.40"
2012-13,Qld,Other services,Aids and appliances,Canadian Government,DoHAC and other,"8,69,87,364.09","9,97,55,774.31"
2012-13,Qld,Other services,Aids and appliances,Canadian Government,Premium rebates,"4,67,56,549.42","5,36,19,693.39"
2012-13,Qld,Other services,Aids and appliances,Non-government,Health insurance funds,"10,76,95,417.71","12,35,03,452.43"
2012-13,Qld,Other services,Aids and appliances,Non-government,Individuals,"50,15,51,024.69","57,51,71,018.76"
2012-13,Qld,Other services,Aids and appliances,Non-government,Other source of funds,"97,59,968.90","1,11,92,582.57"
2012-13,Qld,Other services,Patient transport services,Canadian Government,Department of Veterans' Affairs,"2,32,83,000.00","2,86,85,487.86"
2012-13,Qld,Other services,Patient transport services,Canadian Government,DoHAC and other,"1,54,15,593.67","1,89,92,562.18"
2012-13,Qld,Other services,Patient transport services,Canadian Government,Premium rebates,"87,815.03","1,08,191.25"
2012-13,Qld,Other services,Patient transport services,Non-government,Health insurance funds,"2,02,266.33","2,49,199.35"
2012-13,Qld,Other services,Patient transport services,Non-government,Other source of funds,"51,32,930.69","63,23,954.00"
2012-13,Qld,Other services,Patient transport services,State and local government,State and local government,"66,14,71,328.36","81,49,56,309.80"
2012-13,Qld,Primary health care,All other medications,Canadian Government,DoHAC and other,"10,20,09,186.31","10,92,07,974.85"
2012-13,Qld,Primary health care,All other medications,Canadian Government,Premium rebates,"45,30,200.79","48,49,897.07"
2012-13,Qld,Primary health care,All other medications,Non-government,Health insurance funds,"1,04,34,513.93","1,11,70,877.61"
2012-13,Qld,Primary health care,All other medications,Non-government,Individuals,"1,67,58,37,393.32","1,79,41,01,242.50"
2012-13,Qld,Primary health care,All other medications,Non-government,Other source of funds,"70,80,931.09","75,80,632.41"
2012-13,Qld,Primary health care,Benefit-paid pharmaceuticals,Canadian Government,Department of Veterans' Affairs,"9,95,28,486.77","12,33,92,087.60"
2012-13,Qld,Primary health care,Benefit-paid pharmaceuticals,Canadian Government,DoHAC and other,"1,55,55,88,004.82","1,92,85,65,957.25"
2012-13,Qld,Primary health care,Benefit-paid pharmaceuticals,Non-government,Individuals,"31,02,28,335.65","38,46,10,710.07"
2012-13,Qld,Primary health care,Community health and other,Canadian Government,Department of Veterans' Affairs,"1,06,581.82","1,33,842.17"
2012-13,Qld,Primary health care,Community health and other,Canadian Government,DoHAC and other,"23,44,72,544.30","29,44,43,406.53"
2012-13,Qld,Primary health care,Community health and other,Canadian Government,Premium rebates,"55,658.25","69,893.92"
2012-13,Qld,Primary health care,Community health and other,Non-government,Health insurance funds,"1,28,198.90","1,60,988.24"
2012-13,Qld,Primary health care,Community health and other,Non-government,Individuals,"1,25,06,000.00","1,57,04,650.00"
2012-13,Qld,Primary health care,Community health and other,Non-government,Other source of funds,"2,70,00,946.47","3,39,06,957.77"
2012-13,Qld,Primary health care,Community health and other,State and local government,State and local government,"1,96,07,60,023.04","2,46,22,62,105.35"
2012-13,Qld,Primary health care,Dental services,Canadian Government,Department of Veterans' Affairs,"3,04,81,635.32","3,36,23,153.66"
2012-13,Qld,Primary health care,Dental services,Canadian Government,DoHAC and other,"14,55,59,943.08","16,05,61,737.63"
2012-13,Qld,Primary health care,Dental services,Canadian Government,Premium rebates,"12,59,42,848.42","13,89,22,853.07"
2012-13,Qld,Primary health care,Dental services,Non-government,Health insurance funds,"29,00,87,011.01","31,99,84,149.26"
2012-13,Qld,Primary health care,Dental services,Non-government,Individuals,"57,11,08,132.02","62,99,68,053.79"
2012-13,Qld,Primary health care,Dental services,Non-government,Other source of funds,"88,55,459.43","97,68,126.61"
2012-13,Qld,Primary health care,Dental services,State and local government,State and local government,"16,89,98,939.89","18,64,16,419.75"
2012-13,Qld,Primary health care,Other health practitioners,Canadian Government,Department of Veterans' Affairs,"7,24,16,881.72","9,38,07,653.16"
2012-13,Qld,Primary health care,Other health practitioners,Canadian Government,DoHAC and other,"22,11,35,927.31","28,64,55,890.91"
2012-13,Qld,Primary health care,Other health practitioners,Canadian Government,Premium rebates,"5,55,53,299.36","7,19,62,842.29"
2012-13,Qld,Primary health care,Other health practitioners,Non-government,Health insurance funds,"12,79,57,170.78","16,57,53,642.12"
2012-13,Qld,Primary health care,Other health practitioners,Non-government,Individuals,"54,03,06,214.40","69,99,03,900.28"
2012-13,Qld,Primary health care,Other health practitioners,Non-government,Other source of funds,"6,94,51,872.57","8,99,66,828.43"
2012-13,Qld,Primary health care,Public health,Canadian Government,DoHAC and other,"21,71,16,467.48","26,74,95,245.14"
2012-13,Qld,Primary health care,Public health,Non-government,Individuals,"80,28,000.00","98,90,782.83"
2012-13,Qld,Primary health care,Public health,State and local government,State and local government,"11,26,76,171.00","13,88,21,068.40"
2012-13,Qld,Primary health care,Unreferred medical services,Canadian Government,Department of Veterans' Affairs,"4,45,88,807.45","5,00,91,268.55"
2012-13,Qld,Primary health care,Unreferred medical services,Canadian Government,DoHAC and other,"1,50,99,98,421.69","1,69,63,39,076.56"
2012-13,Qld,Primary health care,Unreferred medical services,Non-government,Individuals,"14,20,69,271.00","15,96,01,263.49"
2012-13,Qld,Primary health care,Unreferred medical services,Non-government,Other source of funds,"17,05,99,834.65","19,16,52,628.12"
2012-13,Qld,Referred medical services,Referred medical services,Canadian Government,Department of Veterans' Affairs,"25,32,76,897.26","28,45,32,415.29"
2012-13,Qld,Referred medical services,Referred medical services,Canadian Government,DoHAC and other,"2,16,91,48,137.00","2,43,68,30,856.77"
2012-13,Qld,Referred medical services,Referred medical services,Canadian Government,Premium rebates,"11,27,87,381.94","12,67,05,856.49"
2012-13,Qld,Referred medical services,Referred medical services,Non-government,Health insurance funds,"25,97,85,727.54","29,18,44,464.76"
2012-13,Qld,Referred medical services,Referred medical services,Non-government,Individuals,"48,46,46,590.52","54,44,54,178.24"
2012-13,Qld,Research,Research,Canadian Government,Department of Veterans' Affairs,0,0
2012-13,Qld,Research,Research,Canadian Government,DoHAC and other,"66,36,84,493.09","83,34,34,565.19"
2012-13,Qld,Research,Research,Non-government,Other source of funds,"5,13,62,872.61","6,44,99,915.01"
2012-13,Qld,Research,Research,State and local government,State and local government,"19,14,07,840.24","24,03,64,076.25"
2012-13,SA,Capital expenditure,Capital expenditure,Canadian Government,DoHAC and other,"70,58,823.55","74,40,522.25"
2012-13,SA,Capital expenditure,Capital expenditure,Non-government,Other source of funds,"6,93,29,232.60","8,03,99,228.03"
2012-13,SA,Capital expenditure,Capital expenditure,State and local government,State and local government,"23,00,00,000.00","27,57,30,967.89"
2012-13,SA,Hospitals,Private hospitals,Canadian Government,Department of Veterans' Affairs,"4,78,52,309.27","5,96,51,993.97"
2012-13,SA,Hospitals,Private hospitals,Canadian Government,DoHAC and other,"1,04,02,869.46","1,29,68,066.02"
2012-13,SA,Hospitals,Private hospitals,Canadian Government,Premium rebates,"17,79,20,611.01","22,17,93,250.45"
2012-13,SA,Hospitals,Private hospitals,Non-government,Health insurance funds,"40,98,05,343.61","51,08,57,391.38"
2012-13,SA,Hospitals,Private hospitals,Non-government,Individuals,"7,90,27,698.73","9,85,14,781.83"
2012-13,SA,Hospitals,Private hospitals,Non-government,Other source of funds,"4,33,03,887.38","5,39,81,997.28"
2012-13,SA,Hospitals,Private hospitals,State and local government,State and local government,"52,27,000.00","65,15,902.31"
2012-13,SA,Hospitals,Public hospital services,Canadian Government,Department of Veterans' Affairs,"5,80,55,469.69","7,23,71,105.61"
2012-13,SA,Hospitals,Public hospital services,Canadian Government,DoHAC and other,"1,17,26,61,092.86","1,46,18,22,292.47"
2012-13,SA,Hospitals,Public hospital services,Canadian Government,Premium rebates,"1,77,85,460.10","2,21,71,096.34"
2012-13,SA,Hospitals,Public hospital services,Non-government,Health insurance funds,"4,09,65,330.26","5,10,66,785.92"
2012-13,SA,Hospitals,Public hospital services,Non-government,Individuals,"4,33,87,299.81","5,40,85,978.00"
2012-13,SA,Hospitals,Public hospital services,Non-government,Other source of funds,"12,31,84,152.83","15,35,59,576.40"
2012-13,SA,Hospitals,Public hospital services,State and local government,State and local government,"2,04,49,05,535.32","2,54,91,49,550.30"
2012-13,SA,Medical expenses tax rebate,Medical expenses tax rebate,Canadian Government,DoHAC and other,"1,95,72,000.00","2,50,55,921.37"
2012-13,SA,Medical expenses tax rebate,Medical expenses tax rebate,Non-government,Individuals,"-1,95,72,000.00","-2,50,55,921.37"
2012-13,SA,Other services,Administration,Canadian Government,Department of Veterans' Affairs,0,0
2012-13,SA,Other services,Administration,Canadian Government,DoHAC and other,"8,27,34,221.28","10,59,15,703.20"
2012-13,SA,Other services,Administration,Canadian Government,Premium rebates,"3,58,88,645.61","4,59,44,363.50"
2012-13,SA,Other services,Administration,Non-government,Health insurance funds,"8,26,63,129.07","10,58,24,691.51"
2012-13,SA,Other services,Administration,State and local government,State and local government,0,0
2012-13,SA,Other services,Aids and appliances,Canadian Government,Department of Veterans' Affairs,0,0
2012-13,SA,Other services,Aids and appliances,Canadian Government,DoHAC and other,"3,41,64,109.96","3,91,78,877.05"
2012-13,SA,Other services,Aids and appliances,Canadian Government,Premium rebates,"1,99,00,539.82","2,28,21,633.69"
2012-13,SA,Other services,Aids and appliances,Non-government,Health insurance funds,"4,58,37,363.43","5,25,65,585.00"
2012-13,SA,Other services,Aids and appliances,Non-government,Individuals,"15,86,77,724.86","18,19,69,179.94"
2012-13,SA,Other services,Aids and appliances,Non-government,Other source of funds,"1,47,82,348.02","1,69,52,169.87"
2012-13,SA,Other services,Patient transport services,Canadian Government,Department of Veterans' Affairs,"69,93,000.00","87,17,372.27"
2012-13,SA,Other services,Patient transport services,Canadian Government,DoHAC and other,"67,94,772.10","84,70,264.24"
2012-13,SA,Other services,Patient transport services,Canadian Government,Premium rebates,"71,90,411.31","89,63,462.34"
2012-13,SA,Other services,Patient transport services,Non-government,Health insurance funds,"1,65,61,836.99","2,06,45,745.53"
2012-13,SA,Other services,Patient transport services,Non-government,Individuals,"8,08,57,469.05","10,07,95,746.95"
2012-13,SA,Other services,Patient transport services,Non-government,Other source of funds,"1,00,75,263.22","1,25,59,676.84"
2012-13,SA,Other services,Patient transport services,State and local government,State and local government,"12,81,87,494.11","15,97,96,669.00"
2012-13,SA,Primary health care,All other medications,Canadian Government,DoHAC and other,"3,96,63,195.57","4,22,43,725.35"
2012-13,SA,Primary health care,All other medications,Canadian Government,Premium rebates,"18,60,910.79","19,81,983.63"
2012-13,SA,Primary health care,All other medications,Non-government,Health insurance funds,"42,86,277.92","45,65,147.73"
2012-13,SA,Primary health care,All other medications,Non-government,Individuals,"65,90,77,832.46","70,19,58,138.77"
2012-13,SA,Primary health care,All other medications,Non-government,Other source of funds,"65,05,379.38","69,28,626.30"
2012-13,SA,Primary health care,Benefit-paid pharmaceuticals,Canadian Government,Department of Veterans' Affairs,"3,31,73,888.34","4,11,27,876.74"
2012-13,SA,Primary health care,Benefit-paid pharmaceuticals,Canadian Government,DoHAC and other,"63,56,12,690.85","78,80,11,346.04"
2012-13,SA,Primary health care,Benefit-paid pharmaceuticals,Non-government,Individuals,"12,42,71,797.66","15,40,68,016.51"
2012-13,SA,Primary health care,Community health and other,Canadian Government,Department of Veterans' Affairs,"30,811.00","39,444.00"
2012-13,SA,Primary health care,Community health and other,Canadian Government,DoHAC and other,"8,93,83,870.95","11,44,28,532.72"
2012-13,SA,Primary health care,Community health and other,Canadian Government,Premium rebates,"12,196.64","15,614.05"
2012-13,SA,Primary health care,Community health and other,Non-government,Health insurance funds,"28,092.81","35,964.19"
2012-13,SA,Primary health care,Community health and other,Non-government,Individuals,"6,38,73,948.84","8,17,70,929.89"
2012-13,SA,Primary health care,Community health and other,Non-government,Other source of funds,"2,02,28,070.29","2,58,95,817.42"
2012-13,SA,Primary health care,Community health and other,State and local government,State and local government,"66,11,89,302.97","84,64,49,375.97"
2012-13,SA,Primary health care,Dental services,Canadian Government,Department of Veterans' Affairs,"85,27,276.02","94,06,119.75"
2012-13,SA,Primary health care,Dental services,Canadian Government,DoHAC and other,"5,65,47,110.44","6,23,75,005.91"
2012-13,SA,Primary health care,Dental services,Canadian Government,Premium rebates,"5,30,16,257.78","5,84,80,254.20"
2012-13,SA,Primary health care,Dental services,Non-government,Health insurance funds,"12,21,13,545.53","13,46,98,892.04"
2012-13,SA,Primary health care,Dental services,Non-government,Individuals,"14,55,46,341.47","16,05,46,734.20"
2012-13,SA,Primary health care,Dental services,Non-government,Other source of funds,"47,25,326.77","52,12,331.50"
2012-13,SA,Primary health care,Dental services,State and local government,State and local government,"6,18,09,344.95","6,81,79,580.30"
2012-13,SA,Primary health care,Other health practitioners,Canadian Government,Department of Veterans' Affairs,"1,48,46,552.06","1,92,31,982.56"
2012-13,SA,Primary health care,Other health practitioners,Canadian Government,DoHAC and other,"8,54,13,447.29","11,06,43,193.25"
2012-13,SA,Primary health care,Other health practitioners,Canadian Government,Premium rebates,"2,86,65,474.37","3,71,32,790.23"
2012-13,SA,Primary health care,Other health practitioners,Non-government,Health insurance funds,"6,60,25,835.40","8,55,28,795.50"
2012-13,SA,Primary health care,Other health practitioners,Non-government,Individuals,"5,39,93,701.47","6,99,42,564.49"
2012-13,SA,Primary health care,Other health practitioners,Non-government,Other source of funds,"3,82,91,265.73","4,96,01,884.11"
2012-13,SA,Primary health care,Public health,Canadian Government,DoHAC and other,"8,00,27,450.32","9,97,61,057.65"
2012-13,SA,Primary health care,Public health,Non-government,Individuals,"42,70,787.35","53,23,901.50"
2012-13,SA,Primary health care,Public health,Non-government,Other source of funds,"25,68,326.16","32,01,638.10"
2012-13,SA,Primary health care,Public health,State and local government,State and local government,"10,38,23,804.84","12,94,25,247.70"
2012-13,SA,Primary health care,Unreferred medical services,Canadian Government,Department of Veterans' Affairs,"83,01,658.01","94,11,198.06"
2012-13,SA,Primary health care,Unreferred medical services,Canadian Government,DoHAC and other,"56,59,66,172.72","64,16,09,150.26"
2012-13,SA,Primary health care,Unreferred medical services,Non-government,Individuals,"4,57,09,790.00","5,18,19,032.54"
2012-13,SA,Primary health care,Unreferred medical services,Non-government,Other source of funds,"12,76,90,218.79","14,47,56,377.19"
2012-13,SA,Referred medical services,Referred medical services,Canadian Government,Department of Veterans' Affairs,"4,60,99,503.39","5,22,60,832.23"
2012-13,SA,Referred medical services,Referred medical services,Canadian Government,DoHAC and other,"76,51,03,386.00","86,73,61,614.55"
2012-13,SA,Referred medical services,Referred medical services,Canadian Government,Premium rebates,"4,79,61,814.55","5,43,72,046.53"
2012-13,SA,Referred medical services,Referred medical services,Non-government,Health insurance funds,"11,04,71,532.13","12,52,36,364.42"
2012-13,SA,Referred medical services,Referred medical services,Non-government,Individuals,"10,87,91,800.32","12,33,32,131.71"
2012-13,SA,Research,Research,Canadian Government,Department of Veterans' Affairs,0,0
2012-13,SA,Research,Research,Canadian Government,DoHAC and other,"29,87,88,152.28","38,25,06,256.40"
2012-13,SA,Research,Research,Non-government,Individuals,"32,52,405.32","41,63,703.87"
2012-13,SA,Research,Research,Non-government,Other source of funds,"2,31,88,877.23","2,96,86,219.32"
2012-13,SA,Research,Research,State and local government,State and local government,"3,08,28,962.42","3,94,66,996.64"
2012-13,Tas,Capital expenditure,Capital expenditure,Canadian Government,DoHAC and other,"32,38,754.33","36,00,842.41"
2012-13,Tas,Capital expenditure,Capital expenditure,Non-government,Other source of funds,"17,25,40,648.69","22,07,21,901.20"
2012-13,Tas,Capital expenditure,Capital expenditure,State and local government,State and local government,"1,20,00,000.00","1,36,89,399.97"
2012-13,Tas,Hospitals,Private hospitals,Canadian Government,Department of Veterans' Affairs,"1,81,07,236.10","2,25,21,136.07"
2012-13,Tas,Hospitals,Private hospitals,Canadian Government,DoHAC and other,"34,76,593.98","43,24,063.91"
2012-13,Tas,Hospitals,Private hospitals,Canadian Government,Premium rebates,"6,19,31,384.48","7,70,28,052.70"
2012-13,Tas,Hospitals,Private hospitals,Non-government,Health insurance funds,"14,26,46,836.43","17,74,19,060.25"
2012-13,Tas,Hospitals,Private hospitals,Non-government,Individuals,"4,72,18,605.23","5,87,28,821.30"
2012-13,Tas,Hospitals,Private hospitals,Non-government,Other source of funds,"1,97,01,550.66","2,45,04,087.79"
2012-13,Tas,Hospitals,Public hospital services,Canadian Government,Department of Veterans' Affairs,"1,85,48,379.89","2,30,69,815.02"
2012-13,Tas,Hospitals,Public hospital services,Canadian Government,DoHAC and other,"43,15,68,824.71","53,67,69,950.37"
2012-13,Tas,Hospitals,Public hospital services,Canadian Government,Premium rebates,"71,32,157.35","88,70,723.57"
2012-13,Tas,Hospitals,Public hospital services,Non-government,Health insurance funds,"1,64,27,530.09","2,04,31,977.49"
2012-13,Tas,Hospitals,Public hospital services,Non-government,Individuals,"8,16,531.73","10,15,573.12"
2012-13,Tas,Hospitals,Public hospital services,Non-government,Other source of funds,"2,26,90,355.78","2,82,21,457.27"
2012-13,Tas,Hospitals,Public hospital services,State and local government,State and local government,"44,56,97,935.51","55,43,43,235.73"
2012-13,Tas,Medical expenses tax rebate,Medical expenses tax rebate,Canadian Government,DoHAC and other,"51,24,000.00","64,28,189.31"
2012-13,Tas,Medical expenses tax rebate,Medical expenses tax rebate,Non-government,Individuals,"-51,24,000.00","-64,28,189.31"
2012-13,Tas,Other services,Administration,Canadian Government,Department of Veterans' Affairs,0,0
2012-13,Tas,Other services,Administration,Canadian Government,DoHAC and other,"2,71,10,568.72","3,40,10,903.21"
2012-13,Tas,Other services,Administration,Canadian Government,Premium rebates,"1,12,47,545.92","1,41,10,334.60"
2012-13,Tas,Other services,Administration,Non-government,Health insurance funds,"2,59,06,726.89","3,25,00,652.79"
2012-13,Tas,Other services,Administration,State and local government,State and local government,0,0
2012-13,Tas,Other services,Aids and appliances,Canadian Government,Department of Veterans' Affairs,0,0
2012-13,Tas,Other services,Aids and appliances,Canadian Government,DoHAC and other,"1,05,63,480.18","1,21,14,036.98"
2012-13,Tas,Other services,Aids and appliances,Canadian Government,Premium rebates,"56,79,377.82","65,13,023.34"
2012-13,Tas,Other services,Aids and appliances,Non-government,Health insurance funds,"1,30,81,439.38","1,50,01,593.95"
2012-13,Tas,Other services,Aids and appliances,Non-government,Individuals,"5,36,30,676.22","6,15,02,836.52"
2012-13,Tas,Other services,Aids and appliances,Non-government,Other source of funds,"29,43,251.69","33,75,275.87"
2012-13,Tas,Other services,Patient transport services,Canadian Government,Department of Veterans' Affairs,"29,90,000.00","37,18,855.63"
2012-13,Tas,Other services,Patient transport services,Canadian Government,DoHAC and other,"11,76,415.77","14,63,184.08"
2012-13,Tas,Other services,Patient transport services,Canadian Government,Premium rebates,"53,218.91","66,191.79"
2012-13,Tas,Other services,Patient transport services,Non-government,Health insurance funds,"1,22,580.32","1,52,461.04"
2012-13,Tas,Other services,Patient transport services,Non-government,Individuals,"11,367.23","14,138.15"
2012-13,Tas,Other services,Patient transport services,Non-government,Other source of funds,"65,78,650.94","81,82,292.00"
2012-13,Tas,Other services,Patient transport services,State and local government,State and local government,"5,53,26,935.80","6,88,13,674.40"
2012-13,Tas,Primary health care,All other medications,Canadian Government,DoHAC and other,"1,23,53,293.71","1,32,00,840.52"
2012-13,Tas,Primary health care,All other medications,Canadian Government,Premium rebates,"7,03,901.90","7,52,195.88"
2012-13,Tas,Primary health care,All other medications,Non-government,Health insurance funds,"16,21,313.15","17,32,549.79"
2012-13,Tas,Primary health care,All other medications,Non-government,Individuals,"26,98,61,372.86","28,83,76,284.98"
2012-13,Tas,Primary health care,All other medications,Non-government,Other source of funds,"22,40,883.75","23,94,628.49"
2012-13,Tas,Primary health care,Benefit-paid pharmaceuticals,Canadian Government,Department of Veterans' Affairs,"1,26,78,937.96","1,57,18,923.04"
2012-13,Tas,Primary health care,Benefit-paid pharmaceuticals,Canadian Government,DoHAC and other,"21,50,57,078.67","26,66,20,570.17"
2012-13,Tas,Primary health care,Benefit-paid pharmaceuticals,Non-government,Individuals,"3,90,86,144.18","4,84,57,693.70"
2012-13,Tas,Primary health care,Community health and other,Canadian Government,Department of Veterans' Affairs,0,0
2012-13,Tas,Primary health care,Community health and other,Canadian Government,DoHAC and other,"2,97,60,230.49","3,73,34,971.81"
2012-13,Tas,Primary health care,Community health and other,Canadian Government,Premium rebates,"2,319.14","2,909.42"
2012-13,Tas,Primary health care,Community health and other,Non-government,Health insurance funds,"5,341.73","6,701.34"
2012-13,Tas,Primary health care,Community health and other,Non-government,Individuals,"12,101.04","15,181.06"
2012-13,Tas,Primary health care,Community health and other,Non-government,Other source of funds,"29,15,670.79","36,57,783.72"
2012-13,Tas,Primary health care,Community health and other,State and local government,State and local government,"9,24,31,332.30","11,59,57,475.08"
2012-13,Tas,Primary health care,Dental services,Canadian Government,Department of Veterans' Affairs,"20,41,396.82","22,51,788.60"
2012-13,Tas,Primary health care,Dental services,Canadian Government,DoHAC and other,"70,69,199.74","77,97,770.25"
2012-13,Tas,Primary health care,Dental services,Canadian Government,Premium rebates,"1,13,10,390.64","1,24,76,069.56"
2012-13,Tas,Primary health care,Dental services,Non-government,Health insurance funds,"2,60,51,478.55","2,87,36,413.16"
2012-13,Tas,Primary health care,Dental services,Non-government,Individuals,"7,86,01,685.20","8,67,02,583.76"
2012-13,Tas,Primary health care,Dental services,Non-government,Other source of funds,"34,82,644.61","38,41,575.22"
2012-13,Tas,Primary health care,Dental services,State and local government,State and local government,"1,82,90,003.55","2,01,75,019.92"
2012-13,Tas,Primary health care,Other health practitioners,Canadian Government,Department of Veterans' Affairs,"59,06,593.38","76,51,305.19"
2012-13,Tas,Primary health care,Other health practitioners,Canadian Government,DoHAC and other,"2,58,83,034.60","3,35,28,462.91"
2012-13,Tas,Primary health care,Other health practitioners,Canadian Government,Premium rebates,"50,04,945.66","64,83,325.38"
2012-13,Tas,Primary health care,Other health practitioners,Non-government,Health insurance funds,"1,15,28,004.54","1,49,33,189.96"
2012-13,Tas,Primary health care,Other health practitioners,Non-government,Individuals,"4,54,27,399.32","5,88,45,915.74"
2012-13,Tas,Primary health care,Other health practitioners,Non-government,Other source of funds,"1,23,85,831.06","1,60,44,404.51"
2012-13,Tas,Primary health care,Other health practitioners,State and local government,State and local government,"49,35,345.63","63,93,166.62"
2012-13,Tas,Primary health care,Public health,Canadian Government,DoHAC and other,"2,58,65,866.13","3,21,71,044.07"
2012-13,Tas,Primary health care,Public health,Non-government,Other source of funds,"35,102.21","43,658.88"
2012-13,Tas,Primary health care,Public health,State and local government,State and local government,"2,44,94,339.13","3,04,65,187.58"
2012-13,Tas,Primary health care,Unreferred medical services,Canadian Government,Department of Veterans' Affairs,"35,16,548.55","40,26,173.27"
2012-13,Tas,Primary health care,Unreferred medical services,Canadian Government,DoHAC and other,"15,45,79,959.74","17,69,81,973.43"
2012-13,Tas,Primary health care,Unreferred medical services,Non-government,Individuals,"1,87,31,755.00","2,14,46,395.58"
2012-13,Tas,Primary health care,Unreferred medical services,Non-government,Other source of funds,"2,03,88,047.71","2,33,42,721.29"
2012-13,Tas,Referred medical services,Referred medical services,Canadian Government,Department of Veterans' Affairs,"1,59,06,019.30","1,82,11,149.04"
2012-13,Tas,Referred medical services,Referred medical services,Canadian Government,DoHAC and other,"22,77,57,662.00","26,07,64,723.65"
2012-13,Tas,Referred medical services,Referred medical services,Canadian Government,Premium rebates,"1,29,87,273.05","1,48,69,412.69"
2012-13,Tas,Referred medical services,Referred medical services,Non-government,Health insurance funds,"2,99,13,879.74","3,42,49,054.52"
2012-13,Tas,Referred medical services,Referred medical services,Non-government,Individuals,"3,72,18,239.21","4,26,11,975.28"
2012-13,Tas,Research,Research,Canadian Government,Department of Veterans' Affairs,0,0
2012-13,Tas,Research,Research,Canadian Government,DoHAC and other,"5,82,29,690.82","7,30,50,639.37"
2012-13,Tas,Research,Research,Non-government,Other source of funds,"43,05,677.65","54,01,582.96"
2012-13,Tas,Research,Research,State and local government,State and local government,"38,10,416.73","47,80,265.44"
2012-13,Vic,Capital expenditure,Capital expenditure,Canadian Government,DoHAC and other,"1,46,98,961.93","1,54,46,608.71"
2012-13,Vic,Capital expenditure,Capital expenditure,Non-government,Other source of funds,"1,02,68,33,146.08","1,25,05,10,066.11"
2012-13,Vic,Capital expenditure,Capital expenditure,State and local government,State and local government,"49,70,00,000.00","57,77,42,230.12"
2012-13,Vic,Hospitals,Private hospitals,Canadian Government,Department of Veterans' Affairs,"20,10,07,316.10","25,12,80,221.94"
2012-13,Vic,Hospitals,Private hospitals,Canadian Government,DoHAC and other,"5,52,13,390.94","6,90,22,528.13"
2012-13,Vic,Hospitals,Private hospitals,Canadian Government,Premium rebates,"65,34,08,381.86","81,68,28,991.10"
2012-13,Vic,Hospitals,Private hospitals,Non-government,Health insurance funds,"1,50,49,98,464.96","1,88,14,05,889.29"
2012-13,Vic,Hospitals,Private hospitals,Non-government,Individuals,"34,96,93,652.96","43,71,53,733.68"
2012-13,Vic,Hospitals,Private hospitals,Non-government,Other source of funds,"25,93,36,634.12","32,41,97,985.65"
2012-13,Vic,Hospitals,Public hospital services,Canadian Government,Department of Veterans' Affairs,"15,60,33,773.15","19,50,58,577.51"
2012-13,Vic,Hospitals,Public hospital services,Canadian Government,DoHAC and other,"3,86,60,49,213.10","4,83,29,66,894.76"
2012-13,Vic,Hospitals,Public hospital services,Canadian Government,Premium rebates,"7,80,78,568.71","9,76,06,397.89"
2012-13,Vic,Hospitals,Public hospital services,Non-government,Health insurance funds,"17,98,38,718.51","22,48,17,255.30"
2012-13,Vic,Hospitals,Public hospital services,Non-government,Individuals,"40,98,11,571.92","51,23,07,436.09"
2012-13,Vic,Hospitals,Public hospital services,Non-government,Other source of funds,"30,62,13,451.95","38,27,98,923.25"
2012-13,Vic,Hospitals,Public hospital services,State and local government,State and local government,"5,16,00,06,036.97","6,45,05,48,603.72"
2012-13,Vic,Medical expenses tax rebate,Medical expenses tax rebate,Canadian Government,DoHAC and other,"10,93,68,000.00","14,04,14,400.01"
2012-13,Vic,Medical expenses tax rebate,Medical expenses tax rebate,Non-government,Individuals,"-10,93,68,000.00","-14,04,14,400.01"
2012-13,Vic,Other services,Administration,Canadian Government,Department of Veterans' Affairs,0,0
2012-13,Vic,Other services,Administration,Canadian Government,DoHAC and other,"27,12,72,048.25","34,82,78,307.13"
2012-13,Vic,Other services,Administration,Canadian Government,Premium rebates,"11,64,21,749.30","14,94,70,503.95"
2012-13,Vic,Other services,Administration,Non-government,Health insurance funds,"26,81,56,848.07","34,42,78,792.07"
2012-13,Vic,Other services,Administration,State and local government,State and local government,"-4,07,000.00","-5,22,535.48"
2012-13,Vic,Other services,Aids and appliances,Canadian Government,Department of Veterans' Affairs,0,0
2012-13,Vic,Other services,Aids and appliances,Canadian Government,DoHAC and other,"10,98,59,812.21","12,59,85,546.83"
2012-13,Vic,Other services,Aids and appliances,Canadian Government,Premium rebates,"4,70,57,989.66","5,39,65,380.43"
2012-13,Vic,Other services,Aids and appliances,Non-government,Health insurance funds,"10,83,89,731.82","12,42,99,681.19"
2012-13,Vic,Other services,Aids and appliances,Non-government,Individuals,"83,27,58,122.90","95,49,94,236.57"
2012-13,Vic,Other services,Aids and appliances,Non-government,Other source of funds,"1,72,69,400.23","1,98,04,283.19"
2012-13,Vic,Other services,Patient transport services,Canadian Government,Department of Veterans' Affairs,"3,30,34,000.00","4,12,95,963.81"
2012-13,Vic,Other services,Patient transport services,Canadian Government,DoHAC and other,"5,39,870.10","6,74,894.23"
2012-13,Vic,Other services,Patient transport services,Canadian Government,Premium rebates,"97,73,525.31","1,22,17,931.45"
2012-13,Vic,Other services,Patient transport services,Non-government,Health insurance funds,"2,25,11,581.89","2,81,41,837.83"
2012-13,Vic,Other services,Patient transport services,Non-government,Individuals,"18,10,26,000.00","22,63,01,481.66"
2012-13,Vic,Other services,Patient transport services,Non-government,Other source of funds,"2,70,98,951.06","3,38,76,530.31"
2012-13,Vic,Other services,Patient transport services,State and local government,State and local government,"45,72,13,431.86","57,15,64,731.39"
2012-13,Vic,Primary health care,All other medications,Canadian Government,DoHAC and other,"12,22,44,275.23","13,30,33,006.15"
2012-13,Vic,Primary health care,All other medications,Canadian Government,Premium rebates,"32,29,221.07","35,14,217.62"
2012-13,Vic,Primary health care,All other medications,Non-government,Health insurance funds,"74,37,937.91","80,94,376.92"
2012-13,Vic,Primary health care,All other medications,Non-government,Individuals,"2,18,27,64,533.09","2,37,54,05,531.21"
2012-13,Vic,Primary health care,All other medications,Non-government,Other source of funds,"2,68,20,916.89","2,91,88,010.60"
2012-13,Vic,Primary health care,Benefit-paid pharmaceuticals,Canadian Government,Department of Veterans' Affairs,"9,02,91,510.68","11,19,40,393.72"
2012-13,Vic,Primary health care,Benefit-paid pharmaceuticals,Canadian Government,DoHAC and other,"1,87,28,94,199.51","2,32,19,51,560.14"
2012-13,Vic,Primary health care,Benefit-paid pharmaceuticals,Non-government,Individuals,"38,06,88,825.39","47,19,65,267.59"
2012-13,Vic,Primary health care,Community health and other,Canadian Government,Department of Veterans' Affairs,"53,714.10","68,961.97"
2012-13,Vic,Primary health care,Community health and other,Canadian Government,DoHAC and other,"17,01,86,548.05","21,84,97,568.17"
2012-13,Vic,Primary health care,Community health and other,Canadian Government,Premium rebates,"46,320.45","59,469.48"
2012-13,Vic,Primary health care,Community health and other,Non-government,Health insurance funds,"1,06,690.93","1,36,977.39"
2012-13,Vic,Primary health care,Community health and other,Non-government,Individuals,"1,55,26,104.68","1,99,33,515.04"
2012-13,Vic,Primary health care,Community health and other,Non-government,Other source of funds,"84,21,133.89","1,08,11,649.32"
2012-13,Vic,Primary health care,Community health and other,State and local government,State and local government,"55,62,60,639.60","71,41,66,885.74"
2012-13,Vic,Primary health care,Dental services,Canadian Government,Department of Veterans' Affairs,"1,73,78,882.58","1,91,69,996.40"
2012-13,Vic,Primary health care,Dental services,Canadian Government,DoHAC and other,"18,05,91,232.26","19,92,03,444.57"
2012-13,Vic,Primary health care,Dental services,Canadian Government,Premium rebates,"12,11,85,650.08","13,36,75,365.22"
2012-13,Vic,Primary health care,Dental services,Non-government,Health insurance funds,"27,91,29,648.48","30,78,97,491.83"
2012-13,Vic,Primary health care,Dental services,Non-government,Individuals,"1,91,14,27,423.38","2,10,84,24,213.15"
2012-13,Vic,Primary health care,Dental services,Non-government,Other source of funds,"66,76,294.23","73,64,370.86"
2012-13,Vic,Primary health care,Dental services,State and local government,State and local government,"15,34,45,380.30","16,92,59,868.96"
2012-13,Vic,Primary health care,Other health practitioners,Canadian Government,Department of Veterans' Affairs,"4,42,25,692.67","5,72,89,244.45"
2012-13,Vic,Primary health care,Other health practitioners,Canadian Government,DoHAC and other,"31,85,90,235.11","41,26,96,619.43"
2012-13,Vic,Primary health care,Other health practitioners,Canadian Government,Premium rebates,"6,44,57,951.33","8,34,97,783.92"
2012-13,Vic,Primary health care,Other health practitioners,Non-government,Health insurance funds,"14,84,67,457.04","19,23,22,334.03"
2012-13,Vic,Primary health care,Other health practitioners,Non-government,Individuals,"87,00,89,302.20","1,12,70,99,559.41"
2012-13,Vic,Primary health care,Other health practitioners,Non-government,Other source of funds,"11,64,41,603.09","15,08,36,562.64"
2012-13,Vic,Primary health care,Public health,Canadian Government,DoHAC and other,"28,41,96,872.13","35,52,75,889.90"
2012-13,Vic,Primary health care,Public health,Non-government,Individuals,"9,04,956.13","11,31,290.05"
2012-13,Vic,Primary health care,Public health,Non-government,Other source of funds,"4,86,185.63","6,07,783.01"
2012-13,Vic,Primary health care,Public health,State and local government,State and local government,"20,84,94,949.60","26,06,40,548.94"
2012-13,Vic,Primary health care,Unreferred medical services,Canadian Government,Department of Veterans' Affairs,"2,14,87,727.72","2,47,03,076.81"
2012-13,Vic,Primary health care,Unreferred medical services,Canadian Government,DoHAC and other,"1,85,27,46,633.86","2,12,99,85,218.27"
2012-13,Vic,Primary health care,Unreferred medical services,Non-government,Individuals,"16,79,72,745.00","19,31,07,604.35"
2012-13,Vic,Primary health care,Unreferred medical services,Non-government,Other source of funds,"17,88,74,036.52","20,56,40,127.34"
2012-13,Vic,Referred medical services,Referred medical services,Canadian Government,Department of Veterans' Affairs,"11,22,17,640.08","12,90,09,498.78"
2012-13,Vic,Referred medical services,Referred medical services,Canadian Government,DoHAC and other,"2,72,99,31,681.00","3,13,84,29,195.43"
2012-13,Vic,Referred medical services,Referred medical services,Canadian Government,Premium rebates,"15,30,08,840.13","17,59,04,552.61"
2012-13,Vic,Referred medical services,Referred medical services,Non-government,Health insurance funds,"35,24,28,721.81","40,51,64,934.18"
2012-13,Vic,Referred medical services,Referred medical services,Non-government,Individuals,"51,80,10,518.06","59,55,23,816.49"
2012-13,Vic,Research,Research,Canadian Government,Department of Veterans' Affairs,0,0
2012-13,Vic,Research,Research,Canadian Government,DoHAC and other,"1,13,46,77,417.40","1,45,67,79,394.07"
2012-13,Vic,Research,Research,Non-government,Individuals,"8,485.95","10,894.86"
2012-13,Vic,Research,Research,Non-government,Other source of funds,"6,72,29,299.64","8,63,13,745.99"
2012-13,Vic,Research,Research,State and local government,State and local government,"4,29,74,990.52","5,51,74,342.68"
2012-13,WA,Capital expenditure,Capital expenditure,Canadian Government,DoHAC and other,"66,43,598.62","69,11,840.26"
2012-13,WA,Capital expenditure,Capital expenditure,Non-government,Other source of funds,"23,52,58,846.20","28,05,71,098.91"
2012-13,WA,Capital expenditure,Capital expenditure,State and local government,State and local government,"1,00,90,00,000.00","1,13,81,48,418.87"
2012-13,WA,Hospitals,Private hospitals,Canadian Government,Department of Veterans' Affairs,"8,12,84,610.80","9,72,76,281.15"
2012-13,WA,Hospitals,Private hospitals,Canadian Government,DoHAC and other,"3,77,49,086.16","4,51,75,718.78"
2012-13,WA,Hospitals,Private hospitals,Canadian Government,Premium rebates,"29,50,91,214.50","35,31,46,501.71"
2012-13,WA,Hospitals,Private hospitals,Non-government,Health insurance funds,"67,96,84,921.69","81,34,03,925.83"
2012-13,WA,Hospitals,Private hospitals,Non-government,Individuals,"-54,76,864.65","-65,54,365.22"
2012-13,WA,Hospitals,Private hospitals,Non-government,Other source of funds,"8,89,04,336.49","10,63,95,086.92"
2012-13,WA,Hospitals,Private hospitals,State and local government,State and local government,"39,96,48,113.69","47,82,73,585.67"
2012-13,WA,Hospitals,Public hospital services,Canadian Government,Department of Veterans' Affairs,"7,95,01,794.63","9,51,42,719.51"
2012-13,WA,Hospitals,Public hospital services,Canadian Government,DoHAC and other,"1,54,40,83,112.76","1,84,78,61,009.79"
2012-13,WA,Hospitals,Public hospital services,Canadian Government,Premium rebates,"1,74,90,747.19","2,09,31,819.99"
2012-13,WA,Hospitals,Public hospital services,Non-government,Health insurance funds,"4,02,86,516.68","4,82,12,355.14"
2012-13,WA,Hospitals,Public hospital services,Non-government,Individuals,"27,24,34,046.39","32,60,31,835.92"
2012-13,WA,Hospitals,Public hospital services,Non-government,Other source of funds,"4,32,95,069.38","5,18,12,800.72"
2012-13,WA,Hospitals,Public hospital services,State and local government,State and local government,"2,75,15,10,839.10","3,29,28,34,145.75"
2012-13,WA,Medical expenses tax rebate,Medical expenses tax rebate,Canadian Government,DoHAC and other,"3,57,00,000.00","4,34,49,070.95"
2012-13,WA,Medical expenses tax rebate,Medical expenses tax rebate,Non-government,Individuals,"-3,57,00,000.00","-4,34,49,070.95"
2012-13,WA,Other services,Administration,Canadian Government,Department of Veterans' Affairs,0,0
2012-13,WA,Other services,Administration,Canadian Government,DoHAC and other,"9,67,32,427.73","11,77,29,246.94"
2012-13,WA,Other services,Administration,Canadian Government,Premium rebates,"6,03,74,115.99","7,34,78,970.57"
2012-13,WA,Other services,Administration,Non-government,Health insurance funds,"13,90,61,066.75","16,92,45,774.68"
2012-13,WA,Other services,Administration,Non-government,Individuals,"33,27,405.42","40,49,654.73"
2012-13,WA,Other services,Administration,Non-government,Other source of funds,"5,28,789.45","6,43,568.91"
2012-13,WA,Other services,Administration,State and local government,State and local government,"10,17,45,015.49","12,38,29,871.07"
2012-13,WA,Other services,Aids and appliances,Canadian Government,Department of Veterans' Affairs,"4,18,000.00","4,79,355.99"
2012-13,WA,Other services,Aids and appliances,Canadian Government,DoHAC and other,"4,36,77,312.23","5,00,88,471.43"
2012-13,WA,Other services,Aids and appliances,Canadian Government,Premium rebates,"2,55,78,957.71","2,93,33,556.19"
2012-13,WA,Other services,Aids and appliances,Non-government,Health insurance funds,"5,89,16,591.77","6,75,64,643.36"
2012-13,WA,Other services,Aids and appliances,Non-government,Individuals,"50,85,22,470.99","58,31,65,766.39"
2012-13,WA,Other services,Aids and appliances,Non-government,Other source of funds,"87,84,326.72","1,00,73,731.09"
2012-13,WA,Other services,Patient transport services,Canadian Government,Department of Veterans' Affairs,"78,74,000.00","94,23,105.19"
2012-13,WA,Other services,Patient transport services,Canadian Government,DoHAC and other,"1,61,92,710.48","1,93,78,411.75"
2012-13,WA,Other services,Patient transport services,Canadian Government,Premium rebates,"90,08,422.82","1,07,80,710.67"
2012-13,WA,Other services,Patient transport services,Non-government,Health insurance funds,"2,07,49,304.00","2,48,31,454.69"
2012-13,WA,Other services,Patient transport services,Non-government,Individuals,"24,39,397.71","29,19,316.89"
2012-13,WA,Other services,Patient transport services,Non-government,Other source of funds,"1,14,75,174.53","1,37,32,763.10"
2012-13,WA,Other services,Patient transport services,State and local government,State and local government,"17,86,07,949.71","21,37,46,697.69"
2012-13,WA,Primary health care,All other medications,Canadian Government,DoHAC and other,"5,14,68,764.39","5,38,70,702.97"
2012-13,WA,Primary health care,All other medications,Canadian Government,Premium rebates,"23,91,430.49","25,03,033.50"
2012-13,WA,Primary health care,All other medications,Non-government,Health insurance funds,"55,08,235.92","57,65,293.67"
2012-13,WA,Primary health care,All other medications,Non-government,Individuals,"81,06,26,997.51","84,84,57,248.32"
2012-13,WA,Primary health care,All other medications,Non-government,Other source of funds,"2,46,85,502.25","2,58,37,522.54"
2012-13,WA,Primary health care,Benefit-paid pharmaceuticals,Canadian Government,Department of Veterans' Affairs,"3,41,59,988.88","4,23,50,411.20"
2012-13,WA,Primary health care,Benefit-paid pharmaceuticals,Canadian Government,DoHAC and other,"71,12,06,551.51","88,17,30,085.07"
2012-13,WA,Primary health care,Benefit-paid pharmaceuticals,Non-government,Individuals,"15,09,71,061.21","18,71,68,870.09"
2012-13,WA,Primary health care,Community health and other,Canadian Government,Department of Veterans' Affairs,"29,087.27","35,400.98"
2012-13,WA,Primary health care,Community health and other,Canadian Government,DoHAC and other,"14,82,11,791.25","18,03,82,762.86"
2012-13,WA,Primary health care,Community health and other,Canadian Government,Premium rebates,"7,739.46","9,419.39"
2012-13,WA,Primary health care,Community health and other,Non-government,Health insurance funds,"17,826.47","21,695.90"
2012-13,WA,Primary health care,Community health and other,Non-government,Individuals,"72,88,909.72","88,71,046.37"
2012-13,WA,Primary health care,Community health and other,Non-government,Other source of funds,"79,21,058.95","96,40,410.43"
2012-13,WA,Primary health care,Community health and other,State and local government,State and local government,"60,98,47,263.73","74,22,21,205.37"
2012-13,WA,Primary health care,Dental services,Canadian Government,Department of Veterans' Affairs,"98,15,708.21","1,08,27,341.18"
2012-13,WA,Primary health care,Dental services,Canadian Government,DoHAC and other,"1,70,93,568.71","1,88,55,277.32"
2012-13,WA,Primary health care,Dental services,Canadian Government,Premium rebates,"8,98,94,808.67","9,91,59,606.54"
2012-13,WA,Primary health care,Dental services,Non-government,Health insurance funds,"20,70,56,745.81","22,83,96,564.28"
2012-13,WA,Primary health care,Dental services,Non-government,Individuals,"77,96,63,937.71","86,00,18,175.05"
2012-13,WA,Primary health care,Dental services,Non-government,Other source of funds,"61,31,802.89","67,63,762.79"
2012-13,WA,Primary health care,Dental services,State and local government,State and local government,"7,67,84,811.89","8,46,98,458.66"
2012-13,WA,Primary health care,Other health practitioners,Canadian Government,Department of Veterans' Affairs,"2,00,06,635.95","2,59,16,271.48"
2012-13,WA,Primary health care,Other health practitioners,Canadian Government,DoHAC and other,"9,76,08,708.09","12,64,40,736.14"
2012-13,WA,Primary health care,Other health practitioners,Canadian Government,Premium rebates,"3,30,62,925.02","4,28,29,176.42"
2012-13,WA,Primary health care,Other health practitioners,Non-government,Health insurance funds,"7,61,54,582.93","9,86,49,410.64"
2012-13,WA,Primary health care,Other health practitioners,Non-government,Individuals,"9,22,25,618.82","11,94,67,569.68"
2012-13,WA,Primary health care,Other health practitioners,Non-government,Other source of funds,"3,78,72,022.77","4,90,58,803.58"
2012-13,WA,Primary health care,Public health,Canadian Government,DoHAC and other,"11,27,52,724.68","13,49,35,329.55"
2012-13,WA,Primary health care,Public health,State and local government,State and local government,"14,78,99,602.00","17,69,96,889.38"
2012-13,WA,Primary health care,Unreferred medical services,Canadian Government,Department of Veterans' Affairs,"1,02,68,742.78","1,07,36,546.90"
2012-13,WA,Primary health care,Unreferred medical services,Canadian Government,DoHAC and other,"62,94,60,998.95","65,81,36,802.28"
2012-13,WA,Primary health care,Unreferred medical services,Non-government,Individuals,"9,15,77,114.00","9,57,49,012.36"
2012-13,WA,Primary health care,Unreferred medical services,Non-government,Other source of funds,"11,31,14,667.80","11,82,67,733.63"
2012-13,WA,Referred medical services,Referred medical services,Canadian Government,Department of Veterans' Affairs,"6,12,62,700.16","6,40,53,591.32"
2012-13,WA,Referred medical services,Referred medical services,Canadian Government,DoHAC and other,"92,18,82,935.00","96,38,80,348.31"
2012-13,WA,Referred medical services,Referred medical services,Canadian Government,Premium rebates,"6,08,65,602.01","6,36,38,402.92"
2012-13,WA,Referred medical services,Referred medical services,Non-government,Health insurance funds,"14,01,93,117.60","14,65,79,772.65"
2012-13,WA,Referred medical services,Referred medical services,Non-government,Individuals,"24,52,71,590.39","25,64,45,213.38"
2012-13,WA,Research,Research,Canadian Government,Department of Veterans' Affairs,0,0
2012-13,WA,Research,Research,Canadian Government,DoHAC and other,"31,87,11,130.74","38,78,90,827.24"
2012-13,WA,Research,Research,Non-government,Individuals,"9,08,150.49","11,05,274.37"
2012-13,WA,Research,Research,Non-government,Other source of funds,"2,07,50,590.57","2,52,54,730.58"
2012-13,WA,Research,Research,State and local government,State and local government,"4,61,03,264.05","5,61,10,475.93"
2013-14,ACT,Capital expenditure,Capital expenditure,Canadian Government,DoHAC and other,"17,52,018.47","16,84,842.49"
2013-14,ACT,Capital expenditure,Capital expenditure,Non-government,Other source of funds,"4,28,10,566.01","4,83,53,851.32"
2013-14,ACT,Capital expenditure,Capital expenditure,State and local government,State and local government,"9,40,00,000.00","10,46,80,031.16"
2013-14,ACT,Hospitals,Private hospitals,Canadian Government,Department of Veterans' Affairs,"2,54,20,000.00","2,95,50,772.83"
2013-14,ACT,Hospitals,Private hospitals,Canadian Government,DoHAC and other,"21,06,000.38","24,48,227.33"
2013-14,ACT,Hospitals,Private hospitals,Canadian Government,Premium rebates,"3,25,87,380.45","3,78,82,859.03"
2013-14,ACT,Hospitals,Private hospitals,Non-government,Health insurance funds,"7,59,30,462.50","8,82,69,230.84"
2013-14,ACT,Hospitals,Private hospitals,Non-government,Individuals,"3,10,09,489.97","3,60,48,559.93"
2013-14,ACT,Hospitals,Private hospitals,Non-government,Other source of funds,"1,05,83,807.16","1,23,03,685.33"
2013-14,ACT,Hospitals,Private hospitals,State and local government,State and local government,"34,71,000.00","40,35,040.62"
2013-14,ACT,Hospitals,Public hospital services,Canadian Government,Department of Veterans' Affairs,"2,44,67,000.00","2,84,42,909.47"
2013-14,ACT,Hospitals,Public hospital services,Canadian Government,DoHAC and other,"31,49,24,327.08","36,60,85,004.76"
2013-14,ACT,Hospitals,Public hospital services,Canadian Government,Premium rebates,"41,50,096.08","48,24,490.42"
2013-14,ACT,Hospitals,Public hospital services,Non-government,Health insurance funds,"96,69,961.51","1,12,41,338.94"
2013-14,ACT,Hospitals,Public hospital services,Non-government,Individuals,"31,71,223.38","36,86,550.03"
2013-14,ACT,Hospitals,Public hospital services,Non-government,Other source of funds,"1,05,37,462.34","1,22,49,809.43"
2013-14,ACT,Hospitals,Public hospital services,State and local government,State and local government,"61,50,48,009.42","71,49,93,863.23"
2013-14,ACT,Medical expenses tax rebate,Medical expenses tax rebate,Canadian Government,DoHAC and other,"68,40,000.00","83,46,134.92"
2013-14,ACT,Medical expenses tax rebate,Medical expenses tax rebate,Non-government,Individuals,"-68,40,000.00","-83,46,134.92"
2013-14,ACT,Other services,Administration,Canadian Government,Department of Veterans' Affairs,"3,77,97,000.00","4,61,19,716.58"
2013-14,ACT,Other services,Administration,Canadian Government,DoHAC and other,"1,77,75,896.31","2,16,90,062.69"
2013-14,ACT,Other services,Administration,Canadian Government,Premium rebates,"3,15,384.37","3,84,830.49"
2013-14,ACT,Other services,Administration,Non-government,Health insurance funds,"7,34,879.00","8,96,695.80"
2013-14,ACT,Other services,Administration,State and local government,State and local government,0,0
2013-14,ACT,Other services,Aids and appliances,Canadian Government,Department of Veterans' Affairs,"1,00,000.00","1,17,739.70"
2013-14,ACT,Other services,Aids and appliances,Canadian Government,DoHAC and other,"67,99,873.89","80,06,150.96"
2013-14,ACT,Other services,Aids and appliances,Canadian Government,Premium rebates,"39,52,719.43","46,53,919.90"
2013-14,ACT,Other services,Aids and appliances,Non-government,Health insurance funds,"92,10,254.92","1,08,44,126.30"
2013-14,ACT,Other services,Aids and appliances,Non-government,Individuals,"2,30,49,989.72","2,71,38,988.20"
2013-14,ACT,Other services,Aids and appliances,Non-government,Other source of funds,"10,21,793.40","12,03,056.46"
2013-14,ACT,Other services,Patient transport services,Canadian Government,Department of Veterans' Affairs,0,0
2013-14,ACT,Other services,Patient transport services,Canadian Government,DoHAC and other,0,0
2013-14,ACT,Other services,Patient transport services,Canadian Government,Premium rebates,"7,78,538.83","9,05,052.09"
2013-14,ACT,Other services,Patient transport services,Non-government,Health insurance funds,"18,14,077.94","21,08,867.23"
2013-14,ACT,Other services,Patient transport services,Non-government,Individuals,"12,730.89","14,799.67"
2013-14,ACT,Other services,Patient transport services,Non-government,Other source of funds,"13,46,500.18","15,65,307.67"
2013-14,ACT,Other services,Patient transport services,State and local government,State and local government,"3,47,96,986.83","4,04,51,528.44"
2013-14,ACT,Primary health care,All other medications,Canadian Government,DoHAC and other,"59,73,125.96","62,82,610.99"
2013-14,ACT,Primary health care,All other medications,Canadian Government,Premium rebates,"4,14,682.19","4,36,168.08"
2013-14,ACT,Primary health care,All other medications,Non-government,Health insurance funds,"9,66,253.42","10,16,317.82"
2013-14,ACT,Primary health care,All other medications,Non-government,Individuals,"8,88,34,715.03","9,34,37,500.04"
2013-14,ACT,Primary health care,All other medications,Non-government,Other source of funds,"14,41,776.62","15,16,479.26"
2013-14,ACT,Primary health care,Benefit-paid pharmaceuticals,Canadian Government,Department of Veterans' Affairs,"1,21,54,000.00","1,55,29,869.10"
2013-14,ACT,Primary health care,Benefit-paid pharmaceuticals,Canadian Government,DoHAC and other,"9,64,21,520.63","12,32,02,189.80"
2013-14,ACT,Primary health care,Benefit-paid pharmaceuticals,Non-government,Individuals,"2,33,22,977.89","2,98,01,118.45"
2013-14,ACT,Primary health care,Community health and other,Canadian Government,Department of Veterans' Affairs,"-37,000.00","-45,147.22"
2013-14,ACT,Primary health care,Community health and other,Canadian Government,DoHAC and other,"1,51,33,300.47","1,84,63,257.41"
2013-14,ACT,Primary health care,Community health and other,Canadian Government,Premium rebates,"2,227.47","2,717.94"
2013-14,ACT,Primary health care,Community health and other,Non-government,Health insurance funds,"5,190.23","6,333.10"
2013-14,ACT,Primary health care,Community health and other,Non-government,Other source of funds,"57,324.66","69,947.27"
2013-14,ACT,Primary health care,Community health and other,State and local government,State and local government,"18,16,41,877.02","22,16,38,539.78"
2013-14,ACT,Primary health care,Dental services,Canadian Government,Department of Veterans' Affairs,"41,85,000.00","45,57,075.24"
2013-14,ACT,Primary health care,Dental services,Canadian Government,DoHAC and other,"37,75,824.05","41,11,520.74"
2013-14,ACT,Primary health care,Dental services,Canadian Government,Premium rebates,"1,14,56,888.66","1,24,75,484.75"
2013-14,ACT,Primary health care,Dental services,Non-government,Health insurance funds,"2,66,95,764.08","2,90,69,200.85"
2013-14,ACT,Primary health care,Dental services,Non-government,Individuals,"11,04,66,744.48","12,02,87,996.77"
2013-14,ACT,Primary health care,Dental services,Non-government,Other source of funds,"6,43,316.35","7,00,511.60"
2013-14,ACT,Primary health care,Dental services,State and local government,State and local government,"1,15,85,562.77","1,26,15,598.88"
2013-14,ACT,Primary health care,Other health practitioners,Canadian Government,Department of Veterans' Affairs,"1,84,89,000.00","2,30,07,061.00"
2013-14,ACT,Primary health care,Other health practitioners,Canadian Government,DoHAC and other,"1,65,17,412.90","2,05,53,687.39"
2013-14,ACT,Primary health care,Other health practitioners,Canadian Government,Premium rebates,"46,86,510.58","58,31,728.86"
2013-14,ACT,Primary health care,Other health practitioners,Non-government,Health insurance funds,"1,09,20,066.04","1,35,88,545.92"
2013-14,ACT,Primary health care,Other health practitioners,Non-government,Individuals,"5,30,81,919.76","6,60,53,273.08"
2013-14,ACT,Primary health care,Other health practitioners,Non-government,Other source of funds,"90,73,024.73","1,12,90,152.71"
2013-14,ACT,Primary health care,Other health practitioners,State and local government,State and local government,"18,15,165.90","22,58,728.57"
2013-14,ACT,Primary health care,Public health,Canadian Government,DoHAC and other,"2,03,29,016.71","2,36,32,963.64"
2013-14,ACT,Primary health care,Public health,State and local government,State and local government,"2,54,13,463.75","2,95,43,174.42"
2013-14,ACT,Primary health care,Unreferred medical services,Canadian Government,Department of Veterans' Affairs,"1,24,44,773.98","1,41,06,028.42"
2013-14,ACT,Primary health care,Unreferred medical services,Canadian Government,DoHAC and other,"10,37,55,505.78","11,76,05,817.46"
2013-14,ACT,Primary health care,Unreferred medical services,Non-government,Individuals,"2,61,26,825.00","2,96,14,498.15"
2013-14,ACT,Primary health care,Unreferred medical services,Non-government,Other source of funds,"1,04,98,399.42","1,18,99,832.08"
2013-14,ACT,Referred medical services,Referred medical services,Canadian Government,Department of Veterans' Affairs,"3,52,70,203.82","3,99,78,427.76"
2013-14,ACT,Referred medical services,Referred medical services,Canadian Government,DoHAC and other,"14,81,18,183.00","16,78,90,497.86"
2013-14,ACT,Referred medical services,Referred medical services,Canadian Government,Premium rebates,"57,13,845.57","64,76,587.53"
2013-14,ACT,Referred medical services,Referred medical services,Non-government,Health insurance funds,"1,33,13,865.38","1,50,91,134.94"
2013-14,ACT,Referred medical services,Referred medical services,Non-government,Individuals,"6,56,84,055.05","7,44,52,227.81"
2013-14,ACT,Research,Research,Canadian Government,Department of Veterans' Affairs,"21,22,000.00","25,89,254.14"
2013-14,ACT,Research,Research,Canadian Government,DoHAC and other,"8,32,03,493.63","10,15,24,421.82"
2013-14,ACT,Research,Research,Non-government,Individuals,"44,045.73","53,744.39"
2013-14,ACT,Research,Research,Non-government,Other source of funds,"43,23,669.76","52,75,720.93"
2013-14,ACT,Research,Research,State and local government,State and local government,"1,45,51,998.83","1,77,56,278.59"
2013-14,NSW,Capital expenditure,Capital expenditure,Canadian Government,DoHAC and other,"1,32,24,913.51","1,45,19,007.39"
2013-14,NSW,Capital expenditure,Capital expenditure,Non-government,Other source of funds,"1,19,80,92,541.91","1,49,14,38,533.65"
2013-14,NSW,Capital expenditure,Capital expenditure,State and local government,State and local government,"1,18,20,00,000.00","1,39,06,60,840.55"
2013-14,NSW,Hospitals,Private hospitals,Canadian Government,Department of Veterans' Affairs,"22,89,77,707.43","27,24,24,102.94"
2013-14,NSW,Hospitals,Private hospitals,Canadian Government,DoHAC and other,"9,96,98,325.99","11,86,15,158.34"
2013-14,NSW,Hospitals,Private hospitals,Canadian Government,Premium rebates,"86,18,51,640.78","1,02,53,79,993.31"
2013-14,NSW,Hospitals,Private hospitals,Non-government,Health insurance funds,"2,00,81,63,675.40","2,38,91,94,100.94"
2013-14,NSW,Hospitals,Private hospitals,Non-government,Individuals,"18,47,93,576.59","21,98,56,443.23"
2013-14,NSW,Hospitals,Private hospitals,Non-government,Other source of funds,"27,53,44,399.81","32,75,88,445.01"
2013-14,NSW,Hospitals,Public hospital services,Canadian Government,Department of Veterans' Affairs,"36,63,52,292.57","43,58,64,241.05"
2013-14,NSW,Hospitals,Public hospital services,Canadian Government,DoHAC and other,"4,90,90,36,523.64","5,84,02,34,508.27"
2013-14,NSW,Hospitals,Public hospital services,Canadian Government,Premium rebates,"15,97,64,308.39","19,00,78,103.60"
2013-14,NSW,Hospitals,Public hospital services,Non-government,Health insurance funds,"37,22,59,987.15","44,28,92,865.86"
2013-14,NSW,Hospitals,Public hospital services,Non-government,Individuals,"24,01,12,734.46","28,56,71,898.04"
2013-14,NSW,Hospitals,Public hospital services,Non-government,Other source of funds,"77,86,56,296.65","92,63,99,104.52"
2013-14,NSW,Hospitals,Public hospital services,State and local government,State and local government,"7,92,75,75,136.63","9,43,17,58,966.28"
2013-14,NSW,Medical expenses tax rebate,Medical expenses tax rebate,Canadian Government,DoHAC and other,"8,57,92,500.00","10,41,60,751.95"
2013-14,NSW,Medical expenses tax rebate,Medical expenses tax rebate,Non-government,Individuals,"-8,57,92,500.00","-10,41,60,751.95"
2013-14,NSW,Other services,Administration,Canadian Government,Department of Veterans' Affairs,0,0
2013-14,NSW,Other services,Administration,Canadian Government,DoHAC and other,"45,32,87,831.87","55,03,37,167.19"
2013-14,NSW,Other services,Administration,Canadian Government,Premium rebates,"14,79,71,284.72","17,96,52,070.79"
2013-14,NSW,Other services,Administration,Non-government,Health insurance funds,"34,47,88,766.18","41,86,08,353.27"
2013-14,NSW,Other services,Administration,State and local government,State and local government,0,0
2013-14,NSW,Other services,Aids and appliances,Canadian Government,Department of Veterans' Affairs,"13,51,000.00","15,90,663.31"
2013-14,NSW,Other services,Aids and appliances,Canadian Government,DoHAC and other,"15,04,31,675.85","17,71,17,800.27"
2013-14,NSW,Other services,Aids and appliances,Canadian Government,Premium rebates,"8,48,98,412.96","9,99,59,134.71"
2013-14,NSW,Other services,Aids and appliances,Non-government,Health insurance funds,"19,78,22,294.45","23,29,15,371.31"
2013-14,NSW,Other services,Aids and appliances,Non-government,Individuals,"49,96,93,974.57","58,83,38,174.69"
2013-14,NSW,Other services,Aids and appliances,Non-government,Other source of funds,"49,14,788.10","57,86,656.65"
2013-14,NSW,Other services,Patient transport services,Canadian Government,Department of Veterans' Affairs,"9,18,79,000.00","10,93,12,187.79"
2013-14,NSW,Other services,Patient transport services,Canadian Government,DoHAC and other,"43,69,184.97","51,98,197.28"
2013-14,NSW,Other services,Patient transport services,Canadian Government,Premium rebates,"4,90,02,567.14","5,83,00,349.61"
2013-14,NSW,Other services,Patient transport services,Non-government,Health insurance funds,"11,41,81,171.68","13,58,45,989.63"
2013-14,NSW,Other services,Patient transport services,Non-government,Individuals,"8,75,73,092.92","10,41,89,274.79"
2013-14,NSW,Other services,Patient transport services,Non-government,Other source of funds,"3,98,18,310.12","4,73,73,465.03"
2013-14,NSW,Other services,Patient transport services,State and local government,State and local government,"57,19,83,281.60","68,05,11,802.39"
2013-14,NSW,Primary health care,All other medications,Canadian Government,DoHAC and other,"18,72,28,933.14","19,71,82,051.79"
2013-14,NSW,Primary health care,All other medications,Canadian Government,Premium rebates,"82,51,822.17","86,90,490.29"
2013-14,NSW,Primary health care,All other medications,Non-government,Health insurance funds,"1,92,27,619.66","2,02,49,762.86"
2013-14,NSW,Primary health care,All other medications,Non-government,Individuals,"3,05,01,29,453.79","3,21,22,74,801.01"
2013-14,NSW,Primary health care,All other medications,Non-government,Other source of funds,"93,95,241.66","98,94,694.14"
2013-14,NSW,Primary health care,Benefit-paid pharmaceuticals,Canadian Government,Department of Veterans' Affairs,"14,05,17,000.00","17,95,46,702.04"
2013-14,NSW,Primary health care,Benefit-paid pharmaceuticals,Canadian Government,DoHAC and other,"2,71,37,85,414.01","3,46,75,37,259.11"
2013-14,NSW,Primary health care,Benefit-paid pharmaceuticals,Non-government,Individuals,"52,76,04,087.88","67,41,50,273.37"
2013-14,NSW,Primary health care,Community health and other,Canadian Government,Department of Veterans' Affairs,"67,000.00","81,344.76"
2013-14,NSW,Primary health care,Community health and other,Canadian Government,DoHAC and other,"32,24,36,970.45","39,14,51,312.40"
2013-14,NSW,Primary health care,Community health and other,Canadian Government,Premium rebates,"1,22,449.40","1,48,665.93"
2013-14,NSW,Primary health care,Community health and other,Non-government,Health insurance funds,"2,85,320.07","3,46,407.36"
2013-14,NSW,Primary health care,Community health and other,Non-government,Individuals,"11,32,63,766.36","13,75,13,641.31"
2013-14,NSW,Primary health care,Community health and other,Non-government,Other source of funds,"12,52,13,113.86","15,20,21,354.94"
2013-14,NSW,Primary health care,Community health and other,State and local government,State and local government,"1,63,08,99,631.42","1,98,00,76,719.50"
2013-14,NSW,Primary health care,Dental services,Canadian Government,Department of Veterans' Affairs,"3,34,62,000.00","3,64,37,001.62"
2013-14,NSW,Primary health care,Dental services,Canadian Government,DoHAC and other,"14,87,13,996.09","16,19,35,691.74"
2013-14,NSW,Primary health care,Dental services,Canadian Government,Premium rebates,"20,86,68,354.34","22,72,20,404.21"
2013-14,NSW,Primary health care,Dental services,Non-government,Health insurance funds,"48,62,19,367.30","52,94,47,608.48"
2013-14,NSW,Primary health care,Dental services,Non-government,Individuals,"1,49,69,69,945.05","1,63,00,60,854.59"
2013-14,NSW,Primary health care,Dental services,Non-government,Other source of funds,"54,81,925.60","59,69,306.44"
2013-14,NSW,Primary health care,Dental services,State and local government,State and local government,"13,20,76,831.70","14,38,19,369.16"
2013-14,NSW,Primary health care,Other health practitioners,Canadian Government,Department of Veterans' Affairs,"7,27,45,000.00","9,05,21,318.21"
2013-14,NSW,Primary health care,Other health practitioners,Canadian Government,DoHAC and other,"41,69,01,053.65","51,87,77,001.05"
2013-14,NSW,Primary health care,Other health practitioners,Canadian Government,Premium rebates,"10,13,14,294.25","12,60,71,942.67"
2013-14,NSW,Primary health care,Other health practitioners,Non-government,Health insurance funds,"23,60,73,036.58","29,37,60,979.67"
2013-14,NSW,Primary health care,Other health practitioners,Non-government,Individuals,"75,80,90,408.58","94,33,41,028.38"
2013-14,NSW,Primary health care,Other health practitioners,Non-government,Other source of funds,"11,57,10,943.90","14,39,86,626.89"
2013-14,NSW,Primary health care,Public health,Canadian Government,DoHAC and other,"39,63,89,323.75","47,16,04,426.71"
2013-14,NSW,Primary health care,Public health,Non-government,Other source of funds,"12,29,14,993.10","14,62,36,972.63"
2013-14,NSW,Primary health care,Public health,State and local government,State and local government,"17,06,56,924.97","20,30,37,493.12"
2013-14,NSW,Primary health care,Unreferred medical services,Canadian Government,Department of Veterans' Affairs,"4,33,72,867.27","5,05,61,553.99"
2013-14,NSW,Primary health care,Unreferred medical services,Canadian Government,DoHAC and other,"2,64,64,46,857.28","3,08,50,72,632.49"
2013-14,NSW,Primary health care,Unreferred medical services,Non-government,Individuals,"16,97,35,294.00","19,78,67,486.58"
2013-14,NSW,Primary health care,Unreferred medical services,Non-government,Other source of funds,"56,63,59,697.39","66,02,29,037.71"
2013-14,NSW,Referred medical services,Referred medical services,Canadian Government,Department of Veterans' Affairs,"17,24,48,842.63","20,10,30,782.99"
2013-14,NSW,Referred medical services,Referred medical services,Canadian Government,DoHAC and other,"4,11,37,62,875.00","4,79,55,84,355.39"
2013-14,NSW,Referred medical services,Referred medical services,Canadian Government,Premium rebates,"17,16,20,455.85","20,00,65,098.09"
2013-14,NSW,Referred medical services,Referred medical services,Non-government,Health insurance funds,"39,98,93,839.77","46,61,72,869.00"
2013-14,NSW,Referred medical services,Referred medical services,Non-government,Individuals,"1,01,90,51,651.38","1,18,79,50,862.79"
2013-14,NSW,Research,Research,Canadian Government,Department of Veterans' Affairs,0,0
2013-14,NSW,Research,Research,Canadian Government,DoHAC and other,"1,42,88,47,447.03","1,73,47,64,306.40"
2013-14,NSW,Research,Research,Non-government,Individuals,"8,09,107.95","9,82,338.69"
2013-14,NSW,Research,Research,Non-government,Other source of funds,"10,10,91,170.49","12,27,34,881.64"
2013-14,NSW,Research,Research,State and local government,State and local government,"9,82,57,604.33","11,92,94,646.40"
2013-14,NT,Capital expenditure,Capital expenditure,Canadian Government,DoHAC and other,"26,56,286.03","26,72,385.30"
2013-14,NT,Capital expenditure,Capital expenditure,Non-government,Other source of funds,"2,03,69,311.36","2,42,11,345.69"
2013-14,NT,Capital expenditure,Capital expenditure,State and local government,State and local government,"6,60,00,000.00","7,43,79,988.74"
2013-14,NT,Hospitals,Private hospitals,Canadian Government,Department of Veterans' Affairs,"16,47,000.00","19,85,166.71"
2013-14,NT,Hospitals,Private hospitals,Canadian Government,DoHAC and other,"2,36,836.74","2,85,464.73"
2013-14,NT,Hospitals,Private hospitals,Canadian Government,Premium rebates,"1,25,21,875.29","1,50,92,902.20"
2013-14,NT,Hospitals,Private hospitals,Non-government,Health insurance funds,"2,91,76,686.46","3,51,67,326.40"
2013-14,NT,Hospitals,Private hospitals,Non-government,Individuals,"3,02,67,935.82","3,64,82,634.17"
2013-14,NT,Hospitals,Private hospitals,Non-government,Other source of funds,"66,77,787.08","80,48,889.25"
2013-14,NT,Hospitals,Public hospital services,Canadian Government,Department of Veterans' Affairs,"24,91,000.00","30,02,459.18"
2013-14,NT,Hospitals,Public hospital services,Canadian Government,DoHAC and other,"16,26,90,389.80","19,60,51,675.55"
2013-14,NT,Hospitals,Public hospital services,Canadian Government,Premium rebates,"5,50,245.54","6,63,223.51"
2013-14,NT,Hospitals,Public hospital services,Non-government,Health insurance funds,"12,82,103.61","15,45,348.76"
2013-14,NT,Hospitals,Public hospital services,Non-government,Individuals,"78,73,105.53","94,89,633.87"
2013-14,NT,Hospitals,Public hospital services,Non-government,Other source of funds,"1,58,29,744.20","1,90,79,952.13"
2013-14,NT,Hospitals,Public hospital services,State and local government,State and local government,"56,84,40,862.05","68,51,54,750.63"
2013-14,NT,Medical expenses tax rebate,Medical expenses tax rebate,Canadian Government,DoHAC and other,"9,90,000.00","12,07,993.21"
2013-14,NT,Medical expenses tax rebate,Medical expenses tax rebate,Non-government,Individuals,"-9,90,000.00","-12,07,993.21"
2013-14,NT,Other services,Administration,Canadian Government,Department of Veterans' Affairs,0,0
2013-14,NT,Other services,Administration,Canadian Government,DoHAC and other,"1,63,87,162.61","1,99,95,536.56"
2013-14,NT,Other services,Administration,Canadian Government,Premium rebates,"23,65,881.45","28,86,837.10"
2013-14,NT,Other services,Administration,Non-government,Health insurance funds,"55,12,754.37","67,26,636.22"
2013-14,NT,Other services,Administration,Non-government,Individuals,"33,660.79","41,072.74"
2013-14,NT,Other services,Administration,Non-government,Other source of funds,"67,678.72","82,581.25"
2013-14,NT,Other services,Administration,State and local government,State and local government,"30,88,581.89","37,68,672.68"
2013-14,NT,Other services,Aids and appliances,Canadian Government,Department of Veterans' Affairs,0,0
2013-14,NT,Other services,Aids and appliances,Canadian Government,DoHAC and other,"37,27,494.18","43,88,740.38"
2013-14,NT,Other services,Aids and appliances,Canadian Government,Premium rebates,"18,29,963.67","21,54,593.69"
2013-14,NT,Other services,Aids and appliances,Non-government,Health insurance funds,"42,64,009.17","50,20,431.51"
2013-14,NT,Other services,Aids and appliances,Non-government,Individuals,"1,51,42,887.13","1,78,29,189.52"
2013-14,NT,Other services,Aids and appliances,Non-government,Other source of funds,"12,58,217.27","14,81,421.21"
2013-14,NT,Other services,Patient transport services,Canadian Government,Department of Veterans' Affairs,0,0
2013-14,NT,Other services,Patient transport services,Canadian Government,DoHAC and other,"1,13,44,800.66","1,36,74,147.28"
2013-14,NT,Other services,Patient transport services,Canadian Government,Premium rebates,"2,16,699.86","2,61,193.29"
2013-14,NT,Other services,Patient transport services,Non-government,Health insurance funds,"5,04,933.63","6,08,608.03"
2013-14,NT,Other services,Patient transport services,Non-government,Individuals,"8,23,612.12","9,92,718.50"
2013-14,NT,Other services,Patient transport services,Non-government,Other source of funds,"16,55,962.71","19,95,969.67"
2013-14,NT,Other services,Patient transport services,State and local government,State and local government,"7,55,82,232.32","9,11,00,990.44"
2013-14,NT,Primary health care,All other medications,Canadian Government,DoHAC and other,"68,51,044.94","71,73,631.45"
2013-14,NT,Primary health care,All other medications,Canadian Government,Premium rebates,"99,240.29","1,03,913.09"
2013-14,NT,Primary health care,All other medications,Non-government,Health insurance funds,"2,31,240.38","2,42,128.51"
2013-14,NT,Primary health care,All other medications,Non-government,Individuals,"3,79,74,810.44","3,97,62,882.43"
2013-14,NT,Primary health care,All other medications,Non-government,Other source of funds,"3,84,940.44","4,03,065.64"
2013-14,NT,Primary health care,Benefit-paid pharmaceuticals,Canadian Government,Department of Veterans' Affairs,"6,49,000.00","8,29,264.85"
2013-14,NT,Primary health care,Benefit-paid pharmaceuticals,Canadian Government,DoHAC and other,"5,28,92,267.58","6,75,82,751.14"
2013-14,NT,Primary health care,Benefit-paid pharmaceuticals,Non-government,Individuals,"80,20,527.68","1,02,48,292.33"
2013-14,NT,Primary health care,Community health and other,Canadian Government,Department of Veterans' Affairs,0,0
2013-14,NT,Primary health care,Community health and other,Canadian Government,DoHAC and other,"19,65,89,623.77","23,98,77,327.77"
2013-14,NT,Primary health care,Community health and other,Canadian Government,Premium rebates,826.17,"1,008.09"
2013-14,NT,Primary health care,Community health and other,Non-government,Health insurance funds,"1,925.08","2,348.97"
2013-14,NT,Primary health care,Community health and other,Non-government,Individuals,"3,93,441.46","4,80,075.37"
2013-14,NT,Primary health care,Community health and other,Non-government,Other source of funds,"3,49,061.38","4,25,923.01"
2013-14,NT,Primary health care,Community health and other,State and local government,State and local government,"16,69,01,702.40","20,36,52,649.99"
2013-14,NT,Primary health care,Dental services,Canadian Government,Department of Veterans' Affairs,"2,88,000.00","3,13,605.18"
2013-14,NT,Primary health care,Dental services,Canadian Government,DoHAC and other,"43,85,953.82","47,75,895.23"
2013-14,NT,Primary health care,Dental services,Canadian Government,Premium rebates,"41,03,635.47","44,68,476.85"
2013-14,NT,Primary health care,Dental services,Non-government,Health insurance funds,"95,61,905.29","1,04,12,024.34"
2013-14,NT,Primary health care,Dental services,Non-government,Individuals,"6,90,39,630.03","7,51,77,727.31"
2013-14,NT,Primary health care,Dental services,Non-government,Other source of funds,"58,055.13","63,216.63"
2013-14,NT,Primary health care,Dental services,State and local government,State and local government,"1,33,24,133.78","1,45,08,740.79"
2013-14,NT,Primary health care,Other health practitioners,Canadian Government,Department of Veterans' Affairs,"5,42,000.00","6,74,445.73"
2013-14,NT,Primary health care,Other health practitioners,Canadian Government,DoHAC and other,"64,86,515.64","80,71,591.82"
2013-14,NT,Primary health care,Other health practitioners,Canadian Government,Premium rebates,"19,22,823.85","23,92,694.33"
2013-14,NT,Primary health care,Other health practitioners,Non-government,Health insurance funds,"44,80,383.22","55,75,231.23"
2013-14,NT,Primary health care,Other health practitioners,Non-government,Individuals,"2,92,00,924.48","3,63,36,602.89"
2013-14,NT,Primary health care,Other health practitioners,Non-government,Other source of funds,"80,78,818.34","1,00,52,997.27"
2013-14,NT,Primary health care,Other health practitioners,State and local government,State and local government,"23,90,325.22","29,74,436.59"
2013-14,NT,Primary health care,Public health,Canadian Government,DoHAC and other,"2,35,95,211.74","2,84,39,914.83"
2013-14,NT,Primary health care,Public health,Non-government,Individuals,"66,220.12","79,816.62"
2013-14,NT,Primary health care,Public health,Non-government,Other source of funds,"7,47,339.01","9,00,784.78"
2013-14,NT,Primary health care,Public health,State and local government,State and local government,"12,40,94,201.90","14,95,73,575.08"
2013-14,NT,Primary health care,Unreferred medical services,Canadian Government,Department of Veterans' Affairs,"4,88,824.96","5,24,712.09"
2013-14,NT,Primary health care,Unreferred medical services,Canadian Government,DoHAC and other,"7,59,88,412.37","8,15,65,999.28"
2013-14,NT,Primary health care,Unreferred medical services,Non-government,Individuals,"67,07,674.00","72,00,118.44"
2013-14,NT,Primary health care,Unreferred medical services,Non-government,Other source of funds,"1,66,23,211.98","1,78,43,606.47"
2013-14,NT,Referred medical services,Referred medical services,Canadian Government,Department of Veterans' Affairs,"26,42,728.31","28,36,744.43"
2013-14,NT,Referred medical services,Referred medical services,Canadian Government,DoHAC and other,"6,42,23,744.00","6,89,38,735.50"
2013-14,NT,Referred medical services,Referred medical services,Canadian Government,Premium rebates,"23,65,357.21","25,39,010.10"
2013-14,NT,Referred medical services,Referred medical services,Non-government,Health insurance funds,"55,11,532.82","59,16,162.46"
2013-14,NT,Referred medical services,Referred medical services,Non-government,Individuals,"1,21,28,075.97","1,30,18,459.67"
2013-14,NT,Research,Research,Canadian Government,Department of Veterans' Affairs,0,0
2013-14,NT,Research,Research,Canadian Government,DoHAC and other,"2,03,97,495.78","2,48,88,912.95"
2013-14,NT,Research,Research,Non-government,Individuals,733.64,895.18
2013-14,NT,Research,Research,Non-government,Other source of funds,"13,00,344.48","15,86,674.04"
2013-14,NT,Research,Research,State and local government,State and local government,"64,02,205.55","78,11,940.24"
2013-14,Qld,Capital expenditure,Capital expenditure,Canadian Government,DoHAC and other,"98,33,910.06","1,08,44,374.24"
2013-14,Qld,Capital expenditure,Capital expenditure,Non-government,Other source of funds,"1,23,52,28,873.70","1,53,47,92,640.18"
2013-14,Qld,Capital expenditure,Capital expenditure,State and local government,State and local government,"1,25,50,00,000.00","1,45,59,13,989.14"
2013-14,Qld,Hospitals,Private hospitals,Canadian Government,Department of Veterans' Affairs,"31,45,00,241.76","37,63,05,041.42"
2013-14,Qld,Hospitals,Private hospitals,Canadian Government,DoHAC and other,"8,10,44,038.26","9,69,70,609.64"
2013-14,Qld,Hospitals,Private hospitals,Canadian Government,Premium rebates,"61,23,35,912.87","73,26,70,632.51"
2013-14,Qld,Hospitals,Private hospitals,Non-government,Health insurance funds,"1,42,67,77,741.28","1,70,71,64,528.79"
2013-14,Qld,Hospitals,Private hospitals,Non-government,Individuals,"31,06,50,186.68","37,16,98,383.16"
2013-14,Qld,Hospitals,Private hospitals,Non-government,Other source of funds,"16,79,05,917.41","20,09,02,367.68"
2013-14,Qld,Hospitals,Private hospitals,State and local government,State and local government,"3,75,21,000.00","4,48,94,532.93"
2013-14,Qld,Hospitals,Public hospital services,Canadian Government,Department of Veterans' Affairs,"8,74,51,758.24","10,46,37,558.69"
2013-14,Qld,Hospitals,Public hospital services,Canadian Government,DoHAC and other,"3,17,58,40,512.32","3,79,93,45,693.36"
2013-14,Qld,Hospitals,Public hospital services,Canadian Government,Premium rebates,"3,79,12,505.19","4,53,62,975.73"
2013-14,Qld,Hospitals,Public hospital services,Non-government,Health insurance funds,"8,83,38,308.07","10,56,98,331.08"
2013-14,Qld,Hospitals,Public hospital services,Non-government,Individuals,"27,59,83,299.18","33,02,18,845.77"
2013-14,Qld,Hospitals,Public hospital services,Non-government,Other source of funds,"52,68,35,302.58","63,03,67,656.47"
2013-14,Qld,Hospitals,Public hospital services,State and local government,State and local government,"4,68,32,33,531.49","5,60,35,70,853.18"
2013-14,Qld,Medical expenses tax rebate,Medical expenses tax rebate,Canadian Government,DoHAC and other,"4,12,87,500.00","5,03,20,746.05"
2013-14,Qld,Medical expenses tax rebate,Medical expenses tax rebate,Non-government,Individuals,"-4,12,87,500.00","-5,03,20,746.05"
2013-14,Qld,Other services,Administration,Canadian Government,Department of Veterans' Affairs,0,0
2013-14,Qld,Other services,Administration,Canadian Government,DoHAC and other,"27,23,25,463.88","33,19,07,248.22"
2013-14,Qld,Other services,Administration,Canadian Government,Premium rebates,"9,99,56,647.32","12,18,26,050.64"
2013-14,Qld,Other services,Administration,Non-government,Health insurance funds,"23,29,09,575.44","28,38,67,601.54"
2013-14,Qld,Other services,Administration,State and local government,State and local government,"20,08,01,896.04","24,47,35,118.79"
2013-14,Qld,Other services,Aids and appliances,Canadian Government,Department of Veterans' Affairs,"5,84,000.00","6,87,599.83"
2013-14,Qld,Other services,Aids and appliances,Canadian Government,DoHAC and other,"9,04,17,194.40","10,64,56,931.29"
2013-14,Qld,Other services,Aids and appliances,Canadian Government,Premium rebates,"5,05,71,159.13","5,95,42,329.84"
2013-14,Qld,Other services,Aids and appliances,Non-government,Health insurance funds,"11,78,36,157.14","13,87,39,935.11"
2013-14,Qld,Other services,Aids and appliances,Non-government,Individuals,"51,37,59,899.69","60,48,99,352.41"
2013-14,Qld,Other services,Aids and appliances,Non-government,Other source of funds,"1,03,51,156.31","1,21,87,420.14"
2013-14,Qld,Other services,Patient transport services,Canadian Government,Department of Veterans' Affairs,"2,44,16,000.00","2,92,14,171.16"
2013-14,Qld,Other services,Patient transport services,Canadian Government,DoHAC and other,"1,56,81,256.08","1,87,62,897.24"
2013-14,Qld,Other services,Patient transport services,Canadian Government,Premium rebates,"74,411.62","89,034.80"
2013-14,Qld,Other services,Patient transport services,Non-government,Health insurance funds,"1,73,386.95","2,07,460.52"
2013-14,Qld,Other services,Patient transport services,Non-government,Other source of funds,"53,10,864.34","63,54,542.09"
2013-14,Qld,Other services,Patient transport services,State and local government,State and local government,"63,77,17,544.72","76,30,40,199.07"
2013-14,Qld,Primary health care,All other medications,Canadian Government,DoHAC and other,"11,38,05,927.10","12,00,69,648.38"
2013-14,Qld,Primary health care,All other medications,Canadian Government,Premium rebates,"43,36,204.29","45,74,862.99"
2013-14,Qld,Primary health care,All other medications,Non-government,Health insurance funds,"1,01,03,815.26","1,06,59,915.32"
2013-14,Qld,Primary health care,All other medications,Non-government,Individuals,"1,73,94,13,403.26","1,83,51,48,318.17"
2013-14,Qld,Primary health care,All other medications,Non-government,Other source of funds,"58,65,969.50","61,88,824.37"
2013-14,Qld,Primary health care,Benefit-paid pharmaceuticals,Canadian Government,Department of Veterans' Affairs,"9,32,61,000.00","11,91,64,976.33"
2013-14,Qld,Primary health care,Benefit-paid pharmaceuticals,Canadian Government,DoHAC and other,"1,54,71,85,703.73","1,97,69,14,197.52"
2013-14,Qld,Primary health care,Benefit-paid pharmaceuticals,Non-government,Individuals,"31,59,55,943.12","40,37,15,191.59"
2013-14,Qld,Primary health care,Community health and other,Canadian Government,Department of Veterans' Affairs,0,0
2013-14,Qld,Primary health care,Community health and other,Canadian Government,DoHAC and other,"26,66,34,818.09","32,49,60,283.71"
2013-14,Qld,Primary health care,Community health and other,Canadian Government,Premium rebates,"38,605.89","47,052.43"
2013-14,Qld,Primary health care,Community health and other,Non-government,Health insurance funds,"89,955.81","1,09,637.14"
2013-14,Qld,Primary health care,Community health and other,Non-government,Individuals,"2,03,47,000.00","2,47,98,697.42"
2013-14,Qld,Primary health care,Community health and other,Non-government,Other source of funds,"1,26,07,340.54","1,53,65,686.51"
2013-14,Qld,Primary health care,Community health and other,State and local government,State and local government,"2,14,97,86,104.85","2,62,01,35,407.68"
2013-14,Qld,Primary health care,Dental services,Canadian Government,Department of Veterans' Affairs,"3,28,28,000.00","3,57,46,634.67"
2013-14,Qld,Primary health care,Dental services,Canadian Government,DoHAC and other,"6,02,46,647.30","6,56,02,988.02"
2013-14,Qld,Primary health care,Dental services,Canadian Government,Premium rebates,"13,68,82,469.19","14,90,52,260.84"
2013-14,Qld,Primary health care,Dental services,Non-government,Health insurance funds,"31,89,50,651.51","34,73,07,555.03"
2013-14,Qld,Primary health care,Dental services,Non-government,Individuals,"58,65,88,338.76","63,87,40,070.85"
2013-14,Qld,Primary health care,Dental services,Non-government,Other source of funds,"1,08,51,857.21","1,18,16,661.85"
2013-14,Qld,Primary health care,Dental services,State and local government,State and local government,"19,23,34,509.15","20,94,34,368.00"
2013-14,Qld,Primary health care,Other health practitioners,Canadian Government,Department of Veterans' Affairs,"7,62,08,000.00","9,48,30,553.56"
2013-14,Qld,Primary health care,Other health practitioners,Canadian Government,DoHAC and other,"24,52,90,470.97","30,52,30,830.68"
2013-14,Qld,Primary health care,Other health practitioners,Canadian Government,Premium rebates,"6,08,62,184.40","7,57,34,760.62"
2013-14,Qld,Primary health care,Other health practitioners,Non-government,Health insurance funds,"14,18,15,336.05","17,64,70,013.91"
2013-14,Qld,Primary health care,Other health practitioners,Non-government,Individuals,"55,80,07,840.90","69,43,65,321.76"
2013-14,Qld,Primary health care,Other health practitioners,Non-government,Other source of funds,"6,86,74,462.80","8,54,56,084.95"
2013-14,Qld,Primary health care,Public health,Canadian Government,DoHAC and other,"25,97,41,929.33","31,07,87,898.82"
2013-14,Qld,Primary health care,Public health,Non-government,Individuals,"1,85,71,000.00","2,22,20,526.40"
2013-14,Qld,Primary health care,Public health,State and local government,State and local government,"7,53,48,360.29","9,01,55,631.30"
2013-14,Qld,Primary health care,Unreferred medical services,Canadian Government,Department of Veterans' Affairs,"4,56,09,651.74","5,02,85,480.63"
2013-14,Qld,Primary health care,Unreferred medical services,Canadian Government,DoHAC and other,"1,61,18,23,969.83","1,77,70,64,727.31"
2013-14,Qld,Primary health care,Unreferred medical services,Non-government,Individuals,"14,58,99,692.00","16,08,57,096.17"
2013-14,Qld,Primary health care,Unreferred medical services,Non-government,Other source of funds,"16,27,63,200.89","17,94,49,425.15"
2013-14,Qld,Referred medical services,Referred medical services,Canadian Government,Department of Veterans' Affairs,"25,90,75,578.36","28,56,35,594.24"
2013-14,Qld,Referred medical services,Referred medical services,Canadian Government,DoHAC and other,"2,34,43,92,827.00","2,58,47,36,247.65"
2013-14,Qld,Referred medical services,Referred medical services,Canadian Government,Premium rebates,"11,83,84,452.56","13,05,21,038.18"
2013-14,Qld,Referred medical services,Referred medical services,Non-government,Health insurance funds,"27,58,48,313.48","30,41,27,843.46"
2013-14,Qld,Referred medical services,Referred medical services,Non-government,Individuals,"51,86,27,813.96","57,17,96,711.86"
2013-14,Qld,Research,Research,Canadian Government,Department of Veterans' Affairs,0,0
2013-14,Qld,Research,Research,Canadian Government,DoHAC and other,"74,56,07,943.29","90,87,38,289.56"
2013-14,Qld,Research,Research,Non-government,Other source of funds,"4,97,81,309.03","6,06,72,906.08"
2013-14,Qld,Research,Research,State and local government,State and local government,"21,20,26,178.96","25,84,15,150.05"
2013-14,SA,Capital expenditure,Capital expenditure,Canadian Government,DoHAC and other,"48,03,921.58","50,43,523.76"
2013-14,SA,Capital expenditure,Capital expenditure,Non-government,Other source of funds,"25,11,04,014.13","28,64,87,499.66"
2013-14,SA,Capital expenditure,Capital expenditure,State and local government,State and local government,"22,30,00,000.00","26,36,42,249.42"
2013-14,SA,Hospitals,Private hospitals,Canadian Government,Department of Veterans' Affairs,"4,81,25,008.59","5,81,63,062.54"
2013-14,SA,Hospitals,Private hospitals,Canadian Government,DoHAC and other,"1,25,52,445.93","1,51,70,671.54"
2013-14,SA,Hospitals,Private hospitals,Canadian Government,Premium rebates,"18,95,25,251.07","22,90,56,977.96"
2013-14,SA,Hospitals,Private hospitals,Non-government,Health insurance funds,"44,16,04,687.81","53,37,15,875.18"
2013-14,SA,Hospitals,Private hospitals,Non-government,Individuals,"8,45,15,882.32","10,21,44,450.33"
2013-14,SA,Hospitals,Private hospitals,Non-government,Other source of funds,"4,68,71,925.01","5,66,48,607.15"
2013-14,SA,Hospitals,Private hospitals,State and local government,State and local government,"50,41,000.00","60,92,466.41"
2013-14,SA,Hospitals,Public hospital services,Canadian Government,Department of Veterans' Affairs,"5,40,30,991.41","6,53,00,932.41"
2013-14,SA,Hospitals,Public hospital services,Canadian Government,DoHAC and other,"1,18,85,31,684.44","1,43,62,05,983.30"
2013-14,SA,Hospitals,Public hospital services,Canadian Government,Premium rebates,"1,64,38,401.37","1,98,67,170.83"
2013-14,SA,Hospitals,Public hospital services,Non-government,Health insurance funds,"3,83,02,416.51","4,62,91,645.70"
2013-14,SA,Hospitals,Public hospital services,Non-government,Individuals,"4,51,93,073.89","5,46,19,576.40"
2013-14,SA,Hospitals,Public hospital services,Non-government,Other source of funds,"14,05,98,452.20","16,99,24,885.39"
2013-14,SA,Hospitals,Public hospital services,State and local government,State and local government,"2,34,24,77,057.82","2,83,10,77,720.68"
2013-14,SA,Medical expenses tax rebate,Medical expenses tax rebate,Canadian Government,DoHAC and other,"1,04,85,000.00","1,29,97,054.34"
2013-14,SA,Medical expenses tax rebate,Medical expenses tax rebate,Non-government,Individuals,"-1,04,85,000.00","-1,29,97,054.34"
2013-14,SA,Other services,Administration,Canadian Government,Department of Veterans' Affairs,0,0
2013-14,SA,Other services,Administration,Canadian Government,DoHAC and other,"9,97,15,379.63","12,36,05,742.28"
2013-14,SA,Other services,Administration,Canadian Government,Premium rebates,"3,67,63,886.04","4,55,71,981.37"
2013-14,SA,Other services,Administration,Non-government,Health insurance funds,"8,56,63,748.41","10,61,87,543.46"
2013-14,SA,Other services,Administration,State and local government,State and local government,0,0
2013-14,SA,Other services,Aids and appliances,Canadian Government,Department of Veterans' Affairs,"77,000.00","90,659.57"
2013-14,SA,Other services,Aids and appliances,Canadian Government,DoHAC and other,"3,56,17,104.48","4,19,35,471.11"
2013-14,SA,Other services,Aids and appliances,Canadian Government,Premium rebates,"2,08,03,544.87","2,44,94,030.83"
2013-14,SA,Other services,Aids and appliances,Non-government,Health insurance funds,"4,84,74,463.02","5,70,73,686.18"
2013-14,SA,Other services,Aids and appliances,Non-government,Individuals,"15,69,48,775.61","18,47,91,013.83"
2013-14,SA,Other services,Aids and appliances,Non-government,Other source of funds,"1,91,29,354.08","2,25,22,843.65"
2013-14,SA,Other services,Patient transport services,Canadian Government,Department of Veterans' Affairs,"70,47,000.00","85,16,883.71"
2013-14,SA,Other services,Patient transport services,Canadian Government,DoHAC and other,"69,12,254.01","83,54,032.01"
2013-14,SA,Other services,Patient transport services,Canadian Government,Premium rebates,"80,36,418.73","97,12,678.27"
2013-14,SA,Other services,Patient transport services,Non-government,Health insurance funds,"1,87,25,706.85","2,26,31,569.13"
2013-14,SA,Other services,Patient transport services,Non-government,Individuals,"8,45,82,206.26","10,22,24,608.31"
2013-14,SA,Other services,Patient transport services,Non-government,Other source of funds,"95,63,109.56","1,15,57,810.71"
2013-14,SA,Other services,Patient transport services,State and local government,State and local government,"15,17,18,341.01","18,33,64,192.88"
2013-14,SA,Primary health care,All other medications,Canadian Government,DoHAC and other,"4,44,51,813.86","4,60,28,229.39"
2013-14,SA,Primary health care,All other medications,Canadian Government,Premium rebates,"17,95,041.09","18,58,699.47"
2013-14,SA,Primary health care,All other medications,Non-government,Health insurance funds,"41,82,635.85","43,30,966.63"
2013-14,SA,Primary health care,All other medications,Non-government,Individuals,"68,66,00,543.00","71,09,49,780.19"
2013-14,SA,Primary health care,All other medications,Non-government,Other source of funds,"67,09,242.46","69,47,175.47"
2013-14,SA,Primary health care,Benefit-paid pharmaceuticals,Canadian Government,Department of Veterans' Affairs,"3,10,54,000.00","3,96,79,492.77"
2013-14,SA,Primary health care,Benefit-paid pharmaceuticals,Canadian Government,DoHAC and other,"61,98,50,051.59","79,20,12,564.73"
2013-14,SA,Primary health care,Benefit-paid pharmaceuticals,Non-government,Individuals,"12,79,00,219.85","16,34,25,511.96"
2013-14,SA,Primary health care,Community health and other,Canadian Government,Department of Veterans' Affairs,"70,000.00","86,770.99"
2013-14,SA,Primary health care,Community health and other,Canadian Government,DoHAC and other,"9,07,16,635.12","11,24,45,337.28"
2013-14,SA,Primary health care,Community health and other,Canadian Government,Premium rebates,"7,451.04","9,236.20"
2013-14,SA,Primary health care,Community health and other,Non-government,Health insurance funds,"17,361.71","21,521.33"
2013-14,SA,Primary health care,Community health and other,Non-government,Individuals,"6,53,25,302.69","8,09,76,300.33"
2013-14,SA,Primary health care,Community health and other,Non-government,Other source of funds,"1,70,06,783.61","2,10,81,362.97"
2013-14,SA,Primary health care,Community health and other,State and local government,State and local government,"66,40,83,016.82","82,31,87,702.12"
2013-14,SA,Primary health care,Dental services,Canadian Government,Department of Veterans' Affairs,"85,33,000.00","92,91,642.31"
2013-14,SA,Primary health care,Dental services,Canadian Government,DoHAC and other,"2,80,67,358.27","3,05,62,739.19"
2013-14,SA,Primary health care,Dental services,Canadian Government,Premium rebates,"5,69,97,460.50","6,20,64,926.21"
2013-14,SA,Primary health care,Dental services,Non-government,Health insurance funds,"13,28,10,120.02","14,46,17,851.85"
2013-14,SA,Primary health care,Dental services,Non-government,Individuals,"15,37,00,010.32","16,73,64,996.87"
2013-14,SA,Primary health care,Dental services,Non-government,Other source of funds,"40,13,140.21","43,69,935.94"
2013-14,SA,Primary health care,Dental services,State and local government,State and local government,"7,18,36,947.97","7,82,23,746.03"
2013-14,SA,Primary health care,Other health practitioners,Canadian Government,Department of Veterans' Affairs,"1,55,80,000.00","1,93,87,203.76"
2013-14,SA,Primary health care,Other health practitioners,Canadian Government,DoHAC and other,"9,30,09,231.08","11,57,37,414.30"
2013-14,SA,Primary health care,Other health practitioners,Canadian Government,Premium rebates,"3,04,45,039.49","3,78,84,735.83"
2013-14,SA,Primary health care,Other health practitioners,Non-government,Health insurance funds,"7,09,40,166.69","8,82,75,447.15"
2013-14,SA,Primary health care,Other health practitioners,Non-government,Individuals,"4,80,82,487.88","5,98,32,155.97"
2013-14,SA,Primary health care,Other health practitioners,Non-government,Other source of funds,"3,96,42,233.43","4,93,29,400.34"
2013-14,SA,Primary health care,Public health,Canadian Government,DoHAC and other,"9,10,85,236.63","11,00,85,153.67"
2013-14,SA,Primary health care,Public health,Non-government,Individuals,"46,70,559.47","56,44,758.32"
2013-14,SA,Primary health care,Public health,Non-government,Other source of funds,"27,45,257.59","33,17,871.39"
2013-14,SA,Primary health care,Public health,State and local government,State and local government,"8,75,89,510.94","10,58,59,185.32"
2013-14,SA,Primary health care,Unreferred medical services,Canadian Government,Department of Veterans' Affairs,"84,91,721.41","94,12,604.21"
2013-14,SA,Primary health care,Unreferred medical services,Canadian Government,DoHAC and other,"59,12,55,420.38","65,53,73,694.16"
2013-14,SA,Primary health care,Unreferred medical services,Non-government,Individuals,"4,67,37,066.00","5,18,05,456.51"
2013-14,SA,Primary health care,Unreferred medical services,Non-government,Other source of funds,"13,75,35,363.22","15,24,50,354.46"
2013-14,SA,Referred medical services,Referred medical services,Canadian Government,Department of Veterans' Affairs,"4,71,54,934.51","5,22,68,640.68"
2013-14,SA,Referred medical services,Referred medical services,Canadian Government,DoHAC and other,"80,11,65,507.00","88,80,47,718.50"
2013-14,SA,Referred medical services,Referred medical services,Canadian Government,Premium rebates,"5,00,11,026.83","5,54,34,461.28"
2013-14,SA,Referred medical services,Referred medical services,Non-government,Health insurance funds,"11,65,30,989.57","12,91,68,166.28"
2013-14,SA,Referred medical services,Referred medical services,Non-government,Individuals,"11,58,99,988.60","12,84,68,736.55"
2013-14,SA,Research,Research,Canadian Government,Department of Veterans' Affairs,0,0
2013-14,SA,Research,Research,Canadian Government,DoHAC and other,"31,97,68,997.49","39,63,80,828.97"
2013-14,SA,Research,Research,Non-government,Individuals,"28,37,317.21","35,17,097.38"
2013-14,SA,Research,Research,Non-government,Other source of funds,"2,53,48,582.28","3,14,21,735.94"
2013-14,SA,Research,Research,State and local government,State and local government,"3,94,27,212.85","4,88,73,402.76"
2013-14,Tas,Capital expenditure,Capital expenditure,Canadian Government,DoHAC and other,"22,04,152.25","24,54,029.90"
2013-14,Tas,Capital expenditure,Capital expenditure,Non-government,Other source of funds,"8,13,63,663.69","10,29,02,755.64"
2013-14,Tas,Capital expenditure,Capital expenditure,State and local government,State and local government,"7,80,00,000.00","9,14,68,092.70"
2013-14,Tas,Hospitals,Private hospitals,Canadian Government,Department of Veterans' Affairs,"1,76,59,914.17","2,14,18,770.06"
2013-14,Tas,Hospitals,Private hospitals,Canadian Government,DoHAC and other,"41,68,579.13","50,55,847.77"
2013-14,Tas,Hospitals,Private hospitals,Canadian Government,Premium rebates,"6,57,88,867.47","7,97,91,816.14"
2013-14,Tas,Hospitals,Private hospitals,Non-government,Health insurance funds,"15,32,91,828.48","18,59,19,500.73"
2013-14,Tas,Hospitals,Private hospitals,Non-government,Individuals,"5,43,12,408.14","6,58,72,629.38"
2013-14,Tas,Hospitals,Private hospitals,Non-government,Other source of funds,"2,22,12,137.80","2,69,39,919.83"
2013-14,Tas,Hospitals,Public hospital services,Canadian Government,Department of Veterans' Affairs,"1,64,33,086.50","1,99,30,816.06"
2013-14,Tas,Hospitals,Public hospital services,Canadian Government,DoHAC and other,"47,17,06,003.06","57,20,50,321.22"
2013-14,Tas,Hospitals,Public hospital services,Canadian Government,Premium rebates,"73,00,563.67","88,54,465.14"
2013-14,Tas,Hospitals,Public hospital services,Non-government,Health insurance funds,"1,70,10,731.39","2,06,31,410.81"
2013-14,Tas,Hospitals,Public hospital services,Non-government,Individuals,"69,95,143.25","84,84,036.97"
2013-14,Tas,Hospitals,Public hospital services,Non-government,Other source of funds,"2,58,44,174.32","3,13,45,023.63"
2013-14,Tas,Hospitals,Public hospital services,State and local government,State and local government,"41,05,40,173.26","49,79,22,327.62"
2013-14,Tas,Medical expenses tax rebate,Medical expenses tax rebate,Canadian Government,DoHAC and other,"27,45,000.00","33,49,435.72"
2013-14,Tas,Medical expenses tax rebate,Medical expenses tax rebate,Non-government,Individuals,"-27,45,000.00","-33,49,435.72"
2013-14,Tas,Other services,Administration,Canadian Government,Department of Veterans' Affairs,0,0
2013-14,Tas,Other services,Administration,Canadian Government,DoHAC and other,"3,38,36,357.97","4,12,86,960.34"
2013-14,Tas,Other services,Administration,Canadian Government,Premium rebates,"1,18,82,069.10","1,44,98,443.25"
2013-14,Tas,Other services,Administration,Non-government,Health insurance funds,"2,76,86,479.53","3,37,82,908.40"
2013-14,Tas,Other services,Administration,State and local government,State and local government,0,0
2013-14,Tas,Other services,Aids and appliances,Canadian Government,Department of Veterans' Affairs,"3,000.00","3,532.19"
2013-14,Tas,Other services,Aids and appliances,Canadian Government,DoHAC and other,"1,10,08,680.88","1,29,61,587.58"
2013-14,Tas,Other services,Aids and appliances,Canadian Government,Premium rebates,"61,01,559.41","71,83,957.60"
2013-14,Tas,Other services,Aids and appliances,Non-government,Health insurance funds,"1,42,17,279.69","1,67,39,382.12"
2013-14,Tas,Other services,Aids and appliances,Non-government,Individuals,"5,27,22,441.67","6,20,75,243.40"
2013-14,Tas,Other services,Aids and appliances,Non-government,Other source of funds,"31,87,478.34","37,52,927.36"
2013-14,Tas,Other services,Patient transport services,Canadian Government,Department of Veterans' Affairs,"61,45,000.00","74,52,943.47"
2013-14,Tas,Other services,Patient transport services,Canadian Government,DoHAC and other,"11,96,314.72","14,50,946.45"
2013-14,Tas,Other services,Patient transport services,Canadian Government,Premium rebates,"42,355.29","51,370.47"
2013-14,Tas,Other services,Patient transport services,Non-government,Health insurance funds,"98,692.30","1,19,698.64"
2013-14,Tas,Other services,Patient transport services,Non-government,Individuals,"89,778.75","1,08,887.87"
2013-14,Tas,Other services,Patient transport services,Non-government,Other source of funds,"53,91,316.54","65,38,840.91"
2013-14,Tas,Other services,Patient transport services,State and local government,State and local government,"6,81,07,464.39","8,26,03,918.95"
2013-14,Tas,Primary health care,All other medications,Canadian Government,DoHAC and other,"1,38,44,952.42","1,46,79,688.92"
2013-14,Tas,Primary health care,All other medications,Canadian Government,Premium rebates,"6,42,824.87","6,81,581.91"
2013-14,Tas,Primary health care,All other medications,Non-government,Health insurance funds,"14,97,850.04","15,88,158.05"
2013-14,Tas,Primary health care,All other medications,Non-government,Individuals,"27,99,62,003.75","29,68,41,404.56"
2013-14,Tas,Primary health care,All other medications,Non-government,Other source of funds,"21,62,103.96","22,92,461.00"
2013-14,Tas,Primary health care,Benefit-paid pharmaceuticals,Canadian Government,Department of Veterans' Affairs,"1,18,90,000.00","1,51,92,541.03"
2013-14,Tas,Primary health care,Benefit-paid pharmaceuticals,Canadian Government,DoHAC and other,"21,73,22,276.44","27,76,83,660.76"
2013-14,Tas,Primary health care,Benefit-paid pharmaceuticals,Non-government,Individuals,"4,05,88,461.71","5,18,62,226.22"
2013-14,Tas,Primary health care,Community health and other,Canadian Government,Department of Veterans' Affairs,"69,000.00","84,193.47"
2013-14,Tas,Primary health care,Community health and other,Canadian Government,DoHAC and other,"2,70,45,915.29","3,30,00,878.72"
2013-14,Tas,Primary health care,Community health and other,Canadian Government,Premium rebates,"2,536.84","3,095.45"
2013-14,Tas,Primary health care,Community health and other,Non-government,Health insurance funds,"5,911.12","7,212.71"
2013-14,Tas,Primary health care,Community health and other,Non-government,Individuals,"3,08,857.23","3,76,866.10"
2013-14,Tas,Primary health care,Community health and other,Non-government,Other source of funds,"19,71,431.91","24,05,531.68"
2013-14,Tas,Primary health care,Community health and other,State and local government,State and local government,"10,43,78,292.75","12,73,61,887.96"
2013-14,Tas,Primary health care,Dental services,Canadian Government,Department of Veterans' Affairs,"21,80,000.00","23,73,816.97"
2013-14,Tas,Primary health care,Dental services,Canadian Government,DoHAC and other,"70,17,357.69","76,41,248.99"
2013-14,Tas,Primary health care,Dental services,Canadian Government,Premium rebates,"1,23,68,176.14","1,34,67,791.95"
2013-14,Tas,Primary health care,Dental services,Non-government,Health insurance funds,"2,88,19,160.43","3,13,81,381.72"
2013-14,Tas,Primary health care,Dental services,Non-government,Individuals,"8,12,38,467.84","8,84,61,125.59"
2013-14,Tas,Primary health care,Dental services,Non-government,Other source of funds,"33,52,481.70","36,50,540.35"
2013-14,Tas,Primary health care,Dental services,State and local government,State and local government,"1,69,19,600.11","1,84,23,868.77"
2013-14,Tas,Primary health care,Other health practitioners,Canadian Government,Department of Veterans' Affairs,"59,72,000.00","74,31,346.65"
2013-14,Tas,Primary health care,Other health practitioners,Canadian Government,DoHAC and other,"2,77,42,043.58","3,45,21,222.83"
2013-14,Tas,Primary health care,Other health practitioners,Canadian Government,Premium rebates,"52,32,058.30","65,10,589.25"
2013-14,Tas,Primary health care,Other health practitioners,Non-government,Health insurance funds,"1,21,91,250.02","1,51,70,362.53"
2013-14,Tas,Primary health care,Other health practitioners,Non-government,Individuals,"4,52,81,129.65","5,63,46,244.36"
2013-14,Tas,Primary health care,Other health practitioners,Non-government,Other source of funds,"1,21,74,990.52","1,51,50,129.78"
2013-14,Tas,Primary health care,Other health practitioners,State and local government,State and local government,"53,11,000.72","66,08,822.41"
2013-14,Tas,Primary health care,Public health,Canadian Government,DoHAC and other,"2,75,33,964.66","3,33,94,552.02"
2013-14,Tas,Primary health care,Public health,Non-government,Individuals,"2,237.58","2,713.85"
2013-14,Tas,Primary health care,Public health,Non-government,Other source of funds,"14,933.18","18,111.66"
2013-14,Tas,Primary health care,Public health,State and local government,State and local government,"2,03,47,924.29","2,46,78,914.47"
2013-14,Tas,Primary health care,Unreferred medical services,Canadian Government,Department of Veterans' Affairs,"35,97,058.63","40,78,310.92"
2013-14,Tas,Primary health care,Unreferred medical services,Canadian Government,DoHAC and other,"18,24,03,016.88","20,68,06,772.73"
2013-14,Tas,Primary health care,Unreferred medical services,Non-government,Individuals,"1,97,54,200.00","2,23,97,124.39"
2013-14,Tas,Primary health care,Unreferred medical services,Non-government,Other source of funds,"2,07,17,909.13","2,34,89,768.65"
2013-14,Tas,Referred medical services,Referred medical services,Canadian Government,Department of Veterans' Affairs,"1,62,70,181.74","1,84,46,977.57"
2013-14,Tas,Referred medical services,Referred medical services,Canadian Government,DoHAC and other,"23,81,35,683.00","26,99,95,976.29"
2013-14,Tas,Referred medical services,Referred medical services,Canadian Government,Premium rebates,"1,36,72,087.34","1,55,01,282.81"
2013-14,Tas,Referred medical services,Referred medical services,Non-government,Health insurance funds,"3,18,57,411.61","3,61,19,630.80"
2013-14,Tas,Referred medical services,Referred medical services,Non-government,Individuals,"3,83,34,676.05","4,34,63,491.72"
2013-14,Tas,Research,Research,Canadian Government,Department of Veterans' Affairs,0,0
2013-14,Tas,Research,Research,Canadian Government,DoHAC and other,"6,93,15,122.44","8,45,77,962.87"
2013-14,Tas,Research,Research,Non-government,Other source of funds,"43,60,418.08","53,20,561.05"
2013-14,Tas,Research,Research,State and local government,State and local government,"92,36,296.63","1,12,70,084.47"
2013-14,Vic,Capital expenditure,Capital expenditure,Canadian Government,DoHAC and other,"1,00,03,460.20","1,05,12,447.03"
2013-14,Vic,Capital expenditure,Capital expenditure,Non-government,Other source of funds,"99,17,59,075.49","1,17,69,51,856.30"
2013-14,Vic,Capital expenditure,Capital expenditure,State and local government,State and local government,"91,30,00,000.00","1,05,71,63,703.92"
2013-14,Vic,Hospitals,Private hospitals,Canadian Government,Department of Veterans' Affairs,"19,80,59,590.55","24,11,93,022.05"
2013-14,Vic,Hospitals,Private hospitals,Canadian Government,DoHAC and other,"6,48,00,430.41","7,89,12,672.68"
2013-14,Vic,Hospitals,Private hospitals,Canadian Government,Premium rebates,"70,97,46,325.00","86,43,14,929.37"
2013-14,Vic,Hospitals,Private hospitals,Non-government,Health insurance funds,"1,65,37,49,579.58","2,01,39,03,278.86"
2013-14,Vic,Hospitals,Private hospitals,Non-government,Individuals,"38,11,77,401.70","46,41,90,242.95"
2013-14,Vic,Hospitals,Private hospitals,Non-government,Other source of funds,"27,49,51,103.18","33,48,29,973.68"
2013-14,Vic,Hospitals,Public hospital services,Canadian Government,Department of Veterans' Affairs,"13,73,23,409.45","16,72,29,711.18"
2013-14,Vic,Hospitals,Public hospital services,Canadian Government,DoHAC and other,"3,97,73,84,494.04","4,84,28,89,589.36"
2013-14,Vic,Hospitals,Public hospital services,Canadian Government,Premium rebates,"7,20,70,013.09","8,77,65,425.59"
2013-14,Vic,Hospitals,Public hospital services,Non-government,Health insurance funds,"16,79,27,257.47","20,44,98,467.36"
2013-14,Vic,Hospitals,Public hospital services,Non-government,Individuals,"41,13,89,949.70","50,09,82,481.77"
2013-14,Vic,Hospitals,Public hospital services,Non-government,Other source of funds,"29,98,18,786.35","36,51,13,342.64"
2013-14,Vic,Hospitals,Public hospital services,State and local government,State and local government,"5,60,85,44,088.85","6,82,99,73,213.37"
2013-14,Vic,Medical expenses tax rebate,Medical expenses tax rebate,Canadian Government,DoHAC and other,"5,85,90,000.00","7,32,81,944.10"
2013-14,Vic,Medical expenses tax rebate,Medical expenses tax rebate,Non-government,Individuals,"-5,85,90,000.00","-7,32,81,944.10"
2013-14,Vic,Other services,Administration,Canadian Government,Department of Veterans' Affairs,0,0
2013-14,Vic,Other services,Administration,Canadian Government,DoHAC and other,"33,08,59,224.99","41,38,25,008.19"
2013-14,Vic,Other services,Administration,Canadian Government,Premium rebates,"12,02,93,165.86","15,04,57,707.04"
2013-14,Vic,Other services,Administration,Non-government,Health insurance funds,"28,02,95,817.63","35,05,82,393.55"
2013-14,Vic,Other services,Administration,State and local government,State and local government,"-4,24,000.00","-5,30,321.63"
2013-14,Vic,Other services,Aids and appliances,Canadian Government,Department of Veterans' Affairs,"23,000.00","27,080.13"
2013-14,Vic,Other services,Aids and appliances,Canadian Government,DoHAC and other,"11,43,30,594.97","13,46,12,496.80"
2013-14,Vic,Other services,Aids and appliances,Canadian Government,Premium rebates,"5,04,50,565.78","5,94,00,343.60"
2013-14,Vic,Other services,Aids and appliances,Non-government,Health insurance funds,"11,75,55,161.88","13,84,09,092.14"
2013-14,Vic,Other services,Aids and appliances,Non-government,Individuals,"84,02,93,026.49","98,93,58,468.54"
2013-14,Vic,Other services,Aids and appliances,Non-government,Other source of funds,"2,93,60,301.42","3,45,68,730.12"
2013-14,Vic,Other services,Patient transport services,Canadian Government,Department of Veterans' Affairs,"3,23,38,000.00","3,93,80,571.91"
2013-14,Vic,Other services,Patient transport services,Canadian Government,DoHAC and other,"5,49,235.97","6,68,848.62"
2013-14,Vic,Other services,Patient transport services,Canadian Government,Premium rebates,"1,04,60,842.89","1,27,39,005.98"
2013-14,Vic,Other services,Patient transport services,Non-government,Health insurance funds,"2,43,74,871.91","2,96,83,233.23"
2013-14,Vic,Other services,Patient transport services,Non-government,Individuals,"22,51,61,000.00","27,41,96,578.35"
2013-14,Vic,Other services,Patient transport services,Non-government,Other source of funds,"3,13,00,197.67","3,81,16,756.91"
2013-14,Vic,Other services,Patient transport services,State and local government,State and local government,"45,28,88,763.04","55,15,18,909.57"
2013-14,Vic,Primary health care,All other medications,Canadian Government,DoHAC and other,"13,60,62,595.11","14,53,02,067.30"
2013-14,Vic,Primary health care,All other medications,Canadian Government,Premium rebates,"31,39,772.69","33,52,982.22"
2013-14,Vic,Primary health care,All other medications,Non-government,Health insurance funds,"73,16,002.91","78,12,803.71"
2013-14,Vic,Primary health care,All other medications,Non-government,Individuals,"2,27,55,67,491.39","2,43,00,92,271.15"
2013-14,Vic,Primary health care,All other medications,Non-government,Other source of funds,"2,49,67,034.33","2,66,62,446.79"
2013-14,Vic,Primary health care,Benefit-paid pharmaceuticals,Canadian Government,Department of Veterans' Affairs,"8,44,73,000.00","10,79,36,040.21"
2013-14,Vic,Primary health care,Benefit-paid pharmaceuticals,Canadian Government,DoHAC and other,"1,87,33,16,552.25","2,39,36,28,228.35"
2013-14,Vic,Primary health care,Benefit-paid pharmaceuticals,Non-government,Individuals,"39,63,36,435.93","50,64,21,998.56"
2013-14,Vic,Primary health care,Community health and other,Canadian Government,Department of Veterans' Affairs,"3,00,000.00","3,75,227.57"
2013-14,Vic,Primary health care,Community health and other,Canadian Government,DoHAC and other,"17,91,35,431.39","22,40,34,684.51"
2013-14,Vic,Primary health care,Community health and other,Canadian Government,Premium rebates,"52,189.29","65,276.20"
2013-14,Vic,Primary health care,Community health and other,Non-government,Health insurance funds,"1,21,606.57","1,52,100.46"
2013-14,Vic,Primary health care,Community health and other,Non-government,Individuals,"1,25,24,777.06","1,56,65,472.13"
2013-14,Vic,Primary health care,Community health and other,Non-government,Other source of funds,"2,34,99,596.88","2,93,92,321.99"
2013-14,Vic,Primary health care,Community health and other,State and local government,State and local government,"56,93,14,455.83","71,20,74,929.62"
2013-14,Vic,Primary health care,Dental services,Canadian Government,Department of Veterans' Affairs,"1,71,22,000.00","1,86,44,263.40"
2013-14,Vic,Primary health care,Dental services,Canadian Government,DoHAC and other,"8,40,52,193.07","9,15,25,010.31"
2013-14,Vic,Primary health care,Dental services,Canadian Government,Premium rebates,"13,11,78,820.30","14,28,41,518.38"
2013-14,Vic,Primary health care,Dental services,Non-government,Health insurance funds,"30,56,60,545.46","33,28,35,867.28"
2013-14,Vic,Primary health care,Dental services,Non-government,Individuals,"2,00,61,76,264.01","2,18,45,39,112.62"
2013-14,Vic,Primary health care,Dental services,Non-government,Other source of funds,"1,20,92,108.61","1,31,67,180.12"
2013-14,Vic,Primary health care,Dental services,State and local government,State and local government,"17,91,86,030.46","19,51,16,899.25"
2013-14,Vic,Primary health care,Other health practitioners,Canadian Government,Department of Veterans' Affairs,"4,51,56,000.00","5,61,90,537.43"
2013-14,Vic,Primary health care,Other health practitioners,Canadian Government,DoHAC and other,"34,22,72,201.42","42,59,11,483.41"
2013-14,Vic,Primary health care,Other health practitioners,Canadian Government,Premium rebates,"7,06,24,176.19","8,78,82,239.69"
2013-14,Vic,Primary health care,Other health practitioners,Non-government,Health insurance funds,"16,45,61,810.88","20,47,74,926.78"
2013-14,Vic,Primary health care,Other health practitioners,Non-government,Individuals,"91,18,81,798.03","1,13,47,13,621.73"
2013-14,Vic,Primary health care,Other health practitioners,Non-government,Other source of funds,"7,94,78,667.55","9,89,00,457.17"
2013-14,Vic,Primary health care,Public health,Canadian Government,DoHAC and other,"29,79,62,644.42","36,28,56,940.24"
2013-14,Vic,Primary health care,Public health,Non-government,Individuals,"25,17,150.54","30,65,335.76"
2013-14,Vic,Primary health care,Public health,Non-government,Other source of funds,"12,55,068.53","15,28,397.44"
2013-14,Vic,Primary health care,Public health,State and local government,State and local government,"20,93,21,580.39","25,49,07,648.83"
2013-14,Vic,Primary health care,Unreferred medical services,Canadian Government,Department of Veterans' Affairs,"2,19,79,681.31","2,48,41,331.16"
2013-14,Vic,Primary health care,Unreferred medical services,Canadian Government,DoHAC and other,"1,94,69,01,379.29","2,20,03,78,408.51"
2013-14,Vic,Primary health care,Unreferred medical services,Non-government,Individuals,"17,62,22,377.00","19,91,65,691.39"
2013-14,Vic,Primary health care,Unreferred medical services,Non-government,Other source of funds,"18,26,76,146.83","20,64,59,711.32"
2013-14,Vic,Referred medical services,Referred medical services,Canadian Government,Department of Veterans' Affairs,"11,47,86,821.54","12,97,31,519.14"
2013-14,Vic,Referred medical services,Referred medical services,Canadian Government,DoHAC and other,"2,89,37,99,789.00","3,27,05,58,742.49"
2013-14,Vic,Referred medical services,Referred medical services,Canadian Government,Premium rebates,"16,15,64,353.87","18,25,99,263.44"
2013-14,Vic,Referred medical services,Referred medical services,Non-government,Health insurance funds,"37,64,62,057.04","42,54,75,624.32"
2013-14,Vic,Referred medical services,Referred medical services,Non-government,Individuals,"54,96,41,544.09","62,12,02,255.97"
2013-14,Vic,Research,Research,Canadian Government,Department of Veterans' Affairs,0,0
2013-14,Vic,Research,Research,Canadian Government,DoHAC and other,"1,22,61,32,385.95","1,53,35,94,879.62"
2013-14,Vic,Research,Research,Non-government,Individuals,"40,288.85","50,391.62"
2013-14,Vic,Research,Research,Non-government,Other source of funds,"6,84,30,278.72","8,55,89,756.95"
2013-14,Vic,Research,Research,State and local government,State and local government,"4,57,44,111.16","5,72,14,838.66"
2013-14,WA,Capital expenditure,Capital expenditure,Canadian Government,DoHAC and other,"45,21,337.95","47,49,090.32"
2013-14,WA,Capital expenditure,Capital expenditure,Non-government,Other source of funds,"46,13,42,953.72","53,38,30,642.87"
2013-14,WA,Capital expenditure,Capital expenditure,State and local government,State and local government,"97,20,00,000.00","1,09,89,34,067.79"
2013-14,WA,Hospitals,Private hospitals,Canadian Government,Department of Veterans' Affairs,"7,94,31,403.68","9,17,02,511.32"
2013-14,WA,Hospitals,Private hospitals,Canadian Government,DoHAC and other,"4,16,90,964.98","4,81,31,670.98"
2013-14,WA,Hospitals,Private hospitals,Canadian Government,Premium rebates,"32,40,09,162.02","37,40,64,318.01"
2013-14,WA,Hospitals,Private hospitals,Non-government,Health insurance funds,"75,49,59,901.30","87,15,91,281.08"
2013-14,WA,Hospitals,Private hospitals,Non-government,Individuals,"-1,90,44,335.61","-2,19,86,435.10"
2013-14,WA,Hospitals,Private hospitals,Non-government,Other source of funds,"9,58,14,802.28","11,06,16,929.61"
2013-14,WA,Hospitals,Private hospitals,State and local government,State and local government,"46,12,10,730.75","53,24,61,725.41"
2013-14,WA,Hospitals,Public hospital services,Canadian Government,Department of Veterans' Affairs,"7,08,51,596.32","8,17,97,236.51"
2013-14,WA,Hospitals,Public hospital services,Canadian Government,DoHAC and other,"1,67,92,86,391.48","1,93,83,04,444.93"
2013-14,WA,Hospitals,Public hospital services,Canadian Government,Premium rebates,"2,14,34,741.09","2,47,46,126.80"
2013-14,WA,Hospitals,Public hospital services,Non-government,Health insurance funds,"4,99,44,174.15","5,76,59,892.48"
2013-14,WA,Hospitals,Public hospital services,Non-government,Individuals,"31,68,96,758.97","36,58,53,142.19"
2013-14,WA,Hospitals,Public hospital services,Non-government,Other source of funds,"4,36,09,844.39","5,03,46,992.04"
2013-14,WA,Hospitals,Public hospital services,State and local government,State and local government,"2,71,70,59,891.28","3,13,68,09,925.04"
2013-14,WA,Medical expenses tax rebate,Medical expenses tax rebate,Canadian Government,DoHAC and other,"1,91,25,000.00","2,23,92,138.94"
2013-14,WA,Medical expenses tax rebate,Medical expenses tax rebate,Non-government,Individuals,"-1,91,25,000.00","-2,23,92,138.94"
2013-14,WA,Other services,Administration,Canadian Government,Department of Veterans' Affairs,0,0
2013-14,WA,Other services,Administration,Canadian Government,DoHAC and other,"12,43,63,999.52","14,56,09,200.35"
2013-14,WA,Other services,Administration,Canadian Government,Premium rebates,"6,71,54,043.90","7,86,26,022.56"
2013-14,WA,Other services,Administration,Non-government,Health insurance funds,"15,64,76,035.09","18,32,06,960.46"
2013-14,WA,Other services,Administration,Non-government,Individuals,"38,00,559.27","44,49,811.83"
2013-14,WA,Other services,Administration,Non-government,Other source of funds,"5,23,015.13","6,12,362.22"
2013-14,WA,Other services,Administration,State and local government,State and local government,"14,47,88,304.06","16,95,22,605.05"
2013-14,WA,Other services,Aids and appliances,Canadian Government,Department of Veterans' Affairs,"2,91,000.00","3,42,622.52"
2013-14,WA,Other services,Aids and appliances,Canadian Government,DoHAC and other,"4,53,71,155.93","5,34,19,861.81"
2013-14,WA,Other services,Aids and appliances,Canadian Government,Premium rebates,"2,81,87,335.64","3,31,87,683.75"
2013-14,WA,Other services,Aids and appliances,Non-government,Health insurance funds,"6,56,79,477.59","7,73,30,818.31"
2013-14,WA,Other services,Aids and appliances,Non-government,Individuals,"52,31,81,922.43","61,59,92,813.49"
2013-14,WA,Other services,Aids and appliances,Non-government,Other source of funds,"1,06,74,262.19","1,25,67,844.03"
2013-14,WA,Other services,Patient transport services,Canadian Government,Department of Veterans' Affairs,"75,60,000.00","87,27,920.61"
2013-14,WA,Other services,Patient transport services,Canadian Government,DoHAC and other,"1,64,70,927.10","1,90,15,468.81"
2013-14,WA,Other services,Patient transport services,Canadian Government,Premium rebates,"97,76,911.81","1,12,87,316.16"
2013-14,WA,Other services,Patient transport services,Non-government,Health insurance funds,"2,27,81,240.08","2,63,00,642.18"
2013-14,WA,Other services,Patient transport services,Non-government,Individuals,"33,90,695.74","39,14,513.66"
2013-14,WA,Other services,Patient transport services,Non-government,Other source of funds,"99,19,471.63","1,14,51,899.59"
2013-14,WA,Other services,Patient transport services,State and local government,State and local government,"20,27,66,361.91","23,40,91,099.18"
2013-14,WA,Primary health care,All other medications,Canadian Government,DoHAC and other,"5,73,73,531.76","5,83,02,146.67"
2013-14,WA,Primary health care,All other medications,Canadian Government,Premium rebates,"24,60,033.95","24,99,850.65"
2013-14,WA,Primary health care,All other medications,Non-government,Health insurance funds,"57,32,139.68","58,24,916.78"
2013-14,WA,Primary health care,All other medications,Non-government,Individuals,"84,00,56,603.28","85,36,53,275.26"
2013-14,WA,Primary health care,All other medications,Non-government,Other source of funds,"2,75,33,714.44","2,79,79,359.27"
2013-14,WA,Primary health care,Benefit-paid pharmaceuticals,Canadian Government,Department of Veterans' Affairs,"3,17,67,000.00","4,05,90,534.13"
2013-14,WA,Primary health care,Benefit-paid pharmaceuticals,Canadian Government,DoHAC and other,"72,29,73,462.02","92,37,76,325.61"
2013-14,WA,Primary health care,Benefit-paid pharmaceuticals,Non-government,Individuals,"15,83,32,624.63","20,23,10,756.56"
2013-14,WA,Primary health care,Community health and other,Canadian Government,Department of Veterans' Affairs,"1,24,000.00","1,45,183.02"
2013-14,WA,Primary health care,Community health and other,Canadian Government,DoHAC and other,"15,43,98,936.82","18,07,70,817.38"
2013-14,WA,Primary health care,Community health and other,Canadian Government,Premium rebates,"10,226.62","11,973.64"
2013-14,WA,Primary health care,Community health and other,Non-government,Health insurance funds,"23,829.10","27,899.85"
2013-14,WA,Primary health care,Community health and other,Non-government,Individuals,"1,16,38,432.83","1,36,26,635.56"
2013-14,WA,Primary health care,Community health and other,Non-government,Other source of funds,"39,74,726.10","46,53,731.71"
2013-14,WA,Primary health care,Community health and other,State and local government,State and local government,"70,89,44,478.98","83,00,54,027.49"
2013-14,WA,Primary health care,Dental services,Canadian Government,Department of Veterans' Affairs,"1,03,32,000.00","1,12,50,585.76"
2013-14,WA,Primary health care,Dental services,Canadian Government,DoHAC and other,"31,81,336.53","34,64,179.20"
2013-14,WA,Primary health care,Dental services,Canadian Government,Premium rebates,"10,20,78,782.60","11,11,54,287.47"
2013-14,WA,Primary health care,Dental services,Non-government,Health insurance funds,"23,78,54,375.41","25,90,01,263.01"
2013-14,WA,Primary health care,Dental services,Non-government,Individuals,"83,17,36,580.89","90,56,83,675.43"
2013-14,WA,Primary health care,Dental services,Non-government,Other source of funds,"63,64,691.60","69,30,556.39"
2013-14,WA,Primary health care,Dental services,State and local government,State and local government,"9,60,40,548.53","10,45,79,212.92"
2013-14,WA,Primary health care,Other health practitioners,Canadian Government,Department of Veterans' Affairs,"2,16,63,000.00","2,69,56,674.91"
2013-14,WA,Primary health care,Other health practitioners,Canadian Government,DoHAC and other,"10,51,82,922.47","13,08,85,927.49"
2013-14,WA,Primary health care,Other health practitioners,Canadian Government,Premium rebates,"3,66,74,659.31","4,56,36,655.52"
2013-14,WA,Primary health care,Other health practitioners,Non-government,Health insurance funds,"8,54,55,840.69","10,63,38,241.09"
2013-14,WA,Primary health care,Other health practitioners,Non-government,Individuals,"8,65,35,585.67","10,76,81,837.75"
2013-14,WA,Primary health care,Other health practitioners,Non-government,Other source of funds,"3,93,30,682.87","4,89,41,717.78"
2013-14,WA,Primary health care,Public health,Canadian Government,DoHAC and other,"13,46,48,234.12","15,54,50,375.77"
2013-14,WA,Primary health care,Public health,State and local government,State and local government,"12,40,64,130.78","14,32,30,407.99"
2013-14,WA,Primary health care,Unreferred medical services,Canadian Government,Department of Veterans' Affairs,"1,05,03,841.86","1,08,09,961.17"
2013-14,WA,Primary health care,Unreferred medical services,Canadian Government,DoHAC and other,"67,82,08,890.31","69,79,73,778.29"
2013-14,WA,Primary health care,Unreferred medical services,Non-government,Individuals,"9,46,12,556.00","9,73,69,902.39"
2013-14,WA,Primary health care,Unreferred medical services,Non-government,Other source of funds,"12,01,92,354.90","12,36,95,187.61"
2013-14,WA,Referred medical services,Referred medical services,Canadian Government,Department of Veterans' Affairs,"6,26,65,287.07","6,44,91,576.42"
2013-14,WA,Referred medical services,Referred medical services,Canadian Government,DoHAC and other,"98,90,09,130.00","1,01,78,32,373.62"
2013-14,WA,Referred medical services,Referred medical services,Canadian Government,Premium rebates,"6,61,35,019.88","6,80,62,429.58"
2013-14,WA,Referred medical services,Referred medical services,Non-government,Health insurance funds,"15,41,01,601.19","15,85,92,669.94"
2013-14,WA,Referred medical services,Referred medical services,Non-government,Individuals,"26,50,09,112.93","27,27,32,421.03"
2013-14,WA,Research,Research,Canadian Government,Department of Veterans' Affairs,0,0
2013-14,WA,Research,Research,Canadian Government,DoHAC and other,"34,64,30,550.05","40,56,11,412.89"
2013-14,WA,Research,Research,Non-government,Individuals,"8,57,193.62","10,03,628.68"
2013-14,WA,Research,Research,Non-government,Other source of funds,"2,38,19,377.35","2,78,88,460.50"
2013-14,WA,Research,Research,State and local government,State and local government,"4,65,99,178.83","5,45,59,753.56"
2014-15,ACT,Capital expenditure,Capital expenditure,Canadian Government,DoHAC and other,"48,35,536.30","46,37,898.60"
2014-15,ACT,Capital expenditure,Capital expenditure,Non-government,Other source of funds,"5,64,36,825.66","6,21,20,888.36"
2014-15,ACT,Capital expenditure,Capital expenditure,State and local government,State and local government,"8,00,00,000.00","8,74,80,960.30"
2014-15,ACT,Hospitals,Private hospitals,Canadian Government,Department of Veterans' Affairs,"66,49,000.00","75,61,989.41"
2014-15,ACT,Hospitals,Private hospitals,Canadian Government,DoHAC and other,"26,56,505.34","30,20,749.43"
2014-15,ACT,Hospitals,Private hospitals,Canadian Government,Premium rebates,"3,60,57,769.99","4,10,08,944.90"
2014-15,ACT,Hospitals,Private hospitals,Non-government,Health insurance funds,"8,87,65,076.95","10,09,53,612.80"
2014-15,ACT,Hospitals,Private hospitals,Non-government,Individuals,"3,06,57,034.26","3,48,66,621.79"
2014-15,ACT,Hospitals,Private hospitals,Non-government,Other source of funds,"1,21,88,161.28","1,38,61,745.60"
2014-15,ACT,Hospitals,Private hospitals,State and local government,State and local government,"71,16,000.00","80,93,114.24"
2014-15,ACT,Hospitals,Public hospital services,Canadian Government,Department of Veterans' Affairs,"3,03,87,346.85","3,45,59,902.99"
2014-15,ACT,Hospitals,Public hospital services,Canadian Government,DoHAC and other,"33,88,19,856.91","38,53,17,990.44"
2014-15,ACT,Hospitals,Public hospital services,Canadian Government,Premium rebates,"42,85,119.56","48,73,519.13"
2014-15,ACT,Hospitals,Public hospital services,Non-government,Health insurance funds,"1,05,48,876.63","1,19,97,367.02"
2014-15,ACT,Hospitals,Public hospital services,Non-government,Individuals,"39,30,084.92","44,69,733.87"
2014-15,ACT,Hospitals,Public hospital services,Non-government,Other source of funds,"1,26,30,235.73","1,43,64,522.31"
2014-15,ACT,Hospitals,Public hospital services,State and local government,State and local government,"64,57,02,944.72","73,43,65,893.72"
2014-15,ACT,Medical expenses tax rebate,Medical expenses tax rebate,Canadian Government,DoHAC and other,"44,08,000.00","52,33,192.16"
2014-15,ACT,Medical expenses tax rebate,Medical expenses tax rebate,Non-government,Individuals,"-44,08,000.00","-52,33,192.16"
2014-15,ACT,Other services,Administration,Canadian Government,Department of Veterans' Affairs,"3,96,20,000.00","4,70,36,994.83"
2014-15,ACT,Other services,Administration,Canadian Government,DoHAC and other,"1,99,46,814.05","2,36,22,894.82"
2014-15,ACT,Other services,Administration,Canadian Government,Premium rebates,"3,66,811.54","4,35,479.87"
2014-15,ACT,Other services,Administration,Non-government,Health insurance funds,"9,03,019.42","10,72,067.64"
2014-15,ACT,Other services,Administration,State and local government,State and local government,0,0
2014-15,ACT,Other services,Aids and appliances,Canadian Government,Department of Veterans' Affairs,0,0
2014-15,ACT,Other services,Aids and appliances,Canadian Government,DoHAC and other,"72,01,970.36","82,00,752.53"
2014-15,ACT,Other services,Aids and appliances,Canadian Government,Premium rebates,"40,05,402.06","45,60,878.40"
2014-15,ACT,Other services,Aids and appliances,Non-government,Health insurance funds,"98,60,529.01","1,12,28,004.88"
2014-15,ACT,Other services,Aids and appliances,Non-government,Individuals,"2,21,10,476.85","2,51,76,797.47"
2014-15,ACT,Other services,Aids and appliances,Non-government,Other source of funds,"11,93,288.79","13,58,776.23"
2014-15,ACT,Other services,Patient transport services,Canadian Government,Department of Veterans' Affairs,0,0
2014-15,ACT,Other services,Patient transport services,Canadian Government,DoHAC and other,0,0
2014-15,ACT,Other services,Patient transport services,Canadian Government,Premium rebates,"8,19,146.73","9,31,625.65"
2014-15,ACT,Other services,Patient transport services,Non-government,Health insurance funds,"20,16,581.61","22,93,483.05"
2014-15,ACT,Other services,Patient transport services,Non-government,Individuals,"18,360.94","20,882.12"
2014-15,ACT,Other services,Patient transport services,Non-government,Other source of funds,"12,68,314.90","14,42,470.13"
2014-15,ACT,Other services,Patient transport services,State and local government,State and local government,"3,84,51,208.18","4,37,31,031.57"
2014-15,ACT,Primary health care,All other medications,Canadian Government,DoHAC and other,"61,04,696.02","63,71,244.93"
2014-15,ACT,Primary health care,All other medications,Canadian Government,Premium rebates,"3,53,696.02","3,77,606.08"
2014-15,ACT,Primary health care,All other medications,Non-government,Health insurance funds,"8,70,731.53","9,29,593.50"
2014-15,ACT,Primary health care,All other medications,Non-government,Individuals,"9,23,40,937.99","9,85,83,239.95"
2014-15,ACT,Primary health care,All other medications,Non-government,Other source of funds,"20,79,243.54","22,19,801.64"
2014-15,ACT,Primary health care,Benefit-paid pharmaceuticals,Canadian Government,Department of Veterans' Affairs,"1,24,00,000.00","1,64,99,611.82"
2014-15,ACT,Primary health care,Benefit-paid pharmaceuticals,Canadian Government,DoHAC and other,"10,03,96,582.60","13,35,87,571.93"
2014-15,ACT,Primary health care,Benefit-paid pharmaceuticals,Non-government,Individuals,"2,23,02,416.54","2,96,75,904.47"
2014-15,ACT,Primary health care,Community health and other,Canadian Government,Department of Veterans' Affairs,0,0
2014-15,ACT,Primary health care,Community health and other,Canadian Government,DoHAC and other,"1,67,89,385.52","1,99,19,450.70"
2014-15,ACT,Primary health care,Community health and other,Canadian Government,Premium rebates,848.36,"1,007.17"
2014-15,ACT,Primary health care,Community health and other,Non-government,Health insurance funds,"2,088.49","2,479.47"
2014-15,ACT,Primary health care,Community health and other,Non-government,Other source of funds,"10,086.76","11,975.04"
2014-15,ACT,Primary health care,Community health and other,State and local government,State and local government,"19,47,69,531.62","23,12,31,031.11"
2014-15,ACT,Primary health care,Dental services,Canadian Government,Department of Veterans' Affairs,"11,88,000.00","12,74,503.80"
2014-15,ACT,Primary health care,Dental services,Canadian Government,DoHAC and other,"40,84,083.85","43,81,236.88"
2014-15,ACT,Primary health care,Dental services,Canadian Government,Premium rebates,"1,19,33,831.79","1,28,02,789.55"
2014-15,ACT,Primary health care,Dental services,Non-government,Health insurance funds,"2,93,78,797.16","3,15,18,003.95"
2014-15,ACT,Primary health care,Dental services,Non-government,Individuals,"11,47,00,571.89","12,30,52,453.71"
2014-15,ACT,Primary health care,Dental services,Non-government,Other source of funds,"2,64,242.26","2,83,482.97"
2014-15,ACT,Primary health care,Dental services,State and local government,State and local government,"1,15,25,406.21","1,23,64,624.61"
2014-15,ACT,Primary health care,Other health practitioners,Canadian Government,Department of Veterans' Affairs,"79,80,000.00","95,66,504.04"
2014-15,ACT,Primary health care,Other health practitioners,Canadian Government,DoHAC and other,"1,76,69,257.64","2,11,82,083.29"
2014-15,ACT,Primary health care,Other health practitioners,Canadian Government,Premium rebates,"47,18,515.79","56,56,604.05"
2014-15,ACT,Primary health care,Other health practitioners,Non-government,Health insurance funds,"1,16,16,077.77","1,39,25,470.55"
2014-15,ACT,Primary health care,Other health practitioners,Non-government,Individuals,"5,26,28,771.63","6,30,91,899.31"
2014-15,ACT,Primary health care,Other health practitioners,Non-government,Other source of funds,"1,17,20,330.63","1,40,50,449.92"
2014-15,ACT,Primary health care,Other health practitioners,State and local government,State and local government,"19,86,858.61","23,81,866.04"
2014-15,ACT,Primary health care,Public health,Canadian Government,DoHAC and other,"1,90,52,934.25","2,15,58,140.15"
2014-15,ACT,Primary health care,Public health,State and local government,State and local government,"2,63,81,290.08","3,00,03,765.39"
2014-15,ACT,Primary health care,Unreferred medical services,Canadian Government,Department of Veterans' Affairs,"1,22,05,073.48","1,35,96,731.48"
2014-15,ACT,Primary health care,Unreferred medical services,Canadian Government,DoHAC and other,"11,20,68,067.78","12,46,72,670.11"
2014-15,ACT,Primary health care,Unreferred medical services,Non-government,Individuals,"2,72,79,906.00","3,03,90,440.29"
2014-15,ACT,Primary health care,Unreferred medical services,Non-government,Other source of funds,"1,89,71,356.79","2,11,34,526.11"
2014-15,ACT,Referred medical services,Referred medical services,Canadian Government,Department of Veterans' Affairs,"3,45,90,859.59","3,85,35,010.08"
2014-15,ACT,Referred medical services,Referred medical services,Canadian Government,DoHAC and other,"15,65,82,312.00","17,44,36,282.99"
2014-15,ACT,Referred medical services,Referred medical services,Canadian Government,Premium rebates,"61,48,966.23","68,50,089.25"
2014-15,ACT,Referred medical services,Referred medical services,Non-government,Health insurance funds,"1,51,37,571.46","1,68,63,601.42"
2014-15,ACT,Referred medical services,Referred medical services,Non-government,Individuals,"6,96,95,814.60","7,76,42,734.25"
2014-15,ACT,Research,Research,Canadian Government,Department of Veterans' Affairs,"22,31,000.00","26,48,650.57"
2014-15,ACT,Research,Research,Canadian Government,DoHAC and other,"10,28,95,247.34","12,21,57,577.42"
2014-15,ACT,Research,Research,Non-government,Individuals,"58,554.14","69,515.67"
2014-15,ACT,Research,Research,Non-government,Other source of funds,"45,78,722.77","54,35,874.79"
2014-15,ACT,Research,Research,State and local government,State and local government,"1,61,59,339.50","1,91,84,421.22"
2014-15,NSW,Capital expenditure,Capital expenditure,Canadian Government,DoHAC and other,"3,11,56,593.58","3,36,69,099.31"
2014-15,NSW,Capital expenditure,Capital expenditure,Non-government,Other source of funds,"1,61,02,59,761.19","1,91,56,76,619.27"
2014-15,NSW,Capital expenditure,Capital expenditure,State and local government,State and local government,"1,27,50,00,000.00","1,46,50,07,151.32"
2014-15,NSW,Hospitals,Private hospitals,Canadian Government,Department of Veterans' Affairs,"22,37,33,941.55","26,01,17,446.17"
2014-15,NSW,Hospitals,Private hospitals,Canadian Government,DoHAC and other,"10,63,32,226.35","12,36,19,051.73"
2014-15,NSW,Hospitals,Private hospitals,Canadian Government,Premium rebates,"87,82,88,756.44","1,02,11,15,646.32"
2014-15,NSW,Hospitals,Private hospitals,Non-government,Health insurance funds,"2,16,21,23,977.12","2,51,37,27,525.40"
2014-15,NSW,Hospitals,Private hospitals,Non-government,Individuals,"25,67,16,178.68","29,84,63,238.64"
2014-15,NSW,Hospitals,Private hospitals,Non-government,Other source of funds,"35,35,05,146.22","41,09,91,980.95"
2014-15,NSW,Hospitals,Public hospital services,Canadian Government,Department of Veterans' Affairs,"34,24,91,488.45","39,81,87,287.52"
2014-15,NSW,Hospitals,Public hospital services,Canadian Government,DoHAC and other,"5,46,48,27,231.46","6,35,32,84,984.14"
2014-15,NSW,Hospitals,Public hospital services,Canadian Government,Premium rebates,"17,08,33,301.25","19,86,14,129.51"
2014-15,NSW,Hospitals,Public hospital services,Non-government,Health insurance funds,"42,05,48,224.06","48,89,37,571.46"
2014-15,NSW,Hospitals,Public hospital services,Non-government,Individuals,"27,18,69,004.65","31,60,80,209.80"
2014-15,NSW,Hospitals,Public hospital services,Non-government,Other source of funds,"82,06,25,517.35","95,40,75,239.36"
2014-15,NSW,Hospitals,Public hospital services,State and local government,State and local government,"7,78,68,24,466.48","9,05,31,14,069.32"
2014-15,NSW,Medical expenses tax rebate,Medical expenses tax rebate,Canadian Government,DoHAC and other,"5,52,88,500.00","6,53,50,449.94"
2014-15,NSW,Medical expenses tax rebate,Medical expenses tax rebate,Non-government,Individuals,"-5,52,88,500.00","-6,53,50,449.94"
2014-15,NSW,Other services,Administration,Canadian Government,Department of Veterans' Affairs,0,0
2014-15,NSW,Other services,Administration,Canadian Government,DoHAC and other,"50,84,83,379.42","60,05,04,098.92"
2014-15,NSW,Other services,Administration,Canadian Government,Premium rebates,"15,92,09,415.20","18,81,83,924.66"
2014-15,NSW,Other services,Administration,Non-government,Health insurance funds,"39,19,42,939.90","46,32,72,605.96"
2014-15,NSW,Other services,Administration,State and local government,State and local government,0,0
2014-15,NSW,Other services,Aids and appliances,Canadian Government,Department of Veterans' Affairs,"5,83,000.00","6,63,851.49"
2014-15,NSW,Other services,Aids and appliances,Canadian Government,DoHAC and other,"15,93,47,946.72","18,14,46,606.03"
2014-15,NSW,Other services,Aids and appliances,Canadian Government,Premium rebates,"8,68,99,267.52","9,89,50,613.94"
2014-15,NSW,Other services,Aids and appliances,Non-government,Health insurance funds,"21,39,29,272.61","24,35,97,368.18"
2014-15,NSW,Other services,Aids and appliances,Non-government,Individuals,"52,22,21,985.42","59,46,44,667.84"
2014-15,NSW,Other services,Aids and appliances,Non-government,Other source of funds,"63,20,744.03","71,97,316.16"
2014-15,NSW,Other services,Patient transport services,Canadian Government,Department of Veterans' Affairs,"8,80,04,000.00","10,23,15,167.63"
2014-15,NSW,Other services,Patient transport services,Canadian Government,DoHAC and other,"45,31,705.02","52,68,648.69"
2014-15,NSW,Other services,Patient transport services,Canadian Government,Premium rebates,"4,96,26,157.35","5,76,96,338.89"
2014-15,NSW,Other services,Patient transport services,Non-government,Health insurance funds,"12,21,70,048.69","14,20,37,282.51"
2014-15,NSW,Other services,Patient transport services,Non-government,Individuals,"6,57,40,191.53","7,64,30,829.46"
2014-15,NSW,Other services,Patient transport services,Non-government,Other source of funds,"4,16,56,209.22","4,84,30,321.68"
2014-15,NSW,Other services,Patient transport services,State and local government,State and local government,"61,85,82,469.92","71,91,76,049.95"
2014-15,NSW,Primary health care,All other medications,Canadian Government,DoHAC and other,"18,76,44,490.16","19,99,95,556.53"
2014-15,NSW,Primary health care,All other medications,Canadian Government,Premium rebates,"70,16,807.50","74,09,397.32"
2014-15,NSW,Primary health care,All other medications,Non-government,Health insurance funds,"1,72,74,029.67","1,82,40,510.25"
2014-15,NSW,Primary health care,All other medications,Non-government,Individuals,"3,16,52,06,324.33","3,34,22,99,365.73"
2014-15,NSW,Primary health care,All other medications,Non-government,Other source of funds,"86,98,993.88","91,85,701.90"
2014-15,NSW,Primary health care,Benefit-paid pharmaceuticals,Canadian Government,Department of Veterans' Affairs,"12,49,34,000.00","16,62,38,911.52"
2014-15,NSW,Primary health care,Benefit-paid pharmaceuticals,Canadian Government,DoHAC and other,"2,68,66,16,011.02","3,57,48,16,763.40"
2014-15,NSW,Primary health care,Benefit-paid pharmaceuticals,Non-government,Individuals,"49,87,85,666.74","66,36,91,119.50"
2014-15,NSW,Primary health care,Community health and other,Canadian Government,Department of Veterans' Affairs,"2,45,000.00","2,89,587.53"
2014-15,NSW,Primary health care,Community health and other,Canadian Government,DoHAC and other,"32,94,17,256.10","38,92,50,490.36"
2014-15,NSW,Primary health care,Community health and other,Canadian Government,Premium rebates,"1,04,410.35","1,23,411.99"
2014-15,NSW,Primary health care,Community health and other,Non-government,Health insurance funds,"2,57,038.20","3,03,816.56"
2014-15,NSW,Primary health care,Community health and other,Non-government,Individuals,"14,18,15,597.93","16,76,24,607.89"
2014-15,NSW,Primary health care,Community health and other,Non-government,Other source of funds,"13,41,86,725.82","15,86,07,357.93"
2014-15,NSW,Primary health care,Community health and other,State and local government,State and local government,"1,71,76,90,748.08","2,03,02,93,157.70"
2014-15,NSW,Primary health care,Dental services,Canadian Government,Department of Veterans' Affairs,"2,86,48,000.00","3,07,33,994.05"
2014-15,NSW,Primary health care,Dental services,Canadian Government,DoHAC and other,"21,12,79,644.44","22,66,65,347.41"
2014-15,NSW,Primary health care,Dental services,Canadian Government,Premium rebates,"21,25,81,421.56","22,80,60,463.02"
2014-15,NSW,Primary health care,Dental services,Non-government,Health insurance funds,"52,33,34,547.95","56,14,40,969.04"
2014-15,NSW,Primary health care,Dental services,Non-government,Individuals,"1,55,16,47,782.34","1,66,46,30,470.01"
2014-15,NSW,Primary health care,Dental services,Non-government,Other source of funds,"1,59,03,451.13","1,70,61,455.33"
2014-15,NSW,Primary health care,Dental services,State and local government,State and local government,"19,85,68,107.24","21,30,26,774.15"
2014-15,NSW,Primary health care,Other health practitioners,Canadian Government,Department of Veterans' Affairs,"6,74,75,000.00","8,08,89,706.80"
2014-15,NSW,Primary health care,Other health practitioners,Canadian Government,DoHAC and other,"44,76,60,884.99","53,66,60,359.13"
2014-15,NSW,Primary health care,Other health practitioners,Canadian Government,Premium rebates,"10,10,62,129.16","12,11,54,294.13"
2014-15,NSW,Primary health care,Other health practitioners,Non-government,Health insurance funds,"24,87,95,512.30","29,82,58,555.65"
2014-15,NSW,Primary health care,Other health practitioners,Non-government,Individuals,"75,29,99,530.20","90,27,03,389.68"
2014-15,NSW,Primary health care,Other health practitioners,Non-government,Other source of funds,"10,68,87,550.81","12,81,37,868.04"
2014-15,NSW,Primary health care,Public health,Canadian Government,DoHAC and other,"37,62,19,557.42","43,60,45,852.03"
2014-15,NSW,Primary health care,Public health,Non-government,Other source of funds,"11,93,57,263.41","13,87,67,083.46"
2014-15,NSW,Primary health care,Public health,State and local government,State and local government,"23,91,94,305.25","27,80,91,966.69"
2014-15,NSW,Primary health care,Unreferred medical services,Canadian Government,Department of Veterans' Affairs,"4,25,37,456.53","4,90,41,402.78"
2014-15,NSW,Primary health care,Unreferred medical services,Canadian Government,DoHAC and other,"2,82,02,18,796.99","3,24,95,47,665.74"
2014-15,NSW,Primary health care,Unreferred medical services,Non-government,Individuals,"17,46,43,270.00","20,13,46,099.32"
2014-15,NSW,Primary health care,Unreferred medical services,Non-government,Other source of funds,"54,22,34,629.07","62,51,41,910.60"
2014-15,NSW,Referred medical services,Referred medical services,Canadian Government,Department of Veterans' Affairs,"16,91,27,281.84","19,49,86,720.57"
2014-15,NSW,Referred medical services,Referred medical services,Canadian Government,DoHAC and other,"4,28,63,79,578.00","4,94,17,63,906.76"
2014-15,NSW,Referred medical services,Referred medical services,Canadian Government,Premium rebates,"17,73,44,936.18","20,44,60,848.30"
2014-15,NSW,Referred medical services,Referred medical services,Non-government,Health insurance funds,"43,65,89,102.32","50,33,43,259.43"
2014-15,NSW,Referred medical services,Referred medical services,Non-government,Individuals,"1,06,05,76,519.50","1,22,27,37,900.14"
2014-15,NSW,Research,Research,Canadian Government,Department of Veterans' Affairs,0,0
2014-15,NSW,Research,Research,Canadian Government,DoHAC and other,"1,29,06,64,710.60","1,52,55,52,683.89"
2014-15,NSW,Research,Research,Non-government,Individuals,"7,60,357.68","8,98,735.11"
2014-15,NSW,Research,Research,Non-government,Other source of funds,"11,61,46,879.49","13,72,84,441.32"
2014-15,NSW,Research,Research,State and local government,State and local government,"10,58,13,464.61","12,50,70,449.05"
2014-15,NT,Capital expenditure,Capital expenditure,Canadian Government,DoHAC and other,"40,10,195.91","39,91,072.13"
2014-15,NT,Capital expenditure,Capital expenditure,Non-government,Other source of funds,"2,79,53,406.84","3,24,94,997.94"
2014-15,NT,Capital expenditure,Capital expenditure,State and local government,State and local government,"8,90,00,000.00","9,82,05,589.11"
2014-15,NT,Hospitals,Private hospitals,Canadian Government,Department of Veterans' Affairs,"16,23,000.00","19,18,238.32"
2014-15,NT,Hospitals,Private hospitals,Canadian Government,DoHAC and other,"1,37,707.01","1,62,406.64"
2014-15,NT,Hospitals,Private hospitals,Canadian Government,Premium rebates,"1,34,47,313.33","1,58,93,500.76"
2014-15,NT,Hospitals,Private hospitals,Non-government,Health insurance funds,"3,31,03,872.00","3,91,25,764.54"
2014-15,NT,Hospitals,Private hospitals,Non-government,Individuals,"2,67,19,077.39","3,15,79,518.27"
2014-15,NT,Hospitals,Private hospitals,Non-government,Other source of funds,"68,72,901.43","81,23,144.11"
2014-15,NT,Hospitals,Public hospital services,Canadian Government,Department of Veterans' Affairs,"25,57,500.98","30,22,733.45"
2014-15,NT,Hospitals,Public hospital services,Canadian Government,DoHAC and other,"19,98,35,418.11","23,61,42,939.09"
2014-15,NT,Hospitals,Public hospital services,Canadian Government,Premium rebates,"8,34,721.04","9,86,564.31"
2014-15,NT,Hospitals,Public hospital services,Non-government,Health insurance funds,"20,54,871.31","24,28,670.92"
2014-15,NT,Hospitals,Public hospital services,Non-government,Individuals,"89,43,100.47","1,05,69,931.01"
2014-15,NT,Hospitals,Public hospital services,Non-government,Other source of funds,"1,91,24,864.08","2,26,03,849.14"
2014-15,NT,Hospitals,Public hospital services,State and local government,State and local government,"45,49,97,463.14","53,77,65,600.59"
2014-15,NT,Medical expenses tax rebate,Medical expenses tax rebate,Canadian Government,DoHAC and other,"6,38,000.00","7,57,435.71"
2014-15,NT,Medical expenses tax rebate,Medical expenses tax rebate,Non-government,Individuals,"-6,38,000.00","-7,57,435.71"
2014-15,NT,Other services,Administration,Canadian Government,Department of Veterans' Affairs,0,0
2014-15,NT,Other services,Administration,Canadian Government,DoHAC and other,"1,77,07,468.12","2,09,91,341.39"
2014-15,NT,Other services,Administration,Canadian Government,Premium rebates,"26,01,181.34","30,88,131.08"
2014-15,NT,Other services,Administration,Non-government,Health insurance funds,"64,03,607.86","76,02,384.39"
2014-15,NT,Other services,Administration,Non-government,Individuals,"64,642.46","76,743.75"
2014-15,NT,Other services,Administration,Non-government,Other source of funds,"1,40,142.80","1,66,377.99"
2014-15,NT,Other services,Administration,State and local government,State and local government,"2,40,42,984.86","2,85,43,911.02"
2014-15,NT,Other services,Aids and appliances,Canadian Government,Department of Veterans' Affairs,0,0
2014-15,NT,Other services,Aids and appliances,Canadian Government,DoHAC and other,"38,75,135.05","44,12,545.73"
2014-15,NT,Other services,Aids and appliances,Canadian Government,Premium rebates,"18,68,236.18","21,27,326.52"
2014-15,NT,Other services,Aids and appliances,Non-government,Health insurance funds,"45,99,237.92","52,37,068.49"
2014-15,NT,Other services,Aids and appliances,Non-government,Individuals,"1,44,48,043.92","1,64,51,724.59"
2014-15,NT,Other services,Aids and appliances,Non-government,Other source of funds,"17,07,575.49","19,44,385.12"
2014-15,NT,Other services,Patient transport services,Canadian Government,Department of Veterans' Affairs,0,0
2014-15,NT,Other services,Patient transport services,Canadian Government,DoHAC and other,"1,17,57,894.25","1,38,96,761.14"
2014-15,NT,Other services,Patient transport services,Canadian Government,Premium rebates,"3,10,456.18","3,66,930.95"
2014-15,NT,Other services,Patient transport services,Non-government,Health insurance funds,"7,64,283.35","9,03,313.38"
2014-15,NT,Other services,Patient transport services,Non-government,Individuals,"3,85,243.40","4,55,322.65"
2014-15,NT,Other services,Patient transport services,Non-government,Other source of funds,"6,90,402.19","8,15,992.57"
2014-15,NT,Other services,Patient transport services,State and local government,State and local government,"9,18,93,043.89","10,86,09,216.40"
2014-15,NT,Primary health care,All other medications,Canadian Government,DoHAC and other,"70,31,803.28","72,44,280.60"
2014-15,NT,Primary health care,All other medications,Canadian Government,Premium rebates,"81,751.10","86,078.43"
2014-15,NT,Primary health care,All other medications,Non-government,Health insurance funds,"2,01,255.49","2,11,908.54"
2014-15,NT,Primary health care,All other medications,Non-government,Individuals,"3,86,67,260.41","4,07,14,033.71"
2014-15,NT,Primary health care,All other medications,Non-government,Other source of funds,"4,32,411.05","4,55,299.86"
2014-15,NT,Primary health care,Benefit-paid pharmaceuticals,Canadian Government,Department of Veterans' Affairs,"5,79,625.31","7,71,257.47"
2014-15,NT,Primary health care,Benefit-paid pharmaceuticals,Canadian Government,DoHAC and other,"4,53,33,055.74","6,03,19,778.19"
2014-15,NT,Primary health care,Benefit-paid pharmaceuticals,Non-government,Individuals,"66,49,979.57","88,48,554.96"
2014-15,NT,Primary health care,Community health and other,Canadian Government,Department of Veterans' Affairs,0,0
2014-15,NT,Primary health care,Community health and other,Canadian Government,DoHAC and other,"17,31,37,362.45","20,55,36,514.52"
2014-15,NT,Primary health care,Community health and other,Canadian Government,Premium rebates,242.07,287.39
2014-15,NT,Primary health care,Community health and other,Non-government,Health insurance funds,595.93,707.49
2014-15,NT,Primary health care,Community health and other,Non-government,Individuals,"5,26,286.39","6,24,808.94"
2014-15,NT,Primary health care,Community health and other,Non-government,Other source of funds,"2,27,638.43","2,70,253.10"
2014-15,NT,Primary health care,Community health and other,State and local government,State and local government,"28,57,91,084.96","33,92,92,119.81"
2014-15,NT,Primary health care,Dental services,Canadian Government,Department of Veterans' Affairs,"2,71,749.32","2,91,536.65"
2014-15,NT,Primary health care,Dental services,Canadian Government,DoHAC and other,"33,00,042.43","35,40,314.36"
2014-15,NT,Primary health care,Dental services,Canadian Government,Premium rebates,"43,34,237.13","46,49,833.08"
2014-15,NT,Primary health care,Dental services,Non-government,Health insurance funds,"1,06,70,057.67","1,14,46,994.17"
2014-15,NT,Primary health care,Dental services,Non-government,Individuals,"6,84,09,336.21","7,33,90,537.97"
2014-15,NT,Primary health care,Dental services,Non-government,Other source of funds,"2,73,571.96","2,93,492.00"
2014-15,NT,Primary health care,Dental services,State and local government,State and local government,"1,44,77,697.96","1,55,31,886.45"
2014-15,NT,Primary health care,Other health practitioners,Canadian Government,Department of Veterans' Affairs,"4,57,285.56","5,48,198.51"
2014-15,NT,Primary health care,Other health practitioners,Canadian Government,DoHAC and other,"70,52,120.53","84,54,152.82"
2014-15,NT,Primary health care,Other health practitioners,Canadian Government,Premium rebates,"19,27,962.48","23,11,260.76"
2014-15,NT,Primary health care,Other health practitioners,Non-government,Health insurance funds,"47,46,272.59","56,89,879.19"
2014-15,NT,Primary health care,Other health practitioners,Non-government,Individuals,"2,92,19,286.34","3,50,28,373.55"
2014-15,NT,Primary health care,Other health practitioners,Non-government,Other source of funds,"77,01,468.16","92,32,597.28"
2014-15,NT,Primary health care,Other health practitioners,State and local government,State and local government,"8,77,800.35","10,52,315.86"
2014-15,NT,Primary health care,Public health,Canadian Government,DoHAC and other,"2,78,17,308.98","3,14,36,178.63"
2014-15,NT,Primary health care,Public health,Non-government,Individuals,"67,744.54","80,067.89"
2014-15,NT,Primary health care,Public health,Non-government,Other source of funds,"3,74,642.49","4,42,793.34"
2014-15,NT,Primary health care,Public health,State and local government,State and local government,"5,52,50,855.68","6,53,01,484.06"
2014-15,NT,Primary health care,Unreferred medical services,Canadian Government,Department of Veterans' Affairs,"4,79,409.64","5,16,200.24"
2014-15,NT,Primary health care,Unreferred medical services,Canadian Government,DoHAC and other,"8,55,46,030.30","9,20,47,042.94"
2014-15,NT,Primary health care,Unreferred medical services,Non-government,Individuals,"60,68,705.66","65,34,427.07"
2014-15,NT,Primary health care,Unreferred medical services,Non-government,Other source of funds,"1,66,22,837.00","1,78,98,497.99"
2014-15,NT,Referred medical services,Referred medical services,Canadian Government,Department of Veterans' Affairs,"25,91,826.36","27,90,726.93"
2014-15,NT,Referred medical services,Referred medical services,Canadian Government,DoHAC and other,"6,82,23,940.63","7,34,59,546.30"
2014-15,NT,Referred medical services,Referred medical services,Canadian Government,Premium rebates,"25,05,056.89","26,97,298.65"
2014-15,NT,Referred medical services,Referred medical services,Non-government,Health insurance funds,"61,66,967.96","66,40,230.16"
2014-15,NT,Referred medical services,Referred medical services,Non-government,Individuals,"1,29,62,550.94","1,39,57,316.19"
2014-15,NT,Research,Research,Canadian Government,Department of Veterans' Affairs,0,0
2014-15,NT,Research,Research,Canadian Government,DoHAC and other,"1,88,89,478.40","2,24,25,651.13"
2014-15,NT,Research,Research,Non-government,Individuals,190.63,226.32
2014-15,NT,Research,Research,Non-government,Other source of funds,"13,35,879.48","15,85,960.53"
2014-15,NT,Research,Research,State and local government,State and local government,"61,65,182.12","73,19,324.57"
2014-15,Qld,Capital expenditure,Capital expenditure,Canadian Government,DoHAC and other,"91,63,970.62","98,34,548.82"
2014-15,Qld,Capital expenditure,Capital expenditure,Non-government,Other source of funds,"1,32,90,87,552.60","1,61,10,78,505.66"
2014-15,Qld,Capital expenditure,Capital expenditure,State and local government,State and local government,"95,70,00,000.00","1,08,99,52,376.13"
2014-15,Qld,Hospitals,Private hospitals,Canadian Government,Department of Veterans' Affairs,"30,83,05,698.39","36,02,60,330.67"
2014-15,Qld,Hospitals,Private hospitals,Canadian Government,DoHAC and other,"7,95,79,439.66","9,29,86,355.05"
2014-15,Qld,Hospitals,Private hospitals,Canadian Government,Premium rebates,"63,39,65,552.54","74,07,99,280.67"
2014-15,Qld,Hospitals,Private hospitals,Non-government,Health insurance funds,"1,56,06,62,267.11","1,82,36,59,787.55"
2014-15,Qld,Hospitals,Private hospitals,Non-government,Individuals,"34,28,58,683.07","40,06,36,067.33"
2014-15,Qld,Hospitals,Private hospitals,Non-government,Other source of funds,"17,37,38,798.89","20,30,16,672.96"
2014-15,Qld,Hospitals,Private hospitals,State and local government,State and local government,"12,17,34,000.00","14,22,48,201.46"
2014-15,Qld,Hospitals,Public hospital services,Canadian Government,Department of Veterans' Affairs,"10,85,04,301.60","12,67,89,079.08"
2014-15,Qld,Hospitals,Public hospital services,Canadian Government,DoHAC and other,"3,50,25,03,566.77","4,09,21,27,648.32"
2014-15,Qld,Hospitals,Public hospital services,Canadian Government,Premium rebates,"4,25,18,659.48","4,96,83,759.99"
2014-15,Qld,Hospitals,Public hospital services,Non-government,Health insurance funds,"10,46,70,146.87","12,23,08,805.58"
2014-15,Qld,Hospitals,Public hospital services,Non-government,Individuals,"32,59,78,052.33","38,09,10,769.86"
2014-15,Qld,Hospitals,Public hospital services,Non-government,Other source of funds,"52,43,73,070.03","61,27,38,644.13"
2014-15,Qld,Hospitals,Public hospital services,State and local government,State and local government,"4,62,96,72,270.65","5,40,98,48,964.40"
2014-15,Qld,Medical expenses tax rebate,Medical expenses tax rebate,Canadian Government,DoHAC and other,"2,66,07,500.00","3,15,64,852.13"
2014-15,Qld,Medical expenses tax rebate,Medical expenses tax rebate,Non-government,Individuals,"-2,66,07,500.00","-3,15,64,852.13"
2014-15,Qld,Other services,Administration,Canadian Government,Department of Veterans' Affairs,0,0
2014-15,Qld,Other services,Administration,Canadian Government,DoHAC and other,"30,44,32,157.16","36,07,90,369.85"
2014-15,Qld,Other services,Administration,Canadian Government,Premium rebates,"10,45,01,451.93","12,39,71,544.79"
2014-15,Qld,Other services,Administration,Non-government,Health insurance funds,"25,72,62,463.05","30,51,94,084.59"
2014-15,Qld,Other services,Administration,State and local government,State and local government,"23,28,31,408.91","27,62,11,180.85"
2014-15,Qld,Other services,Aids and appliances,Canadian Government,Department of Veterans' Affairs,"4,81,000.00","5,47,705.94"
2014-15,Qld,Other services,Aids and appliances,Canadian Government,DoHAC and other,"9,52,54,467.28","10,84,64,527.80"
2014-15,Qld,Other services,Aids and appliances,Canadian Government,Premium rebates,"5,12,08,786.62","5,83,10,513.07"
2014-15,Qld,Other services,Aids and appliances,Non-government,Health insurance funds,"12,60,66,177.36","14,35,49,261.15"
2014-15,Qld,Other services,Aids and appliances,Non-government,Individuals,"53,31,32,717.42","60,70,68,519.73"
2014-15,Qld,Other services,Aids and appliances,Non-government,Other source of funds,"98,23,525.85","1,11,85,870.05"
2014-15,Qld,Other services,Patient transport services,Canadian Government,Department of Veterans' Affairs,"2,60,24,000.00","3,04,09,476.36"
2014-15,Qld,Other services,Patient transport services,Canadian Government,DoHAC and other,"1,62,17,281.49","1,89,50,162.86"
2014-15,Qld,Other services,Patient transport services,Canadian Government,Premium rebates,"1,56,517.08","1,82,892.81"
2014-15,Qld,Other services,Patient transport services,Non-government,Health insurance funds,"3,85,314.92","4,50,246.89"
2014-15,Qld,Other services,Patient transport services,Non-government,Other source of funds,"44,50,170.90","52,00,098.63"
2014-15,Qld,Other services,Patient transport services,State and local government,State and local government,"74,21,40,579.11","86,72,03,596.42"
2014-15,Qld,Primary health care,All other medications,Canadian Government,DoHAC and other,"11,37,18,957.19","12,16,08,223.91"
2014-15,Qld,Primary health care,All other medications,Canadian Government,Premium rebates,"37,80,470.30","40,33,195.26"
2014-15,Qld,Primary health care,All other medications,Non-government,Health insurance funds,"93,06,790.32","99,28,950.54"
2014-15,Qld,Primary health care,All other medications,Non-government,Individuals,"1,80,15,16,926.09","1,92,19,48,581.48"
2014-15,Qld,Primary health care,All other medications,Non-government,Other source of funds,"1,11,03,897.50","1,18,46,194.59"
2014-15,Qld,Primary health care,Benefit-paid pharmaceuticals,Canadian Government,Department of Veterans' Affairs,"8,29,97,000.00","11,04,36,958.23"
2014-15,Qld,Primary health care,Benefit-paid pharmaceuticals,Canadian Government,DoHAC and other,"1,48,61,90,290.36","1,97,75,26,335.84"
2014-15,Qld,Primary health care,Benefit-paid pharmaceuticals,Non-government,Individuals,"29,84,74,551.09","39,71,54,373.43"
2014-15,Qld,Primary health care,Community health and other,Canadian Government,Department of Veterans' Affairs,"28,000.00","33,216.79"
2014-15,Qld,Primary health care,Community health and other,Canadian Government,DoHAC and other,"25,26,46,050.93","29,96,34,880.67"
2014-15,Qld,Primary health care,Community health and other,Canadian Government,Premium rebates,"35,029.43","41,555.90"
2014-15,Qld,Primary health care,Community health and other,Non-government,Health insurance funds,"86,235.71","1,02,302.64"
2014-15,Qld,Primary health care,Community health and other,Non-government,Individuals,"2,16,73,000.00","2,57,10,985.26"
2014-15,Qld,Primary health care,Community health and other,Non-government,Other source of funds,"2,01,66,503.17","2,39,23,806.84"
2014-15,Qld,Primary health care,Community health and other,State and local government,State and local government,"2,18,78,28,228.17","2,59,54,51,452.28"
2014-15,Qld,Primary health care,Dental services,Canadian Government,Department of Veterans' Affairs,"3,14,33,000.00","3,37,21,782.84"
2014-15,Qld,Primary health care,Dental services,Canadian Government,DoHAC and other,"7,51,89,483.59","8,06,64,399.42"
2014-15,Qld,Primary health care,Dental services,Canadian Government,Premium rebates,"13,90,15,821.57","14,91,38,209.74"
2014-15,Qld,Primary health care,Dental services,Non-government,Health insurance funds,"34,22,30,198.71","36,71,49,570.29"
2014-15,Qld,Primary health care,Dental services,Non-government,Individuals,"60,06,23,655.05","64,43,57,855.30"
2014-15,Qld,Primary health care,Dental services,Non-government,Other source of funds,"1,14,50,360.61","1,22,84,114.59"
2014-15,Qld,Primary health care,Dental services,State and local government,State and local government,"19,87,82,480.84","21,32,56,757.29"
2014-15,Qld,Primary health care,Other health practitioners,Canadian Government,Department of Veterans' Affairs,"7,29,30,000.00","8,74,29,215.52"
2014-15,Qld,Primary health care,Other health practitioners,Canadian Government,DoHAC and other,"26,59,66,576.20","31,88,43,399.29"
2014-15,Qld,Primary health care,Other health practitioners,Canadian Government,Premium rebates,"6,16,32,311.04","7,38,85,432.67"
2014-15,Qld,Primary health care,Other health practitioners,Non-government,Health insurance funds,"15,17,26,888.47","18,18,91,715.77"
2014-15,Qld,Primary health care,Other health practitioners,Non-government,Individuals,"56,87,29,665.08","68,17,98,827.08"
2014-15,Qld,Primary health care,Other health practitioners,Non-government,Other source of funds,"7,18,96,072.51","8,61,89,732.86"
2014-15,Qld,Primary health care,Public health,Canadian Government,DoHAC and other,"23,69,76,387.31","27,57,75,321.17"
2014-15,Qld,Primary health care,Public health,Non-government,Individuals,"1,97,81,000.00","2,31,14,427.14"
2014-15,Qld,Primary health care,Public health,State and local government,State and local government,"11,18,51,101.61","13,06,99,870.50"
2014-15,Qld,Primary health care,Unreferred medical services,Canadian Government,Department of Veterans' Affairs,"4,47,31,157.99","4,88,00,855.96"
2014-15,Qld,Primary health care,Unreferred medical services,Canadian Government,DoHAC and other,"1,72,03,35,802.01","1,87,64,10,430.82"
2014-15,Qld,Primary health care,Unreferred medical services,Non-government,Individuals,"14,90,08,216.00","16,25,65,174.08"
2014-15,Qld,Primary health care,Unreferred medical services,Non-government,Other source of funds,"16,65,50,091.83","18,17,03,032.21"
2014-15,Qld,Referred medical services,Referred medical services,Canadian Government,Department of Veterans' Affairs,"25,40,85,488.14","27,72,02,510.84"
2014-15,Qld,Referred medical services,Referred medical services,Canadian Government,DoHAC and other,"2,45,86,68,784.00","2,68,23,61,614.70"
2014-15,Qld,Referred medical services,Referred medical services,Canadian Government,Premium rebates,"12,41,40,769.48","13,54,35,255.46"
2014-15,Qld,Referred medical services,Referred medical services,Non-government,Health insurance funds,"30,56,10,683.19","33,34,15,534.04"
2014-15,Qld,Referred medical services,Referred medical services,Non-government,Individuals,"51,84,38,971.33","56,56,07,212.04"
2014-15,Qld,Research,Research,Canadian Government,Department of Veterans' Affairs,0,0
2014-15,Qld,Research,Research,Canadian Government,DoHAC and other,"75,47,46,972.19","89,53,66,967.04"
2014-15,Qld,Research,Research,Non-government,Other source of funds,"4,81,18,773.42","5,70,83,978.87"
2014-15,Qld,Research,Research,State and local government,State and local government,"18,80,28,745.94","22,30,61,150.53"
2014-15,SA,Capital expenditure,Capital expenditure,Canadian Government,DoHAC and other,"42,56,344.26","44,13,617.06"
2014-15,SA,Capital expenditure,Capital expenditure,Non-government,Other source of funds,"34,29,48,203.79","38,32,54,076.28"
2014-15,SA,Capital expenditure,Capital expenditure,State and local government,State and local government,"14,50,00,000.00","16,74,47,848.33"
2014-15,SA,Hospitals,Private hospitals,Canadian Government,Department of Veterans' Affairs,"4,72,28,546.95","5,55,22,984.00"
2014-15,SA,Hospitals,Private hospitals,Canadian Government,DoHAC and other,"1,54,37,233.04","1,81,46,502.71"
2014-15,SA,Hospitals,Private hospitals,Canadian Government,Premium rebates,"20,09,13,350.76","23,61,98,432.52"
2014-15,SA,Hospitals,Private hospitals,Non-government,Health insurance funds,"49,45,97,670.53","58,14,60,585.22"
2014-15,SA,Hospitals,Private hospitals,Non-government,Individuals,"8,56,82,312.06","10,07,30,129.32"
2014-15,SA,Hospitals,Private hospitals,Non-government,Other source of funds,"5,14,84,696.20","6,05,26,612.57"
2014-15,SA,Hospitals,Private hospitals,State and local government,State and local government,"45,24,000.00","53,18,520.17"
2014-15,SA,Hospitals,Public hospital services,Canadian Government,Department of Veterans' Affairs,"5,60,56,923.05","6,59,01,829.35"
2014-15,SA,Hospitals,Public hospital services,Canadian Government,DoHAC and other,"1,27,59,78,836.57","1,49,98,41,843.41"
2014-15,SA,Hospitals,Public hospital services,Canadian Government,Premium rebates,"1,81,91,217.81","2,13,86,020.97"
2014-15,SA,Hospitals,Public hospital services,Non-government,Health insurance funds,"4,47,82,160.65","5,26,46,955.08"
2014-15,SA,Hospitals,Public hospital services,Non-government,Individuals,"4,78,06,196.35","5,62,02,082.14"
2014-15,SA,Hospitals,Public hospital services,Non-government,Other source of funds,"16,53,02,783.99","19,43,33,817.65"
2014-15,SA,Hospitals,Public hospital services,State and local government,State and local government,"2,29,66,91,922.77","2,70,00,44,721.27"
2014-15,SA,Medical expenses tax rebate,Medical expenses tax rebate,Canadian Government,DoHAC and other,"67,57,000.00","81,05,081.64"
2014-15,SA,Medical expenses tax rebate,Medical expenses tax rebate,Non-government,Individuals,"-67,57,000.00","-81,05,081.64"
2014-15,SA,Other services,Administration,Canadian Government,Department of Veterans' Affairs,0,0
2014-15,SA,Other services,Administration,Canadian Government,DoHAC and other,"11,06,34,183.48","13,25,18,083.08"
2014-15,SA,Other services,Administration,Canadian Government,Premium rebates,"3,89,31,357.06","4,66,98,509.31"
2014-15,SA,Other services,Administration,Non-government,Health insurance funds,"9,58,41,508.62","11,49,62,742.65"
2014-15,SA,Other services,Administration,State and local government,State and local government,0,0
2014-15,SA,Other services,Aids and appliances,Canadian Government,Department of Veterans' Affairs,"67,000.00","76,291.68"
2014-15,SA,Other services,Aids and appliances,Canadian Government,DoHAC and other,"3,76,87,621.74","4,29,14,208.78"
2014-15,SA,Other services,Aids and appliances,Canadian Government,Premium rebates,"2,10,66,855.97","2,39,88,445.37"
2014-15,SA,Other services,Aids and appliances,Non-government,Health insurance funds,"5,18,62,545.02","5,90,54,935.87"
2014-15,SA,Other services,Aids and appliances,Non-government,Individuals,"16,69,92,557.17","19,01,51,384.78"
2014-15,SA,Other services,Aids and appliances,Non-government,Other source of funds,"2,00,35,208.60","2,28,13,727.30"
2014-15,SA,Other services,Patient transport services,Canadian Government,Department of Veterans' Affairs,"66,38,000.00","78,03,788.00"
2014-15,SA,Other services,Patient transport services,Canadian Government,DoHAC and other,"71,44,555.15","83,99,306.07"
2014-15,SA,Other services,Patient transport services,Canadian Government,Premium rebates,"87,96,934.77","1,03,41,882.19"
2014-15,SA,Other services,Patient transport services,Non-government,Health insurance funds,"2,16,56,360.42","2,54,59,723.63"
2014-15,SA,Other services,Patient transport services,Non-government,Individuals,"8,79,50,788.53","10,33,97,003.30"
2014-15,SA,Other services,Patient transport services,Non-government,Other source of funds,"1,22,41,948.41","1,43,91,920.77"
2014-15,SA,Other services,Patient transport services,State and local government,State and local government,"14,91,80,620.05","17,53,80,224.79"
2014-15,SA,Primary health care,All other medications,Canadian Government,DoHAC and other,"4,43,05,555.21","4,61,44,352.36"
2014-15,SA,Primary health care,All other medications,Canadian Government,Premium rebates,"16,53,225.94","17,27,010.22"
2014-15,SA,Primary health care,All other medications,Non-government,Health insurance funds,"40,69,924.08","42,51,566.79"
2014-15,SA,Primary health care,All other medications,Non-government,Individuals,"70,82,77,069.58","73,98,87,821.41"
2014-15,SA,Primary health care,All other medications,Non-government,Other source of funds,"65,17,703.25","68,08,591.53"
2014-15,SA,Primary health care,Benefit-paid pharmaceuticals,Canadian Government,Department of Veterans' Affairs,"2,77,41,000.00","3,69,12,558.99"
2014-15,SA,Primary health care,Benefit-paid pharmaceuticals,Canadian Government,DoHAC and other,"58,68,68,358.53","78,08,87,672.58"
2014-15,SA,Primary health care,Benefit-paid pharmaceuticals,Non-government,Individuals,"11,77,76,388.48","15,67,14,894.45"
2014-15,SA,Primary health care,Community health and other,Canadian Government,Department of Veterans' Affairs,"1,60,000.00","1,91,921.42"
2014-15,SA,Primary health care,Community health and other,Canadian Government,DoHAC and other,"9,23,32,597.16","11,07,11,020.71"
2014-15,SA,Primary health care,Community health and other,Canadian Government,Premium rebates,"9,795.50","11,749.78"
2014-15,SA,Primary health care,Community health and other,Non-government,Health insurance funds,"24,114.62","28,925.71"
2014-15,SA,Primary health care,Community health and other,Non-government,Individuals,"6,37,94,050.05","7,65,21,530.85"
2014-15,SA,Primary health care,Community health and other,Non-government,Other source of funds,"2,13,54,970.20","2,56,15,476.83"
2014-15,SA,Primary health care,Community health and other,State and local government,State and local government,"68,50,31,655.19","82,17,01,567.70"
2014-15,SA,Primary health care,Dental services,Canadian Government,Department of Veterans' Affairs,"80,44,000.00","86,29,721.03"
2014-15,SA,Primary health care,Dental services,Canadian Government,DoHAC and other,"3,64,80,782.53","3,91,36,098.07"
2014-15,SA,Primary health care,Dental services,Canadian Government,Premium rebates,"5,88,88,980.45","6,31,76,960.86"
2014-15,SA,Primary health care,Dental services,Non-government,Health insurance funds,"14,49,73,336.52","15,55,29,519.04"
2014-15,SA,Primary health care,Dental services,Non-government,Individuals,"16,33,05,525.91","17,51,96,560.35"
2014-15,SA,Primary health care,Dental services,Non-government,Other source of funds,"73,38,747.00","78,73,115.28"
2014-15,SA,Primary health care,Dental services,State and local government,State and local government,"5,01,76,845.91","5,38,30,455.30"
2014-15,SA,Primary health care,Other health practitioners,Canadian Government,Department of Veterans' Affairs,"1,58,02,000.00","1,89,43,596.10"
2014-15,SA,Primary health care,Other health practitioners,Canadian Government,DoHAC and other,"10,20,13,338.43","12,22,94,613.34"
2014-15,SA,Primary health care,Other health practitioners,Canadian Government,Premium rebates,"3,08,65,150.25","3,70,01,451.71"
2014-15,SA,Primary health care,Other health practitioners,Non-government,Health insurance funds,"7,59,84,059.83","9,10,90,453.07"
2014-15,SA,Primary health care,Other health practitioners,Non-government,Individuals,"4,32,52,247.99","5,18,51,228.72"
2014-15,SA,Primary health care,Other health practitioners,Non-government,Other source of funds,"3,97,55,045.38","4,76,58,747.16"
2014-15,SA,Primary health care,Public health,Canadian Government,DoHAC and other,"8,18,24,934.66","9,56,70,051.75"
2014-15,SA,Primary health care,Public health,Non-government,Individuals,"44,79,960.60","52,66,746.42"
2014-15,SA,Primary health care,Public health,Non-government,Other source of funds,"29,65,795.97","34,86,659.08"
2014-15,SA,Primary health care,Public health,State and local government,State and local government,"9,50,97,217.43","11,17,98,512.19"
2014-15,SA,Primary health care,Unreferred medical services,Canadian Government,Department of Veterans' Affairs,"83,28,161.20","91,67,100.78"
2014-15,SA,Primary health care,Unreferred medical services,Canadian Government,DoHAC and other,"62,21,24,687.50","68,44,26,150.15"
2014-15,SA,Primary health care,Unreferred medical services,Non-government,Individuals,"4,75,64,630.00","5,23,56,065.89"
2014-15,SA,Primary health care,Unreferred medical services,Non-government,Other source of funds,"8,73,05,162.25","9,60,99,871.43"
2014-15,SA,Referred medical services,Referred medical services,Canadian Government,Department of Veterans' Affairs,"4,62,46,676.85","5,09,05,348.38"
2014-15,SA,Referred medical services,Referred medical services,Canadian Government,DoHAC and other,"84,27,97,317.00","92,76,96,733.14"
2014-15,SA,Referred medical services,Referred medical services,Canadian Government,Premium rebates,"5,18,51,297.31","5,70,74,551.80"
2014-15,SA,Referred medical services,Referred medical services,Non-government,Health insurance funds,"12,76,47,915.04","14,05,06,562.36"
2014-15,SA,Referred medical services,Referred medical services,Non-government,Individuals,"12,31,98,400.65","13,56,08,824.93"
2014-15,SA,Research,Research,Canadian Government,Department of Veterans' Affairs,0,0
2014-15,SA,Research,Research,Canadian Government,DoHAC and other,"30,34,07,957.68","36,39,40,545.80"
2014-15,SA,Research,Research,Non-government,Individuals,"15,29,910.82","18,35,141.64"
2014-15,SA,Research,Research,Non-government,Other source of funds,"2,17,67,414.68","2,61,10,207.65"
2014-15,SA,Research,Research,State and local government,State and local government,"2,37,93,773.16","2,85,40,842.69"
2014-15,Tas,Capital expenditure,Capital expenditure,Canadian Government,DoHAC and other,"21,28,172.13","23,39,794.79"
2014-15,Tas,Capital expenditure,Capital expenditure,Non-government,Other source of funds,"11,14,10,552.96","13,78,23,689.54"
2014-15,Tas,Capital expenditure,Capital expenditure,State and local government,State and local government,"6,40,00,000.00","7,45,08,606.04"
2014-15,Tas,Hospitals,Private hospitals,Canadian Government,Department of Veterans' Affairs,"1,72,28,000.00","2,02,92,474.33"
2014-15,Tas,Hospitals,Private hospitals,Canadian Government,DoHAC and other,"39,49,160.54","46,51,301.21"
2014-15,Tas,Hospitals,Private hospitals,Canadian Government,Premium rebates,"7,13,78,837.58","8,40,75,529.92"
2014-15,Tas,Hospitals,Private hospitals,Non-government,Health insurance funds,"17,57,16,579.62","20,69,72,613.28"
2014-15,Tas,Hospitals,Private hospitals,Non-government,Individuals,"3,10,43,092.78","3,65,64,961.89"
2014-15,Tas,Hospitals,Private hospitals,Non-government,Other source of funds,"2,24,73,283.50","2,64,70,775.98"
2014-15,Tas,Hospitals,Public hospital services,Canadian Government,Department of Veterans' Affairs,"1,70,56,009.15","2,00,89,890.17"
2014-15,Tas,Hospitals,Public hospital services,Canadian Government,DoHAC and other,"49,91,23,672.80","58,20,76,502.54"
2014-15,Tas,Hospitals,Public hospital services,Canadian Government,Premium rebates,"78,31,952.12","92,25,080.53"
2014-15,Tas,Hospitals,Public hospital services,Non-government,Health insurance funds,"1,92,80,278.08","2,27,09,806.60"
2014-15,Tas,Hospitals,Public hospital services,Non-government,Individuals,"1,90,91,802.10","2,24,87,804.98"
2014-15,Tas,Hospitals,Public hospital services,Non-government,Other source of funds,"2,76,07,738.55","3,25,18,535.28"
2014-15,Tas,Hospitals,Public hospital services,State and local government,State and local government,"51,37,93,787.49","60,51,86,164.66"
2014-15,Tas,Medical expenses tax rebate,Medical expenses tax rebate,Canadian Government,DoHAC and other,"17,69,000.00","21,00,162.64"
2014-15,Tas,Medical expenses tax rebate,Medical expenses tax rebate,Non-government,Individuals,"-17,69,000.00","-21,00,162.64"
2014-15,Tas,Other services,Administration,Canadian Government,Department of Veterans' Affairs,0,0
2014-15,Tas,Other services,Administration,Canadian Government,DoHAC and other,"3,74,93,281.22","4,44,80,724.43"
2014-15,Tas,Other services,Administration,Canadian Government,Premium rebates,"1,16,80,994.62","1,38,67,715.39"
2014-15,Tas,Other services,Administration,Non-government,Health insurance funds,"2,87,56,360.72","3,41,39,646.41"
2014-15,Tas,Other services,Administration,State and local government,State and local government,"19,50,000.00","23,15,046.44"
2014-15,Tas,Other services,Aids and appliances,Canadian Government,Department of Veterans' Affairs,"19,000.00","21,634.95"
2014-15,Tas,Other services,Aids and appliances,Canadian Government,DoHAC and other,"1,16,45,414.06","1,32,60,420.99"
2014-15,Tas,Other services,Aids and appliances,Canadian Government,Premium rebates,"62,09,770.63","70,70,952.77"
2014-15,Tas,Other services,Aids and appliances,Non-government,Health insurance funds,"1,52,87,260.21","1,74,07,324.90"
2014-15,Tas,Other services,Aids and appliances,Non-government,Individuals,"5,58,88,678.03","6,36,39,420.22"
2014-15,Tas,Other services,Aids and appliances,Non-government,Other source of funds,"20,43,553.82","23,26,957.53"
2014-15,Tas,Other services,Patient transport services,Canadian Government,Department of Veterans' Affairs,"74,02,000.00","87,18,649.58"
2014-15,Tas,Other services,Patient transport services,Canadian Government,DoHAC and other,"12,36,172.02","14,56,059.26"
2014-15,Tas,Other services,Patient transport services,Canadian Government,Premium rebates,"34,484.15","40,618.11"
2014-15,Tas,Other services,Patient transport services,Non-government,Health insurance funds,"84,893.34","99,993.96"
2014-15,Tas,Other services,Patient transport services,Non-government,Individuals,"29,98,191.47","35,31,502.41"
2014-15,Tas,Other services,Patient transport services,Non-government,Other source of funds,"23,33,598.97","27,48,693.82"
2014-15,Tas,Other services,Patient transport services,State and local government,State and local government,"5,58,18,496.58","6,57,47,353.68"
2014-15,Tas,Primary health care,All other medications,Canadian Government,DoHAC and other,"1,36,71,829.52","1,48,07,644.40"
2014-15,Tas,Primary health care,All other medications,Canadian Government,Premium rebates,"5,46,345.98","5,84,745.34"
2014-15,Tas,Primary health care,All other medications,Non-government,Health insurance funds,"13,44,998.65","14,39,530.50"
2014-15,Tas,Primary health care,All other medications,Non-government,Individuals,"29,17,32,007.00","31,22,36,091.29"
2014-15,Tas,Primary health care,All other medications,Non-government,Other source of funds,"4,44,100.74","4,75,313.90"
2014-15,Tas,Primary health care,Benefit-paid pharmaceuticals,Canadian Government,Department of Veterans' Affairs,"1,06,19,000.00","1,41,29,788.54"
2014-15,Tas,Primary health care,Benefit-paid pharmaceuticals,Canadian Government,DoHAC and other,"21,53,16,347.50","28,65,00,809.47"
2014-15,Tas,Primary health care,Benefit-paid pharmaceuticals,Non-government,Individuals,"3,91,11,806.37","5,20,42,711.51"
2014-15,Tas,Primary health care,Community health and other,Canadian Government,Department of Veterans' Affairs,0,0
2014-15,Tas,Primary health care,Community health and other,Canadian Government,DoHAC and other,"2,68,55,487.98","3,18,75,893.98"
2014-15,Tas,Primary health care,Community health and other,Canadian Government,Premium rebates,"2,250.56","2,671.87"
2014-15,Tas,Primary health care,Community health and other,Non-government,Health insurance funds,"5,540.43","6,577.62"
2014-15,Tas,Primary health care,Community health and other,Non-government,Individuals,"10,006.43","11,879.66"
2014-15,Tas,Primary health care,Community health and other,Non-government,Other source of funds,"10,06,783.31","11,95,256.47"
2014-15,Tas,Primary health care,Community health and other,State and local government,State and local government,"6,63,98,507.99","7,88,28,527.95"
2014-15,Tas,Primary health care,Dental services,Canadian Government,Department of Veterans' Affairs,"20,50,000.00","21,99,270.03"
2014-15,Tas,Primary health care,Dental services,Canadian Government,DoHAC and other,"66,16,982.70","70,98,856.09"
2014-15,Tas,Primary health care,Dental services,Canadian Government,Premium rebates,"1,28,10,282.13","1,37,43,058.32"
2014-15,Tas,Primary health care,Dental services,Non-government,Health insurance funds,"3,15,36,449.22","3,38,32,764.68"
2014-15,Tas,Primary health care,Dental services,Non-government,Individuals,"8,56,65,037.28","9,19,02,706.85"
2014-15,Tas,Primary health care,Dental services,Non-government,Other source of funds,"35,17,128.19","37,73,226.65"
2014-15,Tas,Primary health care,Dental services,State and local government,State and local government,"94,54,529.41","1,01,42,957.65"
2014-15,Tas,Primary health care,Other health practitioners,Canadian Government,Department of Veterans' Affairs,"59,68,000.00","71,54,498.26"
2014-15,Tas,Primary health care,Other health practitioners,Canadian Government,DoHAC and other,"2,98,11,813.47","3,57,38,701.01"
2014-15,Tas,Primary health care,Other health practitioners,Canadian Government,Premium rebates,"52,69,978.81","63,17,703.46"
2014-15,Tas,Primary health care,Other health practitioners,Non-government,Health insurance funds,"1,29,73,673.61","1,55,52,970.05"
2014-15,Tas,Primary health care,Other health practitioners,Non-government,Individuals,"4,67,67,765.66","5,60,65,666.58"
2014-15,Tas,Primary health care,Other health practitioners,Non-government,Other source of funds,"1,02,22,431.01","1,22,54,752.83"
2014-15,Tas,Primary health care,Other health practitioners,State and local government,State and local government,"24,30,769.23","29,14,030.54"
2014-15,Tas,Primary health care,Public health,Canadian Government,DoHAC and other,"2,87,20,242.20","3,37,57,116.48"
2014-15,Tas,Primary health care,Public health,State and local government,State and local government,"1,14,52,674.12","1,34,89,847.66"
2014-15,Tas,Primary health care,Unreferred medical services,Canadian Government,Department of Veterans' Affairs,"35,27,775.19","39,54,288.91"
2014-15,Tas,Primary health care,Unreferred medical services,Canadian Government,DoHAC and other,"19,29,21,006.13","21,62,07,491.16"
2014-15,Tas,Primary health care,Unreferred medical services,Non-government,Individuals,"2,06,04,665.00","2,30,95,802.31"
2014-15,Tas,Primary health care,Unreferred medical services,Non-government,Other source of funds,"2,04,94,033.53","2,29,71,795.32"
2014-15,Tas,Referred medical services,Referred medical services,Canadian Government,Department of Veterans' Affairs,"1,59,56,799.54","1,78,86,002.40"
2014-15,Tas,Referred medical services,Referred medical services,Canadian Government,DoHAC and other,"24,83,63,445.00","27,83,90,987.03"
2014-15,Tas,Referred medical services,Referred medical services,Canadian Government,Premium rebates,"1,44,68,699.36","1,62,17,988.50"
2014-15,Tas,Referred medical services,Referred medical services,Non-government,Health insurance funds,"3,56,19,153.28","3,99,25,566.50"
2014-15,Tas,Referred medical services,Referred medical services,Non-government,Individuals,"4,00,53,018.36","4,48,95,493.03"
2014-15,Tas,Research,Research,Canadian Government,Department of Veterans' Affairs,0,0
2014-15,Tas,Research,Research,Canadian Government,DoHAC and other,"5,48,74,573.43","6,51,47,274.78"
2014-15,Tas,Research,Research,Non-government,Other source of funds,"27,10,996.26","32,18,503.71"
2014-15,Tas,Research,Research,State and local government,State and local government,"58,90,846.09","69,93,631.93"
2014-15,Vic,Capital expenditure,Capital expenditure,Canadian Government,DoHAC and other,"1,84,48,649.18","1,91,45,915.83"
2014-15,Vic,Capital expenditure,Capital expenditure,Non-government,Other source of funds,"1,25,42,09,048.04","1,44,00,06,757.26"
2014-15,Vic,Capital expenditure,Capital expenditure,State and local government,State and local government,"88,03,50,000.00","1,00,07,06,696.98"
2014-15,Vic,Hospitals,Private hospitals,Canadian Government,Department of Veterans' Affairs,"19,40,78,000.00","23,13,01,514.06"
2014-15,Vic,Hospitals,Private hospitals,Canadian Government,DoHAC and other,"7,21,11,004.08","8,59,34,628.42"
2014-15,Vic,Hospitals,Private hospitals,Canadian Government,Premium rebates,"72,87,14,300.22","86,84,79,276.16"
2014-15,Vic,Hospitals,Private hospitals,Non-government,Health insurance funds,"1,79,39,09,633.27","2,13,79,75,526.66"
2014-15,Vic,Hospitals,Private hospitals,Non-government,Individuals,"39,61,47,199.48","47,21,26,913.04"
2014-15,Vic,Hospitals,Private hospitals,Non-government,Other source of funds,"32,18,21,867.03","38,35,46,229.36"
2014-15,Vic,Hospitals,Public hospital services,Canadian Government,Department of Veterans' Affairs,"14,81,36,037.00","17,65,48,035.56"
2014-15,Vic,Hospitals,Public hospital services,Canadian Government,DoHAC and other,"4,34,91,18,538.13","5,18,25,00,072.85"
2014-15,Vic,Hospitals,Public hospital services,Canadian Government,Premium rebates,"7,70,49,638.86","9,18,27,503.00"
2014-15,Vic,Hospitals,Public hospital services,Non-government,Health insurance funds,"18,96,76,652.92","22,60,56,003.26"
2014-15,Vic,Hospitals,Public hospital services,Non-government,Individuals,"46,86,65,497.46","55,85,53,979.07"
2014-15,Vic,Hospitals,Public hospital services,Non-government,Other source of funds,"32,30,66,014.04","38,50,28,999.63"
2014-15,Vic,Hospitals,Public hospital services,State and local government,State and local government,"5,80,21,20,012.62","6,91,49,47,308.18"
2014-15,Vic,Medical expenses tax rebate,Medical expenses tax rebate,Canadian Government,DoHAC and other,"3,77,58,000.00","4,60,58,215.61"
2014-15,Vic,Medical expenses tax rebate,Medical expenses tax rebate,Non-government,Individuals,"-3,77,58,000.00","-4,60,58,215.61"
2014-15,Vic,Other services,Administration,Canadian Government,Department of Veterans' Affairs,0,0
2014-15,Vic,Other services,Administration,Canadian Government,DoHAC and other,"37,38,11,718.71","45,52,70,724.45"
2014-15,Vic,Other services,Administration,Canadian Government,Premium rebates,"12,25,93,645.51","14,95,42,999.02"
2014-15,Vic,Other services,Administration,Non-government,Health insurance funds,"30,18,01,961.72","36,81,46,083.59"
2014-15,Vic,Other services,Administration,State and local government,State and local government,"-4,41,000.00","-5,37,943.56"
2014-15,Vic,Other services,Aids and appliances,Canadian Government,Department of Veterans' Affairs,"63,000.00","71,736.95"
2014-15,Vic,Other services,Aids and appliances,Canadian Government,DoHAC and other,"12,06,59,361.25","13,73,92,618.07"
2014-15,Vic,Other services,Aids and appliances,Canadian Government,Premium rebates,"5,23,02,793.31","5,95,56,238.57"
2014-15,Vic,Other services,Aids and appliances,Non-government,Health insurance funds,"12,87,59,411.29","14,66,15,997.60"
2014-15,Vic,Other services,Aids and appliances,Non-government,Individuals,"88,91,35,756.79","1,01,24,42,699.69"
2014-15,Vic,Other services,Aids and appliances,Non-government,Other source of funds,"2,92,10,638.51","3,32,61,622.30"
2014-15,Vic,Other services,Patient transport services,Canadian Government,Department of Veterans' Affairs,"3,23,47,000.00","3,85,51,046.87"
2014-15,Vic,Other services,Patient transport services,Canadian Government,DoHAC and other,"5,67,946.46","6,76,876.70"
2014-15,Vic,Other services,Patient transport services,Canadian Government,Premium rebates,"1,05,85,978.21","1,26,16,333.58"
2014-15,Vic,Other services,Patient transport services,Non-government,Health insurance funds,"2,60,60,641.06","3,10,58,985.22"
2014-15,Vic,Other services,Patient transport services,Non-government,Individuals,"24,89,47,000.00","29,66,94,205.53"
2014-15,Vic,Other services,Patient transport services,Non-government,Other source of funds,"2,53,79,230.89","3,02,46,882.85"
2014-15,Vic,Other services,Patient transport services,State and local government,State and local government,"51,46,52,943.18","61,33,61,663.72"
2014-15,Vic,Primary health care,All other medications,Canadian Government,DoHAC and other,"13,58,19,493.87","14,35,93,220.65"
2014-15,Vic,Primary health care,All other medications,Canadian Government,Premium rebates,"28,77,463.60","30,76,839.26"
2014-15,Vic,Primary health care,All other medications,Non-government,Health insurance funds,"70,83,761.59","75,74,586.12"
2014-15,Vic,Primary health care,All other medications,Non-government,Individuals,"2,36,90,25,075.12","2,53,31,71,708.17"
2014-15,Vic,Primary health care,All other medications,Non-government,Other source of funds,"2,32,59,209.13","2,48,70,809.15"
2014-15,Vic,Primary health care,Benefit-paid pharmaceuticals,Canadian Government,Department of Veterans' Affairs,"7,54,11,000.00","10,03,42,921.52"
2014-15,Vic,Primary health care,Benefit-paid pharmaceuticals,Canadian Government,DoHAC and other,"1,84,55,12,090.07","2,45,56,40,773.42"
2014-15,Vic,Primary health care,Benefit-paid pharmaceuticals,Non-government,Individuals,"38,43,86,488.71","51,14,69,988.06"
2014-15,Vic,Primary health care,Community health and other,Canadian Government,Department of Veterans' Affairs,"62,000.00","75,629.25"
2014-15,Vic,Primary health care,Community health and other,Canadian Government,DoHAC and other,"19,89,58,662.49","24,25,36,959.63"
2014-15,Vic,Primary health care,Community health and other,Canadian Government,Premium rebates,"47,940.29","58,478.84"
2014-15,Vic,Primary health care,Community health and other,Non-government,Health insurance funds,"1,18,019.76","1,43,963.65"
2014-15,Vic,Primary health care,Community health and other,Non-government,Individuals,"1,31,43,822.55","1,60,33,185.36"
2014-15,Vic,Primary health care,Community health and other,Non-government,Other source of funds,"2,89,94,412.17","3,53,68,157.40"
2014-15,Vic,Primary health care,Community health and other,State and local government,State and local government,"57,48,61,797.19","70,12,31,754.87"
2014-15,Vic,Primary health care,Dental services,Canadian Government,Department of Veterans' Affairs,"1,55,14,000.00","1,66,43,646.45"
2014-15,Vic,Primary health care,Dental services,Canadian Government,DoHAC and other,"11,31,40,284.31","12,13,75,576.99"
2014-15,Vic,Primary health care,Dental services,Canadian Government,Premium rebates,"13,36,19,042.23","14,33,48,465.80"
2014-15,Vic,Primary health care,Dental services,Non-government,Health insurance funds,"32,89,44,366.58","35,28,96,334.97"
2014-15,Vic,Primary health care,Dental services,Non-government,Individuals,"2,08,07,06,941.48","2,23,22,12,885.80"
2014-15,Vic,Primary health care,Dental services,Non-government,Other source of funds,"1,67,46,916.26","1,79,66,337.08"
2014-15,Vic,Primary health care,Dental services,State and local government,State and local government,"15,65,25,130.87","16,79,22,453.24"
2014-15,Vic,Primary health care,Other health practitioners,Canadian Government,Department of Veterans' Affairs,"4,25,29,000.00","5,09,84,191.78"
2014-15,Vic,Primary health care,Other health practitioners,Canadian Government,DoHAC and other,"37,01,04,915.38","44,36,85,484.85"
2014-15,Vic,Primary health care,Other health practitioners,Canadian Government,Premium rebates,"7,33,37,054.31","8,79,17,196.31"
2014-15,Vic,Primary health care,Other health practitioners,Non-government,Health insurance funds,"18,05,41,713.79","21,64,35,217.39"
2014-15,Vic,Primary health care,Other health practitioners,Non-government,Individuals,"93,80,33,123.35","1,12,45,23,517.10"
2014-15,Vic,Primary health care,Other health practitioners,Non-government,Other source of funds,"7,79,11,088.87","9,34,00,594.81"
2014-15,Vic,Primary health care,Public health,Canadian Government,DoHAC and other,"28,37,90,937.81","33,70,44,510.37"
2014-15,Vic,Primary health care,Public health,Non-government,Individuals,"21,68,225.00","25,84,083.34"
2014-15,Vic,Primary health care,Public health,Non-government,Other source of funds,"10,76,306.47","12,82,738.47"
2014-15,Vic,Primary health care,Public health,State and local government,State and local government,"27,45,01,539.29","32,71,50,020.35"
2014-15,Vic,Primary health care,Unreferred medical services,Canadian Government,Department of Veterans' Affairs,"2,15,56,327.66","2,41,48,904.44"
2014-15,Vic,Primary health care,Unreferred medical services,Canadian Government,DoHAC and other,"2,08,03,85,396.17","2,32,92,42,780.07"
2014-15,Vic,Primary health care,Unreferred medical services,Non-government,Individuals,"18,22,73,778.00","20,41,95,822.01"
2014-15,Vic,Primary health care,Unreferred medical services,Non-government,Other source of funds,"19,57,04,078.54","21,92,41,383.09"
2014-15,Vic,Referred medical services,Referred medical services,Canadian Government,Department of Veterans' Affairs,"11,25,75,896.84","12,61,15,385.59"
2014-15,Vic,Referred medical services,Referred medical services,Canadian Government,DoHAC and other,"3,03,16,97,965.00","3,39,63,19,892.25"
2014-15,Vic,Referred medical services,Referred medical services,Canadian Government,Premium rebates,"16,38,07,631.40","18,35,08,754.32"
2014-15,Vic,Referred medical services,Referred medical services,Non-government,Health insurance funds,"40,32,62,863.24","45,17,63,236.33"
2014-15,Vic,Referred medical services,Referred medical services,Non-government,Individuals,"59,68,47,965.36","66,86,30,793.97"
2014-15,Vic,Research,Research,Canadian Government,Department of Veterans' Affairs,0,0
2014-15,Vic,Research,Research,Canadian Government,DoHAC and other,"1,09,60,83,511.51","1,33,70,31,905.77"
2014-15,Vic,Research,Research,Non-government,Other source of funds,"6,92,09,408.07","8,44,23,482.15"
2014-15,Vic,Research,Research,State and local government,State and local government,"4,11,74,816.18","5,02,26,139.13"
2014-15,WA,Capital expenditure,Capital expenditure,Canadian Government,DoHAC and other,"66,50,537.95","69,65,171.98"
2014-15,WA,Capital expenditure,Capital expenditure,Non-government,Other source of funds,"62,83,55,648.91","71,58,39,674.64"
2014-15,WA,Capital expenditure,Capital expenditure,State and local government,State and local government,"63,50,00,000.00","70,65,15,931.69"
2014-15,WA,Hospitals,Private hospitals,Canadian Government,Department of Veterans' Affairs,"7,80,14,735.17","8,77,50,616.77"
2014-15,WA,Hospitals,Private hospitals,Canadian Government,DoHAC and other,"4,45,72,571.90","5,01,33,558.20"
2014-15,WA,Hospitals,Private hospitals,Canadian Government,Premium rebates,"33,45,32,813.76","37,62,80,976.57"
2014-15,WA,Hospitals,Private hospitals,Non-government,Health insurance funds,"82,35,34,871.04","92,63,08,250.68"
2014-15,WA,Hospitals,Private hospitals,Non-government,Individuals,"13,83,51,425.63","15,56,17,049.82"
2014-15,WA,Hospitals,Private hospitals,Non-government,Other source of funds,"11,67,25,108.49","13,12,91,867.36"
2014-15,WA,Hospitals,Private hospitals,State and local government,State and local government,"48,77,99,469.31","54,86,74,608.68"
2014-15,WA,Hospitals,Public hospital services,Canadian Government,Department of Veterans' Affairs,"8,80,78,024.88","9,90,69,758.94"
2014-15,WA,Hospitals,Public hospital services,Canadian Government,DoHAC and other,"1,86,09,74,147.45","2,09,28,36,023.51"
2014-15,WA,Hospitals,Public hospital services,Canadian Government,Premium rebates,"2,01,62,573.49","2,26,78,770.31"
2014-15,WA,Hospitals,Public hospital services,Non-government,Health insurance funds,"4,96,35,137.96","5,58,29,375.82"
2014-15,WA,Hospitals,Public hospital services,Non-government,Individuals,"33,86,25,168.43","38,08,84,038.36"
2014-15,WA,Hospitals,Public hospital services,Non-government,Other source of funds,"4,04,93,118.64","4,55,46,474.37"
2014-15,WA,Hospitals,Public hospital services,State and local government,State and local government,"2,98,11,49,384.31","3,35,31,83,172.09"
2014-15,WA,Medical expenses tax rebate,Medical expenses tax rebate,Canadian Government,DoHAC and other,"1,23,25,000.00","1,39,90,015.76"
2014-15,WA,Medical expenses tax rebate,Medical expenses tax rebate,Non-government,Individuals,"-1,23,25,000.00","-1,39,90,015.76"
2014-15,WA,Other services,Administration,Canadian Government,Department of Veterans' Affairs,0,0
2014-15,WA,Other services,Administration,Canadian Government,DoHAC and other,"14,06,26,862.28","15,94,81,513.93"
2014-15,WA,Other services,Administration,Canadian Government,Premium rebates,"5,98,07,111.10","6,78,86,606.62"
2014-15,WA,Other services,Administration,Non-government,Health insurance funds,"14,72,33,597.47","16,71,23,760.52"
2014-15,WA,Other services,Administration,Non-government,Individuals,"50,08,135.06","56,84,696.83"
2014-15,WA,Other services,Administration,Non-government,Other source of funds,"5,98,877.54","6,79,781.44"
2014-15,WA,Other services,Administration,State and local government,State and local government,"11,56,51,244.30","13,12,74,866.52"
2014-15,WA,Other services,Aids and appliances,Canadian Government,Department of Veterans' Affairs,"99,000.00","1,12,729.50"
2014-15,WA,Other services,Aids and appliances,Canadian Government,DoHAC and other,"4,78,11,217.67","5,44,41,763.17"
2014-15,WA,Other services,Aids and appliances,Canadian Government,Premium rebates,"3,03,29,434.18","3,45,35,574.55"
2014-15,WA,Other services,Aids and appliances,Non-government,Health insurance funds,"7,46,65,229.95","8,50,19,938.08"
2014-15,WA,Other services,Aids and appliances,Non-government,Individuals,"54,00,84,832.57","61,49,84,766.69"
2014-15,WA,Other services,Aids and appliances,Non-government,Other source of funds,"1,53,76,331.31","1,75,08,748.54"
2014-15,WA,Other services,Patient transport services,Canadian Government,Department of Veterans' Affairs,"78,02,000.00","87,75,653.86"
2014-15,WA,Other services,Patient transport services,Canadian Government,DoHAC and other,"1,70,54,930.43","1,91,83,307.63"
2014-15,WA,Other services,Patient transport services,Canadian Government,Premium rebates,"1,01,52,702.22","1,14,19,712.96"
2014-15,WA,Other services,Patient transport services,Non-government,Health insurance funds,"2,49,93,998.96","2,81,13,135.54"
2014-15,WA,Other services,Patient transport services,Non-government,Individuals,"49,74,706.18","55,95,526.72"
2014-15,WA,Other services,Patient transport services,Non-government,Other source of funds,"1,16,50,335.54","1,31,04,244.05"
2014-15,WA,Other services,Patient transport services,State and local government,State and local government,"23,08,21,955.18","25,96,27,477.89"
2014-15,WA,Primary health care,All other medications,Canadian Government,DoHAC and other,"5,74,79,987.52","5,98,32,332.59"
2014-15,WA,Primary health care,All other medications,Canadian Government,Premium rebates,"24,35,134.99","25,24,802.65"
2014-15,WA,Primary health care,All other medications,Non-government,Health insurance funds,"59,94,833.70","62,15,578.23"
2014-15,WA,Primary health care,All other medications,Non-government,Individuals,"86,65,98,715.85","89,85,09,013.12"
2014-15,WA,Primary health care,All other medications,Non-government,Other source of funds,"2,73,03,538.37","2,83,08,921.85"
2014-15,WA,Primary health care,Benefit-paid pharmaceuticals,Canadian Government,Department of Veterans' Affairs,"2,79,13,000.00","3,71,41,424.57"
2014-15,WA,Primary health care,Benefit-paid pharmaceuticals,Canadian Government,DoHAC and other,"71,32,75,441.64","94,90,83,372.99"
2014-15,WA,Primary health care,Benefit-paid pharmaceuticals,Non-government,Individuals,"14,56,50,085.47","19,38,04,021.90"
2014-15,WA,Primary health care,Community health and other,Canadian Government,Department of Veterans' Affairs,"1,35,000.00","1,53,237.50"
2014-15,WA,Primary health care,Community health and other,Canadian Government,DoHAC and other,"15,16,37,878.07","17,20,90,367.55"
2014-15,WA,Primary health care,Community health and other,Canadian Government,Premium rebates,"8,956.27","10,166.19"
2014-15,WA,Primary health care,Community health and other,Non-government,Health insurance funds,"22,048.61","25,027.21"
2014-15,WA,Primary health care,Community health and other,Non-government,Individuals,"1,69,99,969.18","1,92,96,538.47"
2014-15,WA,Primary health care,Community health and other,Non-government,Other source of funds,"30,14,374.67","34,21,594.25"
2014-15,WA,Primary health care,Community health and other,State and local government,State and local government,"81,49,19,437.71","92,50,08,987.68"
2014-15,WA,Primary health care,Dental services,Canadian Government,Department of Veterans' Affairs,"92,10,000.00","98,80,622.91"
2014-15,WA,Primary health care,Dental services,Canadian Government,DoHAC and other,"2,69,03,042.36","2,88,61,869.57"
2014-15,WA,Primary health care,Dental services,Canadian Government,Premium rebates,"10,77,77,387.07","11,56,25,159.62"
2014-15,WA,Primary health care,Dental services,Non-government,Health insurance funds,"26,53,27,184.90","28,46,46,890.57"
2014-15,WA,Primary health care,Dental services,Non-government,Individuals,"85,63,38,127.70","91,86,92,087.36"
2014-15,WA,Primary health care,Dental services,Non-government,Other source of funds,"61,91,097.86","66,41,900.47"
2014-15,WA,Primary health care,Dental services,State and local government,State and local government,"7,22,19,192.77","7,74,77,807.89"
2014-15,WA,Primary health care,Other health practitioners,Canadian Government,Department of Veterans' Affairs,"2,18,13,000.00","2,61,49,643.19"
2014-15,WA,Primary health care,Other health practitioners,Canadian Government,DoHAC and other,"11,43,87,012.93","13,71,28,298.44"
2014-15,WA,Primary health care,Other health practitioners,Canadian Government,Premium rebates,"3,83,96,112.14","4,60,29,644.36"
2014-15,WA,Primary health care,Other health practitioners,Non-government,Health insurance funds,"9,45,23,838.64","11,33,16,125.87"
2014-15,WA,Primary health care,Other health practitioners,Non-government,Individuals,"7,77,82,552.80","9,32,46,504.48"
2014-15,WA,Primary health care,Other health practitioners,Non-government,Other source of funds,"3,74,07,856.70","4,48,44,913.83"
2014-15,WA,Primary health care,Public health,Canadian Government,DoHAC and other,"13,02,37,192.23","14,60,24,294.80"
2014-15,WA,Primary health care,Public health,State and local government,State and local government,"13,46,86,967.33","15,14,95,283.91"
2014-15,WA,Primary health care,Unreferred medical services,Canadian Government,Department of Veterans' Affairs,"1,03,01,525.92","1,05,46,313.94"
2014-15,WA,Primary health care,Unreferred medical services,Canadian Government,DoHAC and other,"74,25,07,659.08","76,03,35,479.93"
2014-15,WA,Primary health care,Unreferred medical services,Non-government,Individuals,"9,40,52,336.00","9,62,87,236.44"
2014-15,WA,Primary health care,Unreferred medical services,Non-government,Other source of funds,"12,23,04,495.79","12,52,10,732.71"
2014-15,WA,Referred medical services,Referred medical services,Canadian Government,Department of Veterans' Affairs,"6,14,58,282.39","6,29,18,672.93"
2014-15,WA,Referred medical services,Referred medical services,Canadian Government,DoHAC and other,"1,04,42,16,795.00","1,06,90,29,794.55"
2014-15,WA,Referred medical services,Referred medical services,Canadian Government,Premium rebates,"6,76,05,394.00","6,92,11,854.09"
2014-15,WA,Referred medical services,Referred medical services,Non-government,Health insurance funds,"16,64,31,469.17","17,03,86,264.75"
2014-15,WA,Referred medical services,Referred medical services,Non-government,Individuals,"27,72,97,173.83","28,38,86,394.27"
2014-15,WA,Research,Research,Canadian Government,Department of Veterans' Affairs,0,0
2014-15,WA,Research,Research,Canadian Government,DoHAC and other,"38,17,35,286.29","43,33,04,881.93"
2014-15,WA,Research,Research,Non-government,Individuals,"8,49,572.03","9,64,342.88"
2014-15,WA,Research,Research,Non-government,Other source of funds,"2,20,82,277.14","2,50,65,428.40"
2014-15,WA,Research,Research,State and local government,State and local government,"4,88,02,149.88","5,53,94,957.05"
2015-16,ACT,Capital expenditure,Capital expenditure,Canadian Government,DoHAC and other,"46,75,931.73","44,78,825.90"
2015-16,ACT,Capital expenditure,Capital expenditure,Non-government,Other source of funds,"6,68,25,125.25","7,22,30,318.04"
2015-16,ACT,Capital expenditure,Capital expenditure,State and local government,State and local government,"7,33,02,753.72","7,90,79,640.56"
2015-16,ACT,Hospitals,Private hospitals,Canadian Government,Department of Veterans' Affairs,"12,51,996.30","13,99,957.26"
2015-16,ACT,Hospitals,Private hospitals,Canadian Government,DoHAC and other,"33,90,378.48","37,90,809.36"
2015-16,ACT,Hospitals,Private hospitals,Canadian Government,Premium rebates,"3,54,42,857.31","3,96,31,495.20"
2015-16,ACT,Hospitals,Private hospitals,Non-government,Health insurance funds,"9,16,90,285.22","10,25,26,245.76"
2015-16,ACT,Hospitals,Private hospitals,Non-government,Individuals,"12,84,92,909.54","14,36,78,205.28"
2015-16,ACT,Hospitals,Private hospitals,Non-government,Other source of funds,"1,13,10,240.72","1,26,46,885.29"
2015-16,ACT,Hospitals,Private hospitals,State and local government,State and local government,"1,11,00,989.86","1,24,12,905.16"
2015-16,ACT,Hospitals,Public hospital services,Canadian Government,Department of Veterans' Affairs,"3,49,62,876.50","3,90,94,790.25"
2015-16,ACT,Hospitals,Public hospital services,Canadian Government,DoHAC and other,"38,70,71,223.21","43,28,02,489.43"
2015-16,ACT,Hospitals,Public hospital services,Canadian Government,Premium rebates,"38,49,234.23","43,04,136.84"
2015-16,ACT,Hospitals,Public hospital services,Non-government,Health insurance funds,"99,57,926.96","1,11,34,755.05"
2015-16,ACT,Hospitals,Public hospital services,Non-government,Individuals,"40,23,248.31","44,98,715.91"
2015-16,ACT,Hospitals,Public hospital services,Non-government,Other source of funds,"1,21,78,729.79","1,36,18,012.43"
2015-16,ACT,Hospitals,Public hospital services,State and local government,State and local government,"67,08,42,106.88","75,01,22,246.32"
2015-16,ACT,Medical expenses tax rebate,Medical expenses tax rebate,Canadian Government,DoHAC and other,"10,94,400.03","12,68,128.32"
2015-16,ACT,Medical expenses tax rebate,Medical expenses tax rebate,Non-government,Individuals,"-10,94,400.03","-12,68,128.32"
2015-16,ACT,Other services,Administration,Canadian Government,Department of Veterans' Affairs,"4,35,44,401.30","5,07,79,635.26"
2015-16,ACT,Other services,Administration,Canadian Government,DoHAC and other,"1,99,37,345.13","2,30,55,666.66"
2015-16,ACT,Other services,Administration,Canadian Government,Premium rebates,"3,66,013.66","4,24,115.75"
2015-16,ACT,Other services,Administration,Non-government,Health insurance funds,"9,50,404.51","11,01,274.52"
2015-16,ACT,Other services,Aids and appliances,Canadian Government,Department of Veterans' Affairs,0,0
2015-16,ACT,Other services,Aids and appliances,Canadian Government,DoHAC and other,"74,88,281.61","86,12,898.94"
2015-16,ACT,Other services,Aids and appliances,Canadian Government,Premium rebates,"40,61,748.50","46,71,756.64"
2015-16,ACT,Other services,Aids and appliances,Non-government,Health insurance funds,"1,05,46,885.20","1,21,30,854.72"
2015-16,ACT,Other services,Aids and appliances,Non-government,Individuals,"2,32,28,920.76","2,67,17,524.44"
2015-16,ACT,Other services,Aids and appliances,Non-government,Other source of funds,"13,54,638.00","15,58,082.45"
2015-16,ACT,Other services,Patient transport services,Canadian Government,Department of Veterans' Affairs,"3,689.21","4,125.20"
2015-16,ACT,Other services,Patient transport services,Canadian Government,DoHAC and other,0,0
2015-16,ACT,Other services,Patient transport services,Canadian Government,Premium rebates,"8,60,115.71","9,61,764.21"
2015-16,ACT,Other services,Patient transport services,Non-government,Health insurance funds,"22,33,408.02","24,97,352.24"
2015-16,ACT,Other services,Patient transport services,Non-government,Individuals,"19,335.49","21,620.56"
2015-16,ACT,Other services,Patient transport services,Non-government,Other source of funds,"13,06,311.10","14,60,690.98"
2015-16,ACT,Other services,Patient transport services,State and local government,State and local government,"4,70,53,504.98","5,26,14,289.55"
2015-16,ACT,Primary health care,All other medications,Canadian Government,DoHAC and other,"57,49,311.10","59,35,937.62"
2015-16,ACT,Primary health care,All other medications,Canadian Government,Premium rebates,"3,22,913.01","3,36,577.53"
2015-16,ACT,Primary health care,All other medications,Non-government,Health insurance funds,"8,38,487.76","8,73,969.55"
2015-16,ACT,Primary health care,All other medications,Non-government,Individuals,"10,69,24,245.58","11,60,01,534.24"
2015-16,ACT,Primary health care,All other medications,Non-government,Other source of funds,"16,49,178.85","17,18,966.18"
2015-16,ACT,Primary health care,Benefit-paid pharmaceuticals,Canadian Government,Department of Veterans' Affairs,"1,32,92,334.58","1,48,63,223.06"
2015-16,ACT,Primary health care,Benefit-paid pharmaceuticals,Canadian Government,DoHAC and other,"11,25,46,586.49","13,49,79,898.95"
2015-16,ACT,Primary health care,Benefit-paid pharmaceuticals,Non-government,Individuals,"2,06,58,789.37","2,47,47,767.26"
2015-16,ACT,Primary health care,Community health and other,Canadian Government,Department of Veterans' Affairs,0,0
2015-16,ACT,Primary health care,Community health and other,Canadian Government,DoHAC and other,"1,51,99,015.60","1,75,96,432.64"
2015-16,ACT,Primary health care,Community health and other,Canadian Government,Premium rebates,"1,572.14","1,821.70"
2015-16,ACT,Primary health care,Community health and other,Non-government,Health insurance funds,"4,082.26","4,730.30"
2015-16,ACT,Primary health care,Community health and other,Non-government,Other source of funds,"4,863.76","5,635.84"
2015-16,ACT,Primary health care,Community health and other,State and local government,State and local government,"22,95,13,130.08","26,59,46,721.16"
2015-16,ACT,Primary health care,Dental services,Canadian Government,Department of Veterans' Affairs,"-2,14,660.91","-2,29,831.71"
2015-16,ACT,Primary health care,Dental services,Canadian Government,DoHAC and other,"43,83,139.99","46,92,901.77"
2015-16,ACT,Primary health care,Dental services,Canadian Government,Premium rebates,"1,18,98,533.92","1,27,39,442.60"
2015-16,ACT,Primary health care,Dental services,Non-government,Health insurance funds,"3,08,96,169.81","3,30,79,704.15"
2015-16,ACT,Primary health care,Dental services,Non-government,Individuals,"11,80,49,624.96","12,63,92,581.73"
2015-16,ACT,Primary health care,Dental services,Non-government,Other source of funds,"2,34,868.15","2,51,467.05"
2015-16,ACT,Primary health care,Dental services,State and local government,State and local government,"1,19,69,131.80","1,28,15,029.86"
2015-16,ACT,Primary health care,Other health practitioners,Canadian Government,Department of Veterans' Affairs,"51,51,967.21","60,08,005.80"
2015-16,ACT,Primary health care,Other health practitioners,Canadian Government,DoHAC and other,"1,93,20,419.30","2,25,30,654.13"
2015-16,ACT,Primary health care,Other health practitioners,Canadian Government,Premium rebates,"46,55,193.04","54,28,688.83"
2015-16,ACT,Primary health care,Other health practitioners,Non-government,Health insurance funds,"1,20,87,845.09","1,40,96,332.62"
2015-16,ACT,Primary health care,Other health practitioners,Non-government,Individuals,"5,11,40,549.78","5,96,37,941.67"
2015-16,ACT,Primary health care,Other health practitioners,Non-government,Other source of funds,"1,00,98,397.72","1,17,76,323.42"
2015-16,ACT,Primary health care,Other health practitioners,State and local government,State and local government,"20,14,183.12","23,48,854.99"
2015-16,ACT,Primary health care,Public health,Canadian Government,DoHAC and other,"2,12,37,174.51","2,34,44,951.31"
2015-16,ACT,Primary health care,Public health,State and local government,State and local government,"2,89,08,720.45","3,23,25,153.87"
2015-16,ACT,Primary health care,Unreferred medical services,Canadian Government,Department of Veterans' Affairs,"1,12,40,522.81","1,25,35,386.03"
2015-16,ACT,Primary health care,Unreferred medical services,Canadian Government,DoHAC and other,"11,97,22,130.15","13,34,60,111.16"
2015-16,ACT,Primary health care,Unreferred medical services,Non-government,Individuals,"2,91,68,143.00","3,25,28,196.29"
2015-16,ACT,Primary health care,Unreferred medical services,Non-government,Other source of funds,"1,90,93,132.84","2,12,92,585.30"
2015-16,ACT,Referred medical services,Referred medical services,Canadian Government,Department of Veterans' Affairs,"3,18,57,190.11","3,55,27,010.86"
2015-16,ACT,Referred medical services,Referred medical services,Canadian Government,DoHAC and other,"16,26,13,686.00","18,13,46,131.56"
2015-16,ACT,Referred medical services,Referred medical services,Canadian Government,Premium rebates,"61,42,219.00","68,49,778.03"
2015-16,ACT,Referred medical services,Referred medical services,Non-government,Health insurance funds,"1,59,49,111.24","1,77,86,385.00"
2015-16,ACT,Referred medical services,Referred medical services,Non-government,Individuals,"7,29,03,069.76","8,13,01,211.51"
2015-16,ACT,Research,Research,Canadian Government,Department of Veterans' Affairs,"16,74,874.86","19,40,749.43"
2015-16,ACT,Research,Research,Canadian Government,DoHAC and other,"10,51,05,337.76","12,17,90,069.03"
2015-16,ACT,Research,Research,Non-government,Individuals,"70,498.29","81,689.39"
2015-16,ACT,Research,Research,Non-government,Other source of funds,"46,57,406.09","53,96,736.47"
2015-16,ACT,Research,Research,State and local government,State and local government,"2,00,76,883.32","2,32,63,946.99"
2015-16,NSW,Capital expenditure,Capital expenditure,Canadian Government,DoHAC and other,"3,01,28,220.64","3,19,34,776.68"
2015-16,NSW,Capital expenditure,Capital expenditure,Non-government,Other source of funds,"1,90,66,59,507.59","2,19,19,99,967.73"
2015-16,NSW,Capital expenditure,Capital expenditure,State and local government,State and local government,"1,16,82,62,637.37","1,31,46,66,087.84"
2015-16,NSW,Hospitals,Private hospitals,Canadian Government,Department of Veterans' Affairs,"21,11,26,317.66","24,10,08,526.21"
2015-16,NSW,Hospitals,Private hospitals,Canadian Government,DoHAC and other,"9,37,75,971.04","10,70,46,254.82"
2015-16,NSW,Hospitals,Private hospitals,Canadian Government,Premium rebates,"90,15,63,267.78","1,02,91,67,925.94"
2015-16,NSW,Hospitals,Private hospitals,Non-government,Health insurance funds,"2,33,23,34,338.70","2,66,24,46,197.32"
2015-16,NSW,Hospitals,Private hospitals,Non-government,Individuals,"3,08,85,289.19","3,52,56,703.72"
2015-16,NSW,Hospitals,Private hospitals,Non-government,Other source of funds,"35,57,41,786.67","40,60,92,450.57"
2015-16,NSW,Hospitals,Public hospital services,Canadian Government,Department of Veterans' Affairs,"31,87,04,330.39","36,38,12,819.82"
2015-16,NSW,Hospitals,Public hospital services,Canadian Government,DoHAC and other,"5,88,92,08,129.60","6,72,26,18,536.84"
2015-16,NSW,Hospitals,Public hospital services,Canadian Government,Premium rebates,"17,18,42,871.74","19,61,65,014.94"
2015-16,NSW,Hospitals,Public hospital services,Non-government,Health insurance funds,"44,45,55,634.56","50,74,76,753.70"
2015-16,NSW,Hospitals,Public hospital services,Non-government,Individuals,"34,43,75,468.12","39,31,17,376.15"
2015-16,NSW,Hospitals,Public hospital services,Non-government,Other source of funds,"81,65,63,811.98","93,21,37,892.93"
2015-16,NSW,Hospitals,Public hospital services,State and local government,State and local government,"8,04,78,15,883.08","9,18,68,80,473.82"
2015-16,NSW,Medical expenses tax rebate,Medical expenses tax rebate,Canadian Government,DoHAC and other,"1,37,26,800.38","1,58,39,264.95"
2015-16,NSW,Medical expenses tax rebate,Medical expenses tax rebate,Non-government,Individuals,"-1,37,26,800.38","-1,58,39,264.95"
2015-16,NSW,Other services,Administration,Canadian Government,Department of Veterans' Affairs,0,0
2015-16,NSW,Other services,Administration,Canadian Government,DoHAC and other,"50,40,65,822.79","58,12,00,521.96"
2015-16,NSW,Other services,Administration,Canadian Government,Premium rebates,"16,47,81,702.05","19,01,40,525.49"
2015-16,NSW,Other services,Administration,Non-government,Health insurance funds,"42,78,78,214.58","49,37,25,866.10"
2015-16,NSW,Other services,Aids and appliances,Canadian Government,Department of Veterans' Affairs,"3,30,000.00","3,79,560.60"
2015-16,NSW,Other services,Aids and appliances,Canadian Government,DoHAC and other,"16,67,05,306.65","19,17,41,715.01"
2015-16,NSW,Other services,Aids and appliances,Canadian Government,Premium rebates,"8,58,65,197.42","9,87,60,744.59"
2015-16,NSW,Other services,Aids and appliances,Non-government,Health insurance funds,"22,29,60,722.63","25,64,45,773.66"
2015-16,NSW,Other services,Aids and appliances,Non-government,Individuals,"53,97,91,532.20","62,08,59,384.81"
2015-16,NSW,Other services,Aids and appliances,Non-government,Other source of funds,"37,13,094.00","42,70,739.94"
2015-16,NSW,Other services,Patient transport services,Canadian Government,Department of Veterans' Affairs,"8,62,74,522.45","9,84,85,568.90"
2015-16,NSW,Other services,Patient transport services,Canadian Government,DoHAC and other,"50,42,557.89","57,56,266.96"
2015-16,NSW,Other services,Patient transport services,Canadian Government,Premium rebates,"5,07,90,607.55","5,79,79,363.28"
2015-16,NSW,Other services,Patient transport services,Non-government,Health insurance funds,"13,18,84,755.43","15,05,51,342.38"
2015-16,NSW,Other services,Patient transport services,Non-government,Individuals,"4,06,80,754.10","4,64,38,590.42"
2015-16,NSW,Other services,Patient transport services,Non-government,Other source of funds,"4,44,77,612.46","5,07,72,845.12"
2015-16,NSW,Other services,Patient transport services,State and local government,State and local government,"70,05,85,598.67","79,97,44,458.64"
2015-16,NSW,Primary health care,All other medications,Canadian Government,DoHAC and other,"16,69,03,694.18","17,49,31,311.56"
2015-16,NSW,Primary health care,All other medications,Canadian Government,Premium rebates,"61,85,441.56","64,61,967.87"
2015-16,NSW,Primary health care,All other medications,Non-government,Health insurance funds,"1,60,61,344.54","1,67,79,382.90"
2015-16,NSW,Primary health care,All other medications,Non-government,Individuals,"3,16,16,58,324.34","3,37,04,04,740.40"
2015-16,NSW,Primary health care,All other medications,Non-government,Other source of funds,"88,03,473.35","91,97,041.37"
2015-16,NSW,Primary health care,Benefit-paid pharmaceuticals,Canadian Government,Department of Veterans' Affairs,"11,85,67,131.15","13,53,48,780.07"
2015-16,NSW,Primary health care,Benefit-paid pharmaceuticals,Canadian Government,DoHAC and other,"3,02,84,26,103.91","3,62,92,09,875.41"
2015-16,NSW,Primary health care,Benefit-paid pharmaceuticals,Non-government,Individuals,"46,11,41,380.38","55,24,14,730.30"
2015-16,NSW,Primary health care,Community health and other,Canadian Government,Department of Veterans' Affairs,"2,14,463.39","2,47,467.90"
2015-16,NSW,Primary health care,Community health and other,Canadian Government,DoHAC and other,"27,81,78,417.30","32,09,14,625.25"
2015-16,NSW,Primary health care,Community health and other,Canadian Government,Premium rebates,"86,047.60","99,289.76"
2015-16,NSW,Primary health care,Community health and other,Non-government,Health insurance funds,"2,23,434.36","2,57,819.44"
2015-16,NSW,Primary health care,Community health and other,Non-government,Individuals,"16,17,81,117.75","18,66,78,170.93"
2015-16,NSW,Primary health care,Community health and other,Non-government,Other source of funds,"11,36,91,474.86","13,11,87,847.33"
2015-16,NSW,Primary health care,Community health and other,State and local government,State and local government,"1,74,53,67,330.17","2,01,39,67,917.47"
2015-16,NSW,Primary health care,Dental services,Canadian Government,Department of Veterans' Affairs,"2,59,08,805.59","2,77,39,866.43"
2015-16,NSW,Primary health care,Dental services,Canadian Government,DoHAC and other,"21,48,50,147.79","23,00,34,236.46"
2015-16,NSW,Primary health care,Dental services,Canadian Government,Premium rebates,"21,35,00,624.03","22,85,89,418.07"
2015-16,NSW,Primary health care,Dental services,Non-government,Health insurance funds,"55,43,83,555.23","59,35,63,671.55"
2015-16,NSW,Primary health care,Dental services,Non-government,Individuals,"1,61,68,14,688.30","1,73,10,80,320.74"
2015-16,NSW,Primary health care,Dental services,Non-government,Other source of funds,"1,17,42,819.81","1,25,72,723.66"
2015-16,NSW,Primary health care,Dental services,State and local government,State and local government,"20,95,38,392.35","22,43,47,162.39"
2015-16,NSW,Primary health care,Other health practitioners,Canadian Government,Department of Veterans' Affairs,"6,25,72,380.13","7,29,69,257.71"
2015-16,NSW,Primary health care,Other health practitioners,Canadian Government,DoHAC and other,"48,98,91,104.24","57,12,90,242.76"
2015-16,NSW,Primary health care,Other health practitioners,Canadian Government,Premium rebates,"9,82,43,206.44","11,45,67,063.52"
2015-16,NSW,Primary health care,Other health practitioners,Non-government,Health insurance funds,"25,51,01,915.10","29,74,89,041.43"
2015-16,NSW,Primary health care,Other health practitioners,Non-government,Individuals,"73,84,05,404.97","86,10,97,087.51"
2015-16,NSW,Primary health care,Other health practitioners,Non-government,Other source of funds,"11,16,62,415.84","13,02,15,976.78"
2015-16,NSW,Primary health care,Public health,Canadian Government,DoHAC and other,"40,92,84,735.43","46,40,50,252.77"
2015-16,NSW,Primary health care,Public health,Non-government,Other source of funds,"14,36,57,176.86","16,39,89,998.31"
2015-16,NSW,Primary health care,Public health,State and local government,State and local government,"33,41,33,480.41","38,14,25,767.12"
2015-16,NSW,Primary health care,Unreferred medical services,Canadian Government,Department of Veterans' Affairs,"3,91,75,778.09","4,47,91,178.43"
2015-16,NSW,Primary health care,Unreferred medical services,Canadian Government,DoHAC and other,"3,02,75,85,136.66","3,46,09,44,877.97"
2015-16,NSW,Primary health care,Unreferred medical services,Non-government,Individuals,"18,71,17,085.00","21,39,38,181.94"
2015-16,NSW,Primary health care,Unreferred medical services,Non-government,Other source of funds,"56,03,37,906.40","64,06,55,945.27"
2015-16,NSW,Referred medical services,Referred medical services,Canadian Government,Department of Veterans' Affairs,"15,57,61,378.40","17,80,87,992.94"
2015-16,NSW,Referred medical services,Referred medical services,Canadian Government,DoHAC and other,"4,43,58,83,223.00","5,07,17,16,417.68"
2015-16,NSW,Referred medical services,Referred medical services,Canadian Government,Premium rebates,"17,61,41,639.72","20,13,89,531.94"
2015-16,NSW,Referred medical services,Referred medical services,Non-government,Health insurance funds,"45,73,75,845.61","52,29,35,449.07"
2015-16,NSW,Referred medical services,Referred medical services,Non-government,Individuals,"1,15,33,55,003.67","1,31,86,75,270.17"
2015-16,NSW,Research,Research,Canadian Government,Department of Veterans' Affairs,234.93,271.08
2015-16,NSW,Research,Research,Canadian Government,DoHAC and other,"1,31,36,30,748.88","1,51,57,89,907.33"
2015-16,NSW,Research,Research,Non-government,Individuals,"7,98,468.06","9,21,347.06"
2015-16,NSW,Research,Research,Non-government,Other source of funds,"12,23,75,808.74","14,12,08,643.26"
2015-16,NSW,Research,Research,State and local government,State and local government,"11,68,31,268.03","13,48,10,834.08"
2015-16,NT,Capital expenditure,Capital expenditure,Canadian Government,DoHAC and other,"38,77,833.01","38,51,293.20"
2015-16,NT,Capital expenditure,Capital expenditure,Non-government,Other source of funds,"3,30,98,777.11","3,81,82,170.89"
2015-16,NT,Capital expenditure,Capital expenditure,State and local government,State and local government,"8,15,49,313.51","8,96,55,936.44"
2015-16,NT,Hospitals,Private hospitals,Canadian Government,Department of Veterans' Affairs,"13,51,845.63","15,64,689.51"
2015-16,NT,Hospitals,Private hospitals,Canadian Government,DoHAC and other,"1,72,727.10","1,99,763.54"
2015-16,NT,Hospitals,Private hospitals,Canadian Government,Premium rebates,"1,35,55,298.89","1,56,89,538.42"
2015-16,NT,Hospitals,Private hospitals,Non-government,Health insurance funds,"3,50,67,410.37","4,05,88,664.73"
2015-16,NT,Hospitals,Private hospitals,Non-government,Individuals,"6,88,84,932.26","7,97,30,649.95"
2015-16,NT,Hospitals,Private hospitals,Non-government,Other source of funds,"68,67,875.45","79,49,201.02"
2015-16,NT,Hospitals,Public hospital services,Canadian Government,Department of Veterans' Affairs,"42,99,492.67","49,76,434.38"
2015-16,NT,Hospitals,Public hospital services,Canadian Government,DoHAC and other,"23,05,64,519.69","26,68,57,838.94"
2015-16,NT,Hospitals,Public hospital services,Canadian Government,Premium rebates,"12,22,093.07","14,14,507.81"
2015-16,NT,Hospitals,Public hospital services,Non-government,Health insurance funds,"31,61,541.45","36,59,316.29"
2015-16,NT,Hospitals,Public hospital services,Non-government,Individuals,"83,33,863.22","96,46,003.99"
2015-16,NT,Hospitals,Public hospital services,Non-government,Other source of funds,"2,20,89,244.66","2,55,67,127.32"
2015-16,NT,Hospitals,Public hospital services,State and local government,State and local government,"47,68,13,313.59","55,18,86,082.34"
2015-16,NT,Medical expenses tax rebate,Medical expenses tax rebate,Canadian Government,DoHAC and other,"1,58,400.00","1,83,544.89"
2015-16,NT,Medical expenses tax rebate,Medical expenses tax rebate,Non-government,Individuals,"-1,58,400.00","-1,83,544.89"
2015-16,NT,Other services,Administration,Canadian Government,Department of Veterans' Affairs,0,0
2015-16,NT,Other services,Administration,Canadian Government,DoHAC and other,"1,68,85,970.21","1,95,42,107.07"
2015-16,NT,Other services,Administration,Canadian Government,Premium rebates,"27,37,457.04","31,72,009.04"
2015-16,NT,Other services,Administration,Non-government,Health insurance funds,"71,08,181.40","82,36,555.08"
2015-16,NT,Other services,Administration,Non-government,Individuals,"56,047.16","64,944.25"
2015-16,NT,Other services,Administration,Non-government,Other source of funds,"21,81,223.93","25,27,477.85"
2015-16,NT,Other services,Administration,State and local government,State and local government,"7,75,85,540.29","8,99,01,697.75"
2015-16,NT,Other services,Aids and appliances,Canadian Government,Department of Veterans' Affairs,0,0
2015-16,NT,Other services,Aids and appliances,Canadian Government,DoHAC and other,"40,08,769.59","46,10,821.17"
2015-16,NT,Other services,Aids and appliances,Canadian Government,Premium rebates,"19,25,566.73","22,14,755.34"
2015-16,NT,Other services,Aids and appliances,Non-government,Health insurance funds,"49,99,997.25","57,50,914.99"
2015-16,NT,Other services,Aids and appliances,Non-government,Individuals,"1,55,88,364.50","1,79,29,481.69"
2015-16,NT,Other services,Aids and appliances,Non-government,Other source of funds,"19,44,368.59","22,36,380.93"
2015-16,NT,Other services,Patient transport services,Canadian Government,Department of Veterans' Affairs,0,0
2015-16,NT,Other services,Patient transport services,Canadian Government,DoHAC and other,"1,30,60,456.67","1,51,16,784.82"
2015-16,NT,Other services,Patient transport services,Canadian Government,Premium rebates,"3,14,668.55","3,64,212.13"
2015-16,NT,Other services,Patient transport services,Non-government,Health insurance funds,"8,17,079.89","9,45,726.57"
2015-16,NT,Other services,Patient transport services,Non-government,Individuals,"2,81,541.93","3,25,869.83"
2015-16,NT,Other services,Patient transport services,Non-government,Other source of funds,"36,21,333.07","41,91,500.66"
2015-16,NT,Other services,Patient transport services,State and local government,State and local government,"9,60,36,456.17","11,11,57,096.60"
2015-16,NT,Primary health care,All other medications,Canadian Government,DoHAC and other,"53,48,675.93","54,77,261.61"
2015-16,NT,Primary health care,All other medications,Canadian Government,Premium rebates,"78,135.95","80,846.92"
2015-16,NT,Primary health care,All other medications,Non-government,Health insurance funds,"2,02,890.66","2,09,930.08"
2015-16,NT,Primary health care,All other medications,Non-government,Individuals,"4,59,78,909.64","4,92,34,277.27"
2015-16,NT,Primary health care,All other medications,Non-government,Other source of funds,"2,75,664.78","2,85,229.14"
2015-16,NT,Primary health care,Benefit-paid pharmaceuticals,Canadian Government,Department of Veterans' Affairs,"5,50,137.39","6,36,754.81"
2015-16,NT,Primary health care,Benefit-paid pharmaceuticals,Canadian Government,DoHAC and other,"4,55,39,256.14","5,45,96,013.98"
2015-16,NT,Primary health care,Benefit-paid pharmaceuticals,Non-government,Individuals,"63,45,139.01","76,01,027.37"
2015-16,NT,Primary health care,Community health and other,Canadian Government,Department of Veterans' Affairs,0,0
2015-16,NT,Primary health care,Community health and other,Canadian Government,DoHAC and other,"6,47,57,862.17","7,50,21,304.97"
2015-16,NT,Primary health care,Community health and other,Canadian Government,Premium rebates,481.19,557.57
2015-16,NT,Primary health care,Community health and other,Non-government,Health insurance funds,"1,249.46","1,447.81"
2015-16,NT,Primary health care,Community health and other,Non-government,Individuals,"4,01,859.53","4,65,651.90"
2015-16,NT,Primary health care,Community health and other,Non-government,Other source of funds,"51,50,014.21","59,67,542.65"
2015-16,NT,Primary health care,Community health and other,State and local government,State and local government,"31,06,34,674.52","35,99,45,738.79"
2015-16,NT,Primary health care,Dental services,Canadian Government,Department of Veterans' Affairs,"2,54,113.11","2,72,072.12"
2015-16,NT,Primary health care,Dental services,Canadian Government,DoHAC and other,"31,26,301.44","33,47,246.69"
2015-16,NT,Primary health care,Dental services,Canadian Government,Premium rebates,"47,46,548.83","50,82,003.10"
2015-16,NT,Primary health care,Dental services,Non-government,Health insurance funds,"1,23,25,062.86","1,31,96,115.75"
2015-16,NT,Primary health care,Dental services,Non-government,Individuals,"7,71,88,694.83","8,26,43,874.75"
2015-16,NT,Primary health care,Dental services,Non-government,Other source of funds,"3,55,156.81","3,80,256.92"
2015-16,NT,Primary health care,Dental services,State and local government,State and local government,"1,39,34,933.89","1,49,19,761.68"
2015-16,NT,Primary health care,Other health practitioners,Canadian Government,Department of Veterans' Affairs,"5,83,310.20","6,80,231.63"
2015-16,NT,Primary health care,Other health practitioners,Canadian Government,DoHAC and other,"78,15,974.56","91,14,658.27"
2015-16,NT,Primary health care,Other health practitioners,Canadian Government,Premium rebates,"19,76,067.49","23,04,406.16"
2015-16,NT,Primary health care,Other health practitioners,Non-government,Health insurance funds,"51,31,129.36","59,83,705.59"
2015-16,NT,Primary health care,Other health practitioners,Non-government,Individuals,"3,20,19,999.76","3,73,40,366.62"
2015-16,NT,Primary health care,Other health practitioners,Non-government,Other source of funds,"67,24,375.39","78,41,681.58"
2015-16,NT,Primary health care,Other health practitioners,State and local government,State and local government,"11,36,163.59","13,24,945.83"
2015-16,NT,Primary health care,Public health,Canadian Government,DoHAC and other,"2,60,27,512.69","2,99,17,719.01"
2015-16,NT,Primary health care,Public health,Non-government,Individuals,"37,242.91","43,106.69"
2015-16,NT,Primary health care,Public health,Non-government,Other source of funds,"11,87,138.01","13,74,049.18"
2015-16,NT,Primary health care,Public health,State and local government,State and local government,"6,42,54,879.89","7,43,71,610.27"
2015-16,NT,Primary health care,Unreferred medical services,Canadian Government,Department of Veterans' Affairs,"4,41,522.53","4,75,472.31"
2015-16,NT,Primary health care,Unreferred medical services,Canadian Government,DoHAC and other,"19,73,83,049.01","21,25,41,240.19"
2015-16,NT,Primary health care,Unreferred medical services,Non-government,Individuals,"58,02,848.00","62,49,043.51"
2015-16,NT,Primary health care,Unreferred medical services,Non-government,Other source of funds,"1,35,30,157.65","1,45,70,525.33"
2015-16,NT,Referred medical services,Referred medical services,Canadian Government,Department of Veterans' Affairs,"23,86,997.78","25,70,540.02"
2015-16,NT,Referred medical services,Referred medical services,Canadian Government,DoHAC and other,"7,17,69,531.00","7,72,88,069.86"
2015-16,NT,Referred medical services,Referred medical services,Canadian Government,Premium rebates,"26,12,913.30","28,13,826.74"
2015-16,NT,Referred medical services,Referred medical services,Non-government,Health insurance funds,"67,84,786.56","73,06,485.78"
2015-16,NT,Referred medical services,Referred medical services,Non-government,Individuals,"1,29,96,982.14","1,39,96,352.62"
2015-16,NT,Research,Research,Canadian Government,Department of Veterans' Affairs,0,0
2015-16,NT,Research,Research,Canadian Government,DoHAC and other,"1,89,98,368.40","2,20,14,225.43"
2015-16,NT,Research,Research,Non-government,Individuals,417.49,483.77
2015-16,NT,Research,Research,Non-government,Other source of funds,"13,34,696.93","15,46,570.66"
2015-16,NT,Research,Research,State and local government,State and local government,"61,65,257.06","71,43,948.15"
2015-16,Qld,Capital expenditure,Capital expenditure,Canadian Government,DoHAC and other,"88,61,499.19","93,49,955.92"
2015-16,Qld,Capital expenditure,Capital expenditure,Non-government,Other source of funds,"1,57,37,32,064.64","1,84,88,39,639.02"
2015-16,Qld,Capital expenditure,Capital expenditure,State and local government,State and local government,"87,68,84,191.34","98,33,18,380.29"
2015-16,Qld,Hospitals,Private hospitals,Canadian Government,Department of Veterans' Affairs,"28,61,98,417.81","32,84,84,868.28"
2015-16,Qld,Hospitals,Private hospitals,Canadian Government,DoHAC and other,"8,78,71,264.66","10,08,52,665.91"
2015-16,Qld,Hospitals,Private hospitals,Canadian Government,Premium rebates,"62,25,94,996.57","71,45,84,787.03"
2015-16,Qld,Hospitals,Private hospitals,Non-government,Health insurance funds,"1,61,06,46,464.30","1,84,86,23,048.72"
2015-16,Qld,Hospitals,Private hospitals,Non-government,Individuals,"43,00,90,482.67","49,36,37,304.60"
2015-16,Qld,Hospitals,Private hospitals,Non-government,Other source of funds,"19,88,20,638.65","22,81,96,828.61"
2015-16,Qld,Hospitals,Private hospitals,State and local government,State and local government,"11,91,51,000.00","13,67,55,824.30"
2015-16,Qld,Hospitals,Public hospital services,Canadian Government,Department of Veterans' Affairs,"10,52,83,633.71","12,08,39,523.91"
2015-16,Qld,Hospitals,Public hospital services,Canadian Government,DoHAC and other,"4,06,12,51,154.28","4,66,12,16,908.41"
2015-16,Qld,Hospitals,Public hospital services,Canadian Government,Premium rebates,"4,27,57,483.87","4,90,74,996.87"
2015-16,Qld,Hospitals,Public hospital services,Non-government,Health insurance funds,"11,06,13,144.35","12,69,56,481.55"
2015-16,Qld,Hospitals,Public hospital services,Non-government,Individuals,"34,90,88,638.08","40,06,67,257.96"
2015-16,Qld,Hospitals,Public hospital services,Non-government,Other source of funds,"49,12,33,774.92","56,38,14,653.77"
2015-16,Qld,Hospitals,Public hospital services,State and local government,State and local government,"5,07,94,56,210.14","5,82,99,57,121.64"
2015-16,Qld,Medical expenses tax rebate,Medical expenses tax rebate,Canadian Government,DoHAC and other,"66,06,000.18","76,60,509.68"
2015-16,Qld,Medical expenses tax rebate,Medical expenses tax rebate,Non-government,Individuals,"-66,06,000.18","-76,60,509.68"
2015-16,Qld,Other services,Administration,Canadian Government,Department of Veterans' Affairs,0,0
2015-16,Qld,Other services,Administration,Canadian Government,DoHAC and other,"30,83,62,318.51","35,72,81,278.86"
2015-16,Qld,Other services,Administration,Canadian Government,Premium rebates,"10,57,95,806.54","12,26,83,890.08"
2015-16,Qld,Other services,Administration,Non-government,Health insurance funds,"27,47,13,273.68","31,85,65,491.13"
2015-16,Qld,Other services,Administration,State and local government,State and local government,"24,59,98,279.96","28,52,66,750.40"
2015-16,Qld,Other services,Aids and appliances,Canadian Government,Department of Veterans' Affairs,"2,50,000.00","2,87,545.91"
2015-16,Qld,Other services,Aids and appliances,Canadian Government,DoHAC and other,"9,95,59,433.67","11,45,11,630.97"
2015-16,Qld,Other services,Aids and appliances,Canadian Government,Premium rebates,"5,14,08,442.38","5,91,29,148.95"
2015-16,Qld,Other services,Aids and appliances,Non-government,Health insurance funds,"13,34,89,048.03","15,35,36,918.04"
2015-16,Qld,Other services,Aids and appliances,Non-government,Individuals,"54,28,92,739.77","62,44,26,342.99"
2015-16,Qld,Other services,Aids and appliances,Non-government,Other source of funds,"1,47,91,503.61","1,70,12,945.34"
2015-16,Qld,Other services,Patient transport services,Canadian Government,Department of Veterans' Affairs,"2,49,94,653.57","2,86,87,669.02"
2015-16,Qld,Other services,Patient transport services,Canadian Government,DoHAC and other,"1,80,52,290.07","2,07,19,555.93"
2015-16,Qld,Other services,Patient transport services,Canadian Government,Premium rebates,"88,086.70","1,01,101.70"
2015-16,Qld,Other services,Patient transport services,Non-government,Health insurance funds,"2,28,729.15","2,62,524.39"
2015-16,Qld,Other services,Patient transport services,Non-government,Other source of funds,"16,00,750.32","18,37,264.72"
2015-16,Qld,Other services,Patient transport services,State and local government,State and local government,"80,58,61,128.00","92,49,28,895.51"
2015-16,Qld,Primary health care,All other medications,Canadian Government,DoHAC and other,"10,10,98,682.95","10,70,07,037.84"
2015-16,Qld,Primary health care,All other medications,Canadian Government,Premium rebates,"34,73,622.98","36,79,917.17"
2015-16,Qld,Primary health care,All other medications,Non-government,Health insurance funds,"90,19,736.91","95,55,407.97"
2015-16,Qld,Primary health care,All other medications,Non-government,Individuals,"1,83,29,74,586.52","1,98,17,31,519.03"
2015-16,Qld,Primary health care,All other medications,Non-government,Other source of funds,"1,18,08,380.99","1,25,09,666.19"
2015-16,Qld,Primary health care,Benefit-paid pharmaceuticals,Canadian Government,Department of Veterans' Affairs,"7,87,95,852.31","9,04,38,114.11"
2015-16,Qld,Primary health care,Benefit-paid pharmaceuticals,Canadian Government,DoHAC and other,"1,77,54,19,242.48","2,12,83,16,848.43"
2015-16,Qld,Primary health care,Benefit-paid pharmaceuticals,Non-government,Individuals,"28,21,11,538.13","33,79,49,652.50"
2015-16,Qld,Primary health care,Community health and other,Canadian Government,Department of Veterans' Affairs,"23,499.82","27,251.07"
2015-16,Qld,Primary health care,Community health and other,Canadian Government,DoHAC and other,"18,27,66,898.62","21,16,25,767.11"
2015-16,Qld,Primary health care,Community health and other,Canadian Government,Premium rebates,"34,499.06","40,006.12"
2015-16,Qld,Primary health care,Community health and other,Non-government,Health insurance funds,"89,581.54","1,03,881.35"
2015-16,Qld,Primary health care,Community health and other,Non-government,Individuals,"2,22,87,000.00","2,58,44,652.52"
2015-16,Qld,Primary health care,Community health and other,Non-government,Other source of funds,"1,90,89,806.86","2,21,37,094.49"
2015-16,Qld,Primary health care,Community health and other,State and local government,State and local government,"2,44,36,88,708.50","2,83,37,72,402.66"
2015-16,Qld,Primary health care,Dental services,Canadian Government,Department of Veterans' Affairs,"2,95,14,997.05","3,16,00,919.34"
2015-16,Qld,Primary health care,Dental services,Canadian Government,DoHAC and other,"7,97,55,310.83","8,53,91,846.90"
2015-16,Qld,Primary health care,Dental services,Canadian Government,Premium rebates,"14,14,99,536.20","15,14,99,775.63"
2015-16,Qld,Primary health care,Dental services,Non-government,Health insurance funds,"36,74,22,888.35","39,33,89,877.03"
2015-16,Qld,Primary health care,Dental services,Non-government,Individuals,"61,87,41,158.80","66,24,69,639.46"
2015-16,Qld,Primary health care,Dental services,Non-government,Other source of funds,"92,17,545.18","98,68,979.53"
2015-16,Qld,Primary health care,Dental services,State and local government,State and local government,"20,26,09,726.14","21,69,28,824.46"
2015-16,Qld,Primary health care,Other health practitioners,Canadian Government,Department of Veterans' Affairs,"7,21,30,827.05","8,41,15,913.39"
2015-16,Qld,Primary health care,Other health practitioners,Canadian Government,DoHAC and other,"30,14,88,224.86","35,15,82,789.88"
2015-16,Qld,Primary health care,Other health practitioners,Canadian Government,Premium rebates,"6,15,74,008.23","7,18,04,998.71"
2015-16,Qld,Primary health care,Other health practitioners,Non-government,Health insurance funds,"15,98,85,329.36","18,64,51,494.70"
2015-16,Qld,Primary health care,Other health practitioners,Non-government,Individuals,"57,00,09,677.85","66,47,21,127.64"
2015-16,Qld,Primary health care,Other health practitioners,Non-government,Other source of funds,"7,21,60,961.59","8,41,51,055.01"
2015-16,Qld,Primary health care,Public health,Canadian Government,DoHAC and other,"26,27,56,769.21","29,93,20,501.50"
2015-16,Qld,Primary health care,Public health,Non-government,Individuals,"1,87,88,000.00","2,15,63,968.64"
2015-16,Qld,Primary health care,Public health,State and local government,State and local government,"15,68,74,749.56","18,00,53,341.45"
2015-16,Qld,Primary health care,Unreferred medical services,Canadian Government,Department of Veterans' Affairs,"4,11,96,114.26","4,48,32,830.41"
2015-16,Qld,Primary health care,Unreferred medical services,Canadian Government,DoHAC and other,"1,90,23,21,817.09","2,07,01,09,450.07"
2015-16,Qld,Primary health care,Unreferred medical services,Non-government,Individuals,"15,80,85,395.00","17,20,40,878.91"
2015-16,Qld,Primary health care,Unreferred medical services,Non-government,Other source of funds,"16,12,43,279.85","17,54,77,535.95"
2015-16,Qld,Referred medical services,Referred medical services,Canadian Government,Department of Veterans' Affairs,"23,40,05,451.02","25,46,63,015.92"
2015-16,Qld,Referred medical services,Referred medical services,Canadian Government,DoHAC and other,"2,57,14,72,741.00","2,79,84,77,559.96"
2015-16,Qld,Referred medical services,Referred medical services,Canadian Government,Premium rebates,"12,31,48,538.57","13,40,19,861.94"
2015-16,Qld,Referred medical services,Referred medical services,Non-government,Health insurance funds,"31,97,72,014.46","34,80,00,891.67"
2015-16,Qld,Referred medical services,Referred medical services,Non-government,Individuals,"54,88,25,616.97","59,72,74,919.13"
2015-16,Qld,Research,Research,Canadian Government,Department of Veterans' Affairs,0,0
2015-16,Qld,Research,Research,Canadian Government,DoHAC and other,"76,67,27,547.92","88,91,19,533.96"
2015-16,Qld,Research,Research,Non-government,Other source of funds,"4,86,86,588.18","5,64,58,381.74"
2015-16,Qld,Research,Research,State and local government,State and local government,"20,58,13,003.96","23,86,66,737.18"
2015-16,SA,Capital expenditure,Capital expenditure,Canadian Government,DoHAC and other,"41,15,856.85","42,26,577.71"
2015-16,SA,Capital expenditure,Capital expenditure,Non-government,Other source of funds,"40,60,74,516.13","44,90,90,361.81"
2015-16,SA,Capital expenditure,Capital expenditure,State and local government,State and local government,"13,28,61,241.11","15,05,46,640.89"
2015-16,SA,Hospitals,Private hospitals,Canadian Government,Department of Veterans' Affairs,"4,21,15,533.89","4,84,79,651.18"
2015-16,SA,Hospitals,Private hospitals,Canadian Government,DoHAC and other,"2,10,00,581.37","2,41,73,136.14"
2015-16,SA,Hospitals,Private hospitals,Canadian Government,Premium rebates,"20,14,94,507.96","23,19,42,529.46"
2015-16,SA,Hospitals,Private hospitals,Non-government,Health insurance funds,"52,12,64,094.01","60,00,32,793.48"
2015-16,SA,Hospitals,Private hospitals,Non-government,Individuals,"11,23,90,431.35","12,93,73,853.41"
2015-16,SA,Hospitals,Private hospitals,Non-government,Other source of funds,"5,09,64,765.81","5,86,66,098.72"
2015-16,SA,Hospitals,Private hospitals,State and local government,State and local government,"60,79,772.00","69,98,491.97"
2015-16,SA,Hospitals,Public hospital services,Canadian Government,Department of Veterans' Affairs,"5,48,52,453.03","6,31,41,257.95"
2015-16,SA,Hospitals,Public hospital services,Canadian Government,DoHAC and other,"1,37,81,13,628.39","1,58,63,16,356.88"
2015-16,SA,Hospitals,Public hospital services,Canadian Government,Premium rebates,"1,88,06,710.17","2,16,48,609.55"
2015-16,SA,Hospitals,Public hospital services,Non-government,Health insurance funds,"4,86,52,754.06","5,60,04,716.73"
2015-16,SA,Hospitals,Public hospital services,Non-government,Individuals,"4,20,38,259.18","4,83,90,699.41"
2015-16,SA,Hospitals,Public hospital services,Non-government,Other source of funds,"14,92,23,721.70","17,17,73,056.34"
2015-16,SA,Hospitals,Public hospital services,State and local government,State and local government,"2,43,17,91,543.10","2,79,92,61,812.85"
2015-16,SA,Medical expenses tax rebate,Medical expenses tax rebate,Canadian Government,DoHAC and other,"16,77,600.05","19,57,033.13"
2015-16,SA,Medical expenses tax rebate,Medical expenses tax rebate,Non-government,Individuals,"-16,77,600.05","-19,57,033.13"
2015-16,SA,Other services,Administration,Canadian Government,Department of Veterans' Affairs,0,0
2015-16,SA,Other services,Administration,Canadian Government,DoHAC and other,"11,06,20,899.40","12,88,99,001.17"
2015-16,SA,Other services,Administration,Canadian Government,Premium rebates,"3,95,70,546.67","4,61,61,700.39"
2015-16,SA,Other services,Administration,Non-government,Health insurance funds,"10,27,50,333.61","11,98,65,165.25"
2015-16,SA,Other services,Aids and appliances,Canadian Government,Department of Veterans' Affairs,"1,10,000.00","1,26,520.20"
2015-16,SA,Other services,Aids and appliances,Canadian Government,DoHAC and other,"3,94,88,426.52","4,54,18,941.82"
2015-16,SA,Other services,Aids and appliances,Canadian Government,Premium rebates,"2,08,94,639.27","2,40,32,672.08"
2015-16,SA,Other services,Aids and appliances,Non-government,Health insurance funds,"5,42,55,787.11","6,24,04,118.25"
2015-16,SA,Other services,Aids and appliances,Non-government,Individuals,"16,44,58,367.13","18,91,57,321.95"
2015-16,SA,Other services,Aids and appliances,Non-government,Other source of funds,"2,35,03,091.30","2,70,32,870.91"
2015-16,SA,Other services,Patient transport services,Canadian Government,Department of Veterans' Affairs,"53,45,408.82","61,53,158.49"
2015-16,SA,Other services,Patient transport services,Canadian Government,DoHAC and other,"79,52,174.77","91,53,835.26"
2015-16,SA,Other services,Patient transport services,Canadian Government,Premium rebates,"88,73,731.61","1,02,14,649.40"
2015-16,SA,Other services,Patient transport services,Non-government,Health insurance funds,"2,30,41,857.13","2,65,23,733.48"
2015-16,SA,Other services,Patient transport services,Non-government,Individuals,"9,02,11,250.32","10,38,43,155.81"
2015-16,SA,Other services,Patient transport services,Non-government,Other source of funds,"3,30,96,895.74","3,80,98,198.28"
2015-16,SA,Other services,Patient transport services,State and local government,State and local government,"14,64,55,071.79","16,85,86,033.18"
2015-16,SA,Primary health care,All other medications,Canadian Government,DoHAC and other,"3,93,23,604.88","4,05,83,581.81"
2015-16,SA,Primary health care,All other medications,Canadian Government,Premium rebates,"15,52,375.79","16,04,458.17"
2015-16,SA,Primary health care,All other medications,Non-government,Health insurance funds,"40,30,955.94","41,66,194.95"
2015-16,SA,Primary health care,All other medications,Non-government,Individuals,"69,65,30,806.96","73,66,98,407.06"
2015-16,SA,Primary health care,All other medications,Non-government,Other source of funds,"53,44,528.84","55,23,838.36"
2015-16,SA,Primary health care,Benefit-paid pharmaceuticals,Canadian Government,Department of Veterans' Affairs,"2,63,32,143.44","3,03,11,218.00"
2015-16,SA,Primary health care,Benefit-paid pharmaceuticals,Canadian Government,DoHAC and other,"68,26,18,844.17","81,81,22,859.54"
2015-16,SA,Primary health care,Benefit-paid pharmaceuticals,Non-government,Individuals,"11,15,39,215.30","13,36,16,084.26"
2015-16,SA,Primary health care,Community health and other,Canadian Government,Department of Veterans' Affairs,"68,523.73","79,937.53"
2015-16,SA,Primary health care,Community health and other,Canadian Government,DoHAC and other,"6,66,98,721.53","7,76,93,101.88"
2015-16,SA,Primary health care,Community health and other,Canadian Government,Premium rebates,"8,940.11","10,429.24"
2015-16,SA,Primary health care,Community health and other,Non-government,Health insurance funds,"23,214.23","27,080.95"
2015-16,SA,Primary health care,Community health and other,Non-government,Individuals,"3,12,63,005.24","3,64,70,395.35"
2015-16,SA,Primary health care,Community health and other,Non-government,Other source of funds,"2,78,16,337.24","3,24,49,625.64"
2015-16,SA,Primary health care,Community health and other,State and local government,State and local government,"72,52,06,733.56","84,60,02,362.26"
2015-16,SA,Primary health care,Dental services,Canadian Government,Department of Veterans' Affairs,"73,00,747.11","78,16,715.01"
2015-16,SA,Primary health care,Dental services,Canadian Government,DoHAC and other,"3,80,07,090.87","4,06,93,126.87"
2015-16,SA,Primary health care,Dental services,Canadian Government,Premium rebates,"5,87,92,110.73","6,29,47,143.32"
2015-16,SA,Primary health care,Dental services,Non-government,Health insurance funds,"15,26,61,752.23","16,34,50,862.32"
2015-16,SA,Primary health care,Dental services,Non-government,Individuals,"16,46,01,916.85","17,62,34,877.80"
2015-16,SA,Primary health care,Dental services,Non-government,Other source of funds,"65,64,724.72","70,28,675.49"
2015-16,SA,Primary health care,Dental services,State and local government,State and local government,"6,02,55,461.84","6,45,13,914.28"
2015-16,SA,Primary health care,Other health practitioners,Canadian Government,Department of Veterans' Affairs,"1,53,50,511.61","1,79,01,116.04"
2015-16,SA,Primary health care,Other health practitioners,Canadian Government,DoHAC and other,"11,47,98,510.24","13,38,73,157.14"
2015-16,SA,Primary health care,Other health practitioners,Canadian Government,Premium rebates,"3,07,58,320.01","3,58,69,049.16"
2015-16,SA,Primary health care,Other health practitioners,Non-government,Health insurance funds,"7,98,68,182.47","9,31,38,889.36"
2015-16,SA,Primary health care,Other health practitioners,Non-government,Individuals,"3,85,37,145.92","4,49,40,386.26"
2015-16,SA,Primary health care,Other health practitioners,Non-government,Other source of funds,"3,46,06,752.51","4,03,56,928.04"
2015-16,SA,Primary health care,Public health,Canadian Government,DoHAC and other,"9,91,12,566.13","11,29,90,041.17"
2015-16,SA,Primary health care,Public health,Non-government,Individuals,"24,72,552.00","28,46,181.62"
2015-16,SA,Primary health care,Public health,Non-government,Other source of funds,"24,74,996.51","28,48,995.52"
2015-16,SA,Primary health care,Public health,State and local government,State and local government,"11,03,99,816.86","12,70,82,435.32"
2015-16,SA,Primary health care,Unreferred medical services,Canadian Government,Department of Veterans' Affairs,"76,69,997.73","83,96,489.30"
2015-16,SA,Primary health care,Unreferred medical services,Canadian Government,DoHAC and other,"67,31,64,819.59","73,68,30,867.78"
2015-16,SA,Primary health care,Unreferred medical services,Non-government,Individuals,"4,98,53,893.00","5,45,75,984.72"
2015-16,SA,Primary health care,Unreferred medical services,Non-government,Other source of funds,"7,38,18,389.78","8,08,10,365.46"
2015-16,SA,Referred medical services,Referred medical services,Canadian Government,Department of Veterans' Affairs,"4,25,91,863.68","4,66,26,106.05"
2015-16,SA,Referred medical services,Referred medical services,Canadian Government,DoHAC and other,"87,22,62,249.00","95,48,81,721.59"
2015-16,SA,Referred medical services,Referred medical services,Canadian Government,Premium rebates,"5,08,88,051.82","5,57,08,097.63"
2015-16,SA,Referred medical services,Referred medical services,Non-government,Health insurance funds,"13,21,37,782.80","14,46,53,690.65"
2015-16,SA,Referred medical services,Referred medical services,Non-government,Individuals,"13,49,00,701.38","14,76,78,309.05"
2015-16,SA,Research,Research,Canadian Government,Department of Veterans' Affairs,"7,219.66","8,422.22"
2015-16,SA,Research,Research,Canadian Government,DoHAC and other,"30,89,61,713.58","36,04,24,589.91"
2015-16,SA,Research,Research,Non-government,Individuals,"5,33,028.27","6,21,813.28"
2015-16,SA,Research,Research,Non-government,Other source of funds,"2,23,95,795.44","2,61,26,199.57"
2015-16,SA,Research,Research,State and local government,State and local government,"3,48,32,521.44","4,06,34,475.74"
2015-16,Tas,Capital expenditure,Capital expenditure,Canadian Government,DoHAC and other,"20,57,928.42","22,24,119.24"
2015-16,Tas,Capital expenditure,Capital expenditure,Non-government,Other source of funds,"13,19,17,840.32","15,83,78,025.81"
2015-16,Tas,Capital expenditure,Capital expenditure,State and local government,State and local government,"5,86,42,202.97","6,76,70,096.57"
2015-16,Tas,Hospitals,Private hospitals,Canadian Government,Department of Veterans' Affairs,"1,56,40,334.84","1,80,03,585.69"
2015-16,Tas,Hospitals,Private hospitals,Canadian Government,DoHAC and other,"50,95,224.67","58,64,961.16"
2015-16,Tas,Hospitals,Private hospitals,Canadian Government,Premium rebates,"6,91,45,081.99","7,95,92,887.32"
2015-16,Tas,Hospitals,Private hospitals,Non-government,Health insurance funds,"17,88,77,572.82","20,59,05,931.24"
2015-16,Tas,Hospitals,Private hospitals,Non-government,Individuals,"20,40,79,392.79","23,49,15,740.17"
2015-16,Tas,Hospitals,Private hospitals,Non-government,Other source of funds,"2,17,95,209.76","2,50,88,460.74"
2015-16,Tas,Hospitals,Private hospitals,State and local government,State and local government,"3,10,00,000.00","3,56,84,092.58"
2015-16,Tas,Hospitals,Public hospital services,Canadian Government,Department of Veterans' Affairs,"1,77,63,212.73","2,04,47,229.92"
2015-16,Tas,Hospitals,Public hospital services,Canadian Government,DoHAC and other,"52,75,96,066.19","60,21,72,721.17"
2015-16,Tas,Hospitals,Public hospital services,Canadian Government,Premium rebates,"79,40,126.22","91,39,877.39"
2015-16,Tas,Hospitals,Public hospital services,Non-government,Health insurance funds,"2,05,41,019.90","2,36,44,763.09"
2015-16,Tas,Hospitals,Public hospital services,Non-government,Individuals,"1,34,69,279.55","1,55,04,484.47"
2015-16,Tas,Hospitals,Public hospital services,Non-government,Other source of funds,"2,67,58,742.58","3,08,01,982.18"
2015-16,Tas,Hospitals,Public hospital services,State and local government,State and local government,"66,31,42,061.48","76,33,42,668.19"
2015-16,Tas,Medical expenses tax rebate,Medical expenses tax rebate,Canadian Government,DoHAC and other,"4,39,200.01","5,08,919.92"
2015-16,Tas,Medical expenses tax rebate,Medical expenses tax rebate,Non-government,Individuals,"-4,39,200.01","-5,08,919.92"
2015-16,Tas,Other services,Administration,Canadian Government,Department of Veterans' Affairs,0,0
2015-16,Tas,Other services,Administration,Canadian Government,DoHAC and other,"3,68,80,549.11","4,27,09,624.60"
2015-16,Tas,Other services,Administration,Canadian Government,Premium rebates,"1,18,61,337.55","1,37,44,241.25"
2015-16,Tas,Other services,Administration,Non-government,Health insurance funds,"3,07,99,584.36","3,56,88,801.21"
2015-16,Tas,Other services,Administration,Non-government,Individuals,"4,86,453.58","5,63,674.65"
2015-16,Tas,Other services,Administration,Non-government,Other source of funds,"6,55,504.82","7,59,561.59"
2015-16,Tas,Other services,Administration,State and local government,State and local government,"3,95,40,740.74","4,58,17,554.53"
2015-16,Tas,Other services,Aids and appliances,Canadian Government,Department of Veterans' Affairs,"6,000.00","6,901.10"
2015-16,Tas,Other services,Aids and appliances,Canadian Government,DoHAC and other,"1,21,99,693.19","1,40,31,887.41"
2015-16,Tas,Other services,Aids and appliances,Canadian Government,Premium rebates,"61,09,224.75","70,26,730.31"
2015-16,Tas,Other services,Aids and appliances,Non-government,Health insurance funds,"1,58,63,437.19","1,82,45,865.79"
2015-16,Tas,Other services,Aids and appliances,Non-government,Individuals,"5,49,27,839.36","6,31,77,101.74"
2015-16,Tas,Other services,Aids and appliances,Non-government,Other source of funds,"44,76,142.89","51,48,386.29"
2015-16,Tas,Other services,Patient transport services,Canadian Government,Department of Veterans' Affairs,"76,95,379.98","88,58,150.05"
2015-16,Tas,Other services,Patient transport services,Canadian Government,DoHAC and other,"13,75,663.28","15,83,525.67"
2015-16,Tas,Other services,Patient transport services,Canadian Government,Premium rebates,"35,543.42","40,914.03"
2015-16,Tas,Other services,Patient transport services,Non-government,Health insurance funds,"92,293.36","1,06,238.86"
2015-16,Tas,Other services,Patient transport services,Non-government,Individuals,"35,41,882.29","40,77,059.86"
2015-16,Tas,Other services,Patient transport services,Non-government,Other source of funds,"29,98,704.72","34,51,808.28"
2015-16,Tas,Other services,Patient transport services,State and local government,State and local government,"7,29,28,548.27","8,39,48,034.45"
2015-16,Tas,Primary health care,All other medications,Canadian Government,DoHAC and other,"1,20,68,451.93","1,27,73,712.24"
2015-16,Tas,Primary health care,All other medications,Canadian Government,Premium rebates,"5,06,433.81","5,32,345.35"
2015-16,Tas,Primary health care,All other medications,Non-government,Health insurance funds,"13,15,024.61","13,82,307.47"
2015-16,Tas,Primary health care,All other medications,Non-government,Individuals,"28,32,98,506.00","30,21,97,388.79"
2015-16,Tas,Primary health care,All other medications,Non-government,Other source of funds,"57,47,774.98","60,41,858.22"
2015-16,Tas,Primary health care,Benefit-paid pharmaceuticals,Canadian Government,Department of Veterans' Affairs,"1,00,86,475.99","1,16,10,540.10"
2015-16,Tas,Primary health care,Benefit-paid pharmaceuticals,Canadian Government,DoHAC and other,"24,10,35,348.31","28,90,01,346.86"
2015-16,Tas,Primary health care,Benefit-paid pharmaceuticals,Non-government,Individuals,"3,68,61,405.89","4,41,57,354.90"
2015-16,Tas,Primary health care,Community health and other,Canadian Government,Department of Veterans' Affairs,"95,229.73","1,10,346.78"
2015-16,Tas,Primary health care,Community health and other,Canadian Government,DoHAC and other,"2,07,80,177.06","2,40,52,354.08"
2015-16,Tas,Primary health care,Community health and other,Canadian Government,Premium rebates,"3,648.99","4,228.24"
2015-16,Tas,Primary health care,Community health and other,Non-government,Health insurance funds,"9,475.10","10,979.21"
2015-16,Tas,Primary health care,Community health and other,Non-government,Individuals,"1,02,384.58","1,18,637.41"
2015-16,Tas,Primary health care,Community health and other,Non-government,Other source of funds,"3,60,474.70","4,17,697.52"
2015-16,Tas,Primary health care,Community health and other,State and local government,State and local government,"12,44,59,211.88","14,42,16,234.19"
2015-16,Tas,Primary health care,Dental services,Canadian Government,Department of Veterans' Affairs,"18,05,990.97","19,33,626.31"
2015-16,Tas,Primary health care,Dental services,Canadian Government,DoHAC and other,"77,88,884.95","83,39,352.10"
2015-16,Tas,Primary health care,Dental services,Canadian Government,Premium rebates,"1,32,28,907.85","1,41,63,838.45"
2015-16,Tas,Primary health care,Dental services,Non-government,Health insurance funds,"3,43,50,667.59","3,67,78,342.69"
2015-16,Tas,Primary health care,Dental services,Non-government,Individuals,"9,06,26,137.40","9,70,30,985.76"
2015-16,Tas,Primary health care,Dental services,Non-government,Other source of funds,"19,13,631.29","20,48,873.93"
2015-16,Tas,Primary health care,Dental services,State and local government,State and local government,"1,89,93,800.99","2,03,36,155.62"
2015-16,Tas,Primary health care,Other health practitioners,Canadian Government,Department of Veterans' Affairs,"58,42,550.57","68,13,334.85"
2015-16,Tas,Primary health care,Other health practitioners,Canadian Government,DoHAC and other,"3,31,91,923.32","3,87,07,014.21"
2015-16,Tas,Primary health care,Other health practitioners,Canadian Government,Premium rebates,"51,67,050.00","60,25,594.72"
2015-16,Tas,Primary health care,Other health practitioners,Non-government,Health insurance funds,"1,34,16,951.66","1,56,46,280.37"
2015-16,Tas,Primary health care,Other health practitioners,Non-government,Individuals,"4,64,39,316.60","5,41,55,562.79"
2015-16,Tas,Primary health care,Other health practitioners,Non-government,Other source of funds,"30,92,554.52","36,06,406.01"
2015-16,Tas,Primary health care,Other health practitioners,State and local government,State and local government,"32,00,000.00","37,31,704.37"
2015-16,Tas,Primary health care,Public health,Canadian Government,DoHAC and other,"3,05,43,764.43","3,49,66,095.65"
2015-16,Tas,Primary health care,Public health,State and local government,State and local government,"1,45,38,911.15","1,67,35,737.14"
2015-16,Tas,Primary health care,Unreferred medical services,Canadian Government,Department of Veterans' Affairs,"32,48,979.82","35,91,274.06"
2015-16,Tas,Primary health care,Unreferred medical services,Canadian Government,DoHAC and other,"20,70,67,147.15","22,88,74,752.23"
2015-16,Tas,Primary health care,Unreferred medical services,Non-government,Individuals,"2,26,94,338.00","2,50,85,285.80"
2015-16,Tas,Primary health care,Unreferred medical services,Non-government,Other source of funds,"1,88,92,218.25","2,08,82,596.10"
2015-16,Tas,Referred medical services,Referred medical services,Canadian Government,Department of Veterans' Affairs,"1,46,95,754.96","1,62,44,017.04"
2015-16,Tas,Referred medical services,Referred medical services,Canadian Government,DoHAC and other,"25,35,18,493.00","28,02,27,775.39"
2015-16,Tas,Referred medical services,Referred medical services,Canadian Government,Premium rebates,"1,45,30,642.74","1,60,61,509.52"
2015-16,Tas,Referred medical services,Referred medical services,Non-government,Health insurance funds,"3,77,30,800.17","4,17,05,905.04"
2015-16,Tas,Referred medical services,Referred medical services,Non-government,Individuals,"4,18,52,135.09","4,62,61,440.63"
2015-16,Tas,Research,Research,Canadian Government,Department of Veterans' Affairs,0,0
2015-16,Tas,Research,Research,Canadian Government,DoHAC and other,"5,55,99,015.52","6,44,24,967.20"
2015-16,Tas,Research,Research,Non-government,Other source of funds,"26,15,265.55","30,30,420.51"
2015-16,Tas,Research,Research,State and local government,State and local government,"62,31,025.05","72,20,156.34"
2015-16,Vic,Capital expenditure,Capital expenditure,Canadian Government,DoHAC and other,"75,41,242.36","77,88,729.97"
2015-16,Vic,Capital expenditure,Capital expenditure,Non-government,Other source of funds,"1,48,50,70,709.44","1,67,14,00,791.23"
2015-16,Vic,Capital expenditure,Capital expenditure,State and local government,State and local government,"81,64,09,419.52","91,74,39,379.00"
2015-16,Vic,Hospitals,Private hospitals,Canadian Government,Department of Veterans' Affairs,"17,43,62,367.81","20,43,44,612.15"
2015-16,Vic,Hospitals,Private hospitals,Canadian Government,DoHAC and other,"7,13,29,344.42","8,35,91,415.15"
2015-16,Vic,Hospitals,Private hospitals,Canadian Government,Premium rebates,"73,52,41,522.41","86,16,68,980.66"
2015-16,Vic,Hospitals,Private hospitals,Non-government,Health insurance funds,"1,90,20,61,797.79","2,22,91,28,253.11"
2015-16,Vic,Hospitals,Private hospitals,Non-government,Individuals,"48,98,00,470.59","57,40,23,445.84"
2015-16,Vic,Hospitals,Private hospitals,Non-government,Other source of funds,"32,05,27,841.40","37,56,43,771.41"
2015-16,Vic,Hospitals,Public hospital services,Canadian Government,Department of Veterans' Affairs,"14,86,60,320.12","17,42,23,003.73"
2015-16,Vic,Hospitals,Public hospital services,Canadian Government,DoHAC and other,"4,77,79,70,993.24","5,59,93,88,786.36"
2015-16,Vic,Hospitals,Public hospital services,Canadian Government,Premium rebates,"7,55,81,313.11","8,85,77,795.24"
2015-16,Vic,Hospitals,Public hospital services,Non-government,Health insurance funds,"19,55,28,032.49","22,91,49,789.99"
2015-16,Vic,Hospitals,Public hospital services,Non-government,Individuals,"24,57,75,285.80","28,80,37,241.55"
2015-16,Vic,Hospitals,Public hospital services,Non-government,Other source of funds,"11,85,84,064.26","13,89,75,026.11"
2015-16,Vic,Hospitals,Public hospital services,State and local government,State and local government,"6,53,06,93,202.82","7,65,36,69,690.28"
2015-16,Vic,Medical expenses tax rebate,Medical expenses tax rebate,Canadian Government,DoHAC and other,"93,74,400.26","1,11,82,237.27"
2015-16,Vic,Medical expenses tax rebate,Medical expenses tax rebate,Non-government,Individuals,"-93,74,400.26","-1,11,82,237.27"
2015-16,Vic,Other services,Administration,Canadian Government,Department of Veterans' Affairs,0,0
2015-16,Vic,Other services,Administration,Canadian Government,DoHAC and other,"37,32,25,212.38","44,46,28,260.19"
2015-16,Vic,Other services,Administration,Canadian Government,Premium rebates,"12,46,25,935.59","14,86,59,833.48"
2015-16,Vic,Other services,Administration,Non-government,Health insurance funds,"32,36,08,277.77","38,60,15,579.02"
2015-16,Vic,Other services,Aids and appliances,Canadian Government,Department of Veterans' Affairs,"70,000.00","80,512.85"
2015-16,Vic,Other services,Aids and appliances,Canadian Government,DoHAC and other,"12,62,56,021.37","14,52,17,609.16"
2015-16,Vic,Other services,Aids and appliances,Canadian Government,Premium rebates,"5,15,47,616.00","5,92,89,224.17"
2015-16,Vic,Other services,Aids and appliances,Non-government,Health insurance funds,"13,38,50,431.37","15,39,52,575.24"
2015-16,Vic,Other services,Aids and appliances,Non-government,Individuals,"89,95,90,495.52","1,03,46,94,263.08"
2015-16,Vic,Other services,Aids and appliances,Non-government,Other source of funds,"3,05,77,833.19","3,51,70,123.23"
2015-16,Vic,Other services,Patient transport services,Canadian Government,Department of Veterans' Affairs,"2,39,40,937.26","2,80,57,668.64"
2015-16,Vic,Other services,Patient transport services,Canadian Government,DoHAC and other,"6,32,311.21","7,41,039.42"
2015-16,Vic,Other services,Patient transport services,Canadian Government,Premium rebates,"1,02,90,277.05","1,20,59,727.67"
2015-16,Vic,Other services,Patient transport services,Non-government,Health insurance funds,"2,67,20,111.00","3,13,14,731.43"
2015-16,Vic,Other services,Patient transport services,Non-government,Individuals,"25,65,64,000.00","30,06,81,114.46"
2015-16,Vic,Other services,Patient transport services,Non-government,Other source of funds,"2,75,53,141.48","3,22,91,004.53"
2015-16,Vic,Other services,Patient transport services,State and local government,State and local government,"56,81,98,674.07","66,59,02,506.02"
2015-16,Vic,Primary health care,All other medications,Canadian Government,DoHAC and other,"12,22,27,578.56","12,79,35,658.14"
2015-16,Vic,Primary health care,All other medications,Canadian Government,Premium rebates,"25,95,300.41","27,26,099.52"
2015-16,Vic,Primary health care,All other medications,Non-government,Health insurance funds,"67,39,052.27","70,78,690.05"
2015-16,Vic,Primary health care,All other medications,Non-government,Individuals,"2,37,89,74,607.25","2,55,11,60,435.51"
2015-16,Vic,Primary health care,All other medications,Non-government,Other source of funds,"2,31,88,908.41","2,43,57,593.40"
2015-16,Vic,Primary health care,Benefit-paid pharmaceuticals,Canadian Government,Department of Veterans' Affairs,"7,15,71,802.17","8,38,78,834.29"
2015-16,Vic,Primary health care,Benefit-paid pharmaceuticals,Canadian Government,DoHAC and other,"2,18,17,36,803.82","2,61,45,80,936.71"
2015-16,Vic,Primary health care,Benefit-paid pharmaceuticals,Non-government,Individuals,"35,26,24,251.64","42,24,18,891.81"
2015-16,Vic,Primary health care,Community health and other,Canadian Government,Department of Veterans' Affairs,"90,275.00","1,07,684.38"
2015-16,Vic,Primary health care,Community health and other,Canadian Government,DoHAC and other,"17,63,35,312.80","20,98,98,071.06"
2015-16,Vic,Primary health care,Community health and other,Canadian Government,Premium rebates,"51,677.04","61,642.87"
2015-16,Vic,Primary health care,Community health and other,Non-government,Health insurance funds,"1,34,186.51","1,60,064.14"
2015-16,Vic,Primary health care,Community health and other,Non-government,Individuals,"75,78,757.48","90,40,307.86"
2015-16,Vic,Primary health care,Community health and other,Non-government,Other source of funds,"3,42,42,399.95","4,08,45,988.04"
2015-16,Vic,Primary health care,Community health and other,State and local government,State and local government,"59,27,00,999.02","70,70,02,369.96"
2015-16,Vic,Primary health care,Dental services,Canadian Government,Department of Veterans' Affairs,"1,38,25,790.01","1,48,02,904.24"
2015-16,Vic,Primary health care,Dental services,Canadian Government,DoHAC and other,"11,59,79,258.75","12,41,75,765.07"
2015-16,Vic,Primary health care,Dental services,Canadian Government,Premium rebates,"13,50,48,875.48","14,45,93,225.41"
2015-16,Vic,Primary health care,Dental services,Non-government,Health insurance funds,"35,06,72,865.98","37,54,56,075.28"
2015-16,Vic,Primary health care,Dental services,Non-government,Individuals,"2,16,09,40,728.08","2,31,36,61,544.35"
2015-16,Vic,Primary health care,Dental services,Non-government,Other source of funds,"63,99,497.33","68,51,770.93"
2015-16,Vic,Primary health care,Dental services,State and local government,State and local government,"16,40,77,490.97","17,56,73,389.01"
2015-16,Vic,Primary health care,Other health practitioners,Canadian Government,Department of Veterans' Affairs,"4,31,36,828.44","5,03,04,341.06"
2015-16,Vic,Primary health care,Other health practitioners,Canadian Government,DoHAC and other,"41,21,13,729.12","48,05,89,564.32"
2015-16,Vic,Primary health care,Other health practitioners,Canadian Government,Premium rebates,"7,13,16,203.97","8,31,65,934.48"
2015-16,Vic,Primary health care,Other health practitioners,Non-government,Health insurance funds,"18,51,82,272.32","21,59,51,717.42"
2015-16,Vic,Primary health care,Other health practitioners,Non-government,Individuals,"92,16,99,068.77","1,07,48,46,389.72"
2015-16,Vic,Primary health care,Other health practitioners,Non-government,Other source of funds,"8,18,59,794.75","9,54,61,423.18"
2015-16,Vic,Primary health care,Public health,Canadian Government,DoHAC and other,"30,63,56,852.64","35,48,90,244.45"
2015-16,Vic,Primary health care,Public health,Non-government,Individuals,"9,35,851.06","10,96,774.06"
2015-16,Vic,Primary health care,Public health,Non-government,Other source of funds,"15,954.11","18,697.48"
2015-16,Vic,Primary health care,Public health,State and local government,State and local government,"32,88,30,680.48","38,53,74,313.92"
2015-16,Vic,Primary health care,Unreferred medical services,Canadian Government,Department of Veterans' Affairs,"1,98,52,759.85","2,20,67,943.06"
2015-16,Vic,Primary health care,Unreferred medical services,Canadian Government,DoHAC and other,"2,18,47,15,170.65","2,42,81,12,349.45"
2015-16,Vic,Primary health care,Unreferred medical services,Non-government,Individuals,"19,34,04,893.00","21,49,85,130.50"
2015-16,Vic,Primary health care,Unreferred medical services,Non-government,Other source of funds,"20,52,77,620.47","22,81,82,624.24"
2015-16,Vic,Referred medical services,Referred medical services,Canadian Government,Department of Veterans' Affairs,"10,36,79,173.92","11,52,47,760.22"
2015-16,Vic,Referred medical services,Referred medical services,Canadian Government,DoHAC and other,"3,14,24,52,509.00","3,49,30,89,302.19"
2015-16,Vic,Referred medical services,Referred medical services,Canadian Government,Premium rebates,"16,06,21,887.06","17,85,44,176.49"
2015-16,Vic,Referred medical services,Referred medical services,Non-government,Health insurance funds,"41,70,76,686.32","46,36,14,360.76"
2015-16,Vic,Referred medical services,Referred medical services,Non-government,Individuals,"66,92,41,039.62","74,39,15,368.45"
2015-16,Vic,Research,Research,Canadian Government,Department of Veterans' Affairs,630.45,752.03
2015-16,Vic,Research,Research,Canadian Government,DoHAC and other,"1,11,62,07,207.64","1,33,14,65,852.89"
2015-16,Vic,Research,Research,Non-government,Individuals,"2,785.97","3,323.24"
2015-16,Vic,Research,Research,Non-government,Other source of funds,"7,06,94,375.31","8,43,27,664.32"
2015-16,Vic,Research,Research,State and local government,State and local government,"8,21,42,136.94","9,79,83,107.14"
2015-16,WA,Capital expenditure,Capital expenditure,Canadian Government,DoHAC and other,"64,31,026.37","67,13,531.85"
2015-16,WA,Capital expenditure,Capital expenditure,Non-government,Other source of funds,"74,40,16,773.58","83,63,42,829.79"
2015-16,WA,Capital expenditure,Capital expenditure,State and local government,State and local government,"58,18,40,607.63","63,99,30,597.01"
2015-16,WA,Hospitals,Private hospitals,Canadian Government,Department of Veterans' Affairs,"7,50,79,828.42","8,25,48,716.09"
2015-16,WA,Hospitals,Private hospitals,Canadian Government,DoHAC and other,"4,51,01,054.06","4,95,87,133.11"
2015-16,WA,Hospitals,Private hospitals,Canadian Government,Premium rebates,"35,15,42,752.90","38,65,13,974.72"
2015-16,WA,Hospitals,Private hospitals,Non-government,Health insurance funds,"90,94,37,266.81","99,99,07,436.17"
2015-16,WA,Hospitals,Private hospitals,Non-government,Individuals,"92,17,674.43","1,01,34,642.10"
2015-16,WA,Hospitals,Private hospitals,Non-government,Other source of funds,"10,68,60,607.49","11,74,91,024.35"
2015-16,WA,Hospitals,Private hospitals,State and local government,State and local government,"68,25,89,531.17","75,04,93,049.90"
2015-16,WA,Hospitals,Public hospital services,Canadian Government,Department of Veterans' Affairs,"5,49,66,764.04","6,04,34,818.44"
2015-16,WA,Hospitals,Public hospital services,Canadian Government,DoHAC and other,"2,11,32,68,615.91","2,32,34,66,625.80"
2015-16,WA,Hospitals,Public hospital services,Canadian Government,Premium rebates,"2,27,04,593.44","2,49,63,230.16"
2015-16,WA,Hospitals,Public hospital services,Non-government,Health insurance funds,"5,87,36,535.53","6,45,79,604.11"
2015-16,WA,Hospitals,Public hospital services,Non-government,Individuals,"41,12,06,485.45","45,21,13,012.74"
2015-16,WA,Hospitals,Public hospital services,Non-government,Other source of funds,"3,84,66,625.24","4,22,93,257.63"
2015-16,WA,Hospitals,Public hospital services,State and local government,State and local government,"2,86,75,24,229.55","3,15,27,83,490.59"
2015-16,WA,Medical expenses tax rebate,Medical expenses tax rebate,Canadian Government,DoHAC and other,"30,60,000.09","33,69,858.71"
2015-16,WA,Medical expenses tax rebate,Medical expenses tax rebate,Non-government,Individuals,"-30,60,000.09","-33,69,858.71"
2015-16,WA,Other services,Administration,Canadian Government,Department of Veterans' Affairs,0,0
2015-16,WA,Other services,Administration,Canadian Government,DoHAC and other,"13,98,07,842.32","15,38,79,795.24"
2015-16,WA,Other services,Administration,Canadian Government,Premium rebates,"6,31,31,685.57","6,95,24,462.30"
2015-16,WA,Other services,Administration,Non-government,Health insurance funds,"16,39,30,051.52","18,05,29,770.17"
2015-16,WA,Other services,Administration,Non-government,Individuals,"72,85,852.70","80,23,625.33"
2015-16,WA,Other services,Administration,Non-government,Other source of funds,"6,81,560.66","7,50,576.17"
2015-16,WA,Other services,Administration,State and local government,State and local government,"12,56,93,133.99","13,84,20,944.67"
2015-16,WA,Other services,Aids and appliances,Canadian Government,Department of Veterans' Affairs,"70,000.00","80,512.85"
2015-16,WA,Other services,Aids and appliances,Canadian Government,DoHAC and other,"4,99,35,480.73","5,74,34,972.57"
2015-16,WA,Other services,Aids and appliances,Canadian Government,Premium rebates,"3,09,18,964.04","3,55,62,486.35"
2015-16,WA,Other services,Aids and appliances,Non-government,Health insurance funds,"8,02,85,316.68","9,23,42,857.10"
2015-16,WA,Other services,Aids and appliances,Non-government,Individuals,"53,79,81,749.70","61,87,77,802.59"
2015-16,WA,Other services,Aids and appliances,Non-government,Other source of funds,"3,26,23,082.77","3,75,22,535.81"
2015-16,WA,Other services,Patient transport services,Canadian Government,Department of Veterans' Affairs,"72,61,797.44","79,84,195.86"
2015-16,WA,Other services,Patient transport services,Canadian Government,DoHAC and other,"1,89,80,536.90","2,08,68,707.15"
2015-16,WA,Other services,Patient transport services,Canadian Government,Premium rebates,"1,03,99,328.33","1,14,33,846.08"
2015-16,WA,Other services,Patient transport services,Non-government,Health insurance funds,"2,70,03,277.57","2,96,89,544.32"
2015-16,WA,Other services,Patient transport services,Non-government,Individuals,"60,82,780.31","66,87,890.95"
2015-16,WA,Other services,Patient transport services,Non-government,Other source of funds,"1,01,16,156.81","1,11,22,504.86"
2015-16,WA,Other services,Patient transport services,State and local government,State and local government,"25,76,58,142.81","28,32,89,790.71"
2015-16,WA,Primary health care,All other medications,Canadian Government,DoHAC and other,"5,12,02,534.56","5,24,53,504.50"
2015-16,WA,Primary health care,All other medications,Canadian Government,Premium rebates,"24,17,985.52","24,63,987.79"
2015-16,WA,Primary health care,All other medications,Non-government,Health insurance funds,"62,78,629.92","63,98,081.12"
2015-16,WA,Primary health care,All other medications,Non-government,Individuals,"93,82,19,817.32","98,35,11,325.96"
2015-16,WA,Primary health care,All other medications,Non-government,Other source of funds,"1,03,80,836.78","1,05,78,332.63"
2015-16,WA,Primary health care,Benefit-paid pharmaceuticals,Canadian Government,Department of Veterans' Affairs,"2,64,64,771.77","2,90,97,468.35"
2015-16,WA,Primary health care,Benefit-paid pharmaceuticals,Canadian Government,DoHAC and other,"78,13,69,316.69","93,77,06,317.00"
2015-16,WA,Primary health care,Benefit-paid pharmaceuticals,Non-government,Individuals,"13,58,72,234.19","16,27,65,318.40"
2015-16,WA,Primary health care,Community health and other,Canadian Government,Department of Veterans' Affairs,"1,30,636.18","1,43,864.53"
2015-16,WA,Primary health care,Community health and other,Canadian Government,DoHAC and other,"9,42,63,148.64","10,36,36,490.59"
2015-16,WA,Primary health care,Community health and other,Canadian Government,Premium rebates,"8,120.68","8,942.98"
2015-16,WA,Primary health care,Community health and other,Non-government,Health insurance funds,"21,086.44","23,221.68"
2015-16,WA,Primary health care,Community health and other,Non-government,Individuals,"1,89,00,413.83","2,08,14,288.37"
2015-16,WA,Primary health care,Community health and other,Non-government,Other source of funds,"29,73,047.78","32,74,101.53"
2015-16,WA,Primary health care,Community health and other,State and local government,State and local government,"89,54,35,520.03","98,61,08,203.68"
2015-16,WA,Primary health care,Dental services,Canadian Government,Department of Veterans' Affairs,"90,97,254.61","97,40,187.63"
2015-16,WA,Primary health care,Dental services,Canadian Government,DoHAC and other,"1,67,70,897.46","1,79,56,147.54"
2015-16,WA,Primary health care,Dental services,Canadian Government,Premium rebates,"11,10,37,684.25","11,88,85,084.02"
2015-16,WA,Primary health care,Dental services,Non-government,Health insurance funds,"28,83,24,525.70","30,87,01,371.92"
2015-16,WA,Primary health care,Dental services,Non-government,Individuals,"89,26,29,340.41","95,57,14,403.18"
2015-16,WA,Primary health care,Dental services,Non-government,Other source of funds,"28,37,962.64","30,38,530.83"
2015-16,WA,Primary health care,Dental services,State and local government,State and local government,"8,61,26,919.89","9,22,13,793.69"
2015-16,WA,Primary health care,Other health practitioners,Canadian Government,Department of Veterans' Affairs,"2,48,66,109.09","2,89,97,802.52"
2015-16,WA,Primary health care,Other health practitioners,Canadian Government,DoHAC and other,"12,92,18,496.55","15,06,89,134.03"
2015-16,WA,Primary health care,Other health practitioners,Canadian Government,Premium rebates,"3,90,68,674.09","4,55,60,231.88"
2015-16,WA,Primary health care,Other health practitioners,Non-government,Health insurance funds,"10,14,47,152.84","11,83,03,370.02"
2015-16,WA,Primary health care,Other health practitioners,Non-government,Individuals,"6,52,90,625.73","7,61,39,160.52"
2015-16,WA,Primary health care,Other health practitioners,Non-government,Other source of funds,"2,68,97,302.83","3,13,66,494.57"
2015-16,WA,Primary health care,Public health,Canadian Government,DoHAC and other,"13,82,38,740.23","15,12,86,110.46"
2015-16,WA,Primary health care,Public health,State and local government,State and local government,"16,03,79,895.12","17,63,34,372.47"
2015-16,WA,Primary health care,Unreferred medical services,Canadian Government,Department of Veterans' Affairs,"94,87,410.07","97,26,952.54"
2015-16,WA,Primary health care,Unreferred medical services,Canadian Government,DoHAC and other,"83,94,92,809.10","86,07,64,868.49"
2015-16,WA,Primary health care,Unreferred medical services,Non-government,Individuals,"9,47,24,615.00","9,71,16,265.35"
2015-16,WA,Primary health care,Unreferred medical services,Non-government,Other source of funds,"12,44,41,218.51","12,75,83,167.25"
2015-16,WA,Referred medical services,Referred medical services,Canadian Government,Department of Veterans' Affairs,"5,66,01,316.33","5,80,30,412.22"
2015-16,WA,Referred medical services,Referred medical services,Canadian Government,DoHAC and other,"1,09,76,10,794.00","1,12,53,23,772.77"
2015-16,WA,Referred medical services,Referred medical services,Canadian Government,Premium rebates,"6,83,07,354.72","7,00,32,010.02"
2015-16,WA,Referred medical services,Referred medical services,Non-government,Health insurance funds,"17,73,69,383.97","18,18,47,687.20"
2015-16,WA,Referred medical services,Referred medical services,Non-government,Individuals,"29,82,65,605.31","30,57,96,351.58"
2015-16,WA,Research,Research,Canadian Government,Department of Veterans' Affairs,0,0
2015-16,WA,Research,Research,Canadian Government,DoHAC and other,"38,63,31,238.89","42,54,51,521.06"
2015-16,WA,Research,Research,Non-government,Individuals,"10,67,250.41","11,75,321.24"
2015-16,WA,Research,Research,Non-government,Other source of funds,"2,21,30,770.78","2,43,71,754.45"
2015-16,WA,Research,Research,State and local government,State and local government,"4,91,29,331.42","5,41,04,215.96"
2016-17,ACT,Capital expenditure,Capital expenditure,Canadian Government,DoHAC and other,"46,14,503.85","45,25,045.27"
2016-17,ACT,Capital expenditure,Capital expenditure,Non-government,Other source of funds,"4,24,18,597.75","4,55,54,634.88"
2016-17,ACT,Capital expenditure,Capital expenditure,State and local government,State and local government,"15,70,00,000.00","16,83,74,165.18"
2016-17,ACT,Hospitals,Private hospitals,Canadian Government,Department of Veterans' Affairs,"2,87,41,206.77","3,14,70,250.88"
2016-17,ACT,Hospitals,Private hospitals,Canadian Government,DoHAC and other,"3,72,50,941.81","4,07,86,703.97"
2016-17,ACT,Hospitals,Private hospitals,Canadian Government,Premium rebates,"3,71,14,513.72","4,06,38,622.71"
2016-17,ACT,Hospitals,Private hospitals,Non-government,Health insurance funds,"10,05,36,091.66","11,00,82,226.28"
2016-17,ACT,Hospitals,Private hospitals,Non-government,Individuals,"35,51,894.21","38,89,154.79"
2016-17,ACT,Hospitals,Private hospitals,Non-government,Other source of funds,"1,44,70,161.41","1,58,44,136.73"
2016-17,ACT,Hospitals,Private hospitals,State and local government,State and local government,"1,21,76,441.40","1,33,32,622.70"
2016-17,ACT,Hospitals,Public hospital services,Canadian Government,Department of Veterans' Affairs,"3,29,00,352.91","3,60,24,317.57"
2016-17,ACT,Hospitals,Public hospital services,Canadian Government,DoHAC and other,"39,98,93,186.10","43,78,41,548.33"
2016-17,ACT,Hospitals,Public hospital services,Canadian Government,Premium rebates,"41,97,276.79","45,95,817.94"
2016-17,ACT,Hospitals,Public hospital services,Non-government,Health insurance funds,"1,13,69,616.96","1,24,49,188.40"
2016-17,ACT,Hospitals,Public hospital services,Non-government,Individuals,"41,39,691.54","45,32,764.84"
2016-17,ACT,Hospitals,Public hospital services,Non-government,Other source of funds,"1,23,74,350.00","1,35,49,323.18"
2016-17,ACT,Hospitals,Public hospital services,State and local government,State and local government,"66,67,57,854.41","73,00,68,056.05"
2016-17,ACT,Medical expenses tax rebate,Medical expenses tax rebate,Canadian Government,DoHAC and other,"12,46,400.00","14,10,167.74"
2016-17,ACT,Medical expenses tax rebate,Medical expenses tax rebate,Non-government,Individuals,"-12,46,400.00","-14,10,167.74"
2016-17,ACT,Other services,Administration,Canadian Government,Department of Veterans' Affairs,"5,41,80,000.00","6,15,81,305.74"
2016-17,ACT,Other services,Administration,Canadian Government,DoHAC and other,"2,28,10,856.95","2,57,35,751.47"
2016-17,ACT,Other services,Administration,Canadian Government,Premium rebates,"3,90,735.36","4,42,075.10"
2016-17,ACT,Other services,Administration,Non-government,Health insurance funds,"10,58,376.17","11,97,438.97"
2016-17,ACT,Other services,Aids and appliances,Canadian Government,Department of Veterans' Affairs,"5,000.00","5,492.76"
2016-17,ACT,Other services,Aids and appliances,Canadian Government,DoHAC and other,"91,42,869.39","1,00,43,914.73"
2016-17,ACT,Other services,Aids and appliances,Canadian Government,Premium rebates,"40,77,759.83","44,79,629.99"
2016-17,ACT,Other services,Aids and appliances,Non-government,Health insurance funds,"1,10,45,337.25","1,21,33,874.03"
2016-17,ACT,Other services,Aids and appliances,Non-government,Individuals,"2,36,07,801.22","2,59,34,390.20"
2016-17,ACT,Other services,Aids and appliances,Non-government,Other source of funds,"14,48,368.13","15,91,107.28"
2016-17,ACT,Other services,Patient transport services,Canadian Government,Department of Veterans' Affairs,"1,32,616.50","1,45,208.74"
2016-17,ACT,Other services,Patient transport services,Canadian Government,DoHAC and other,0,0
2016-17,ACT,Other services,Patient transport services,Canadian Government,Premium rebates,"9,25,238.93","10,13,092.51"
2016-17,ACT,Other services,Patient transport services,Non-government,Health insurance funds,"25,06,174.10","27,44,141.13"
2016-17,ACT,Other services,Patient transport services,Non-government,Individuals,"19,777.41","21,655.32"
2016-17,ACT,Other services,Patient transport services,Non-government,Other source of funds,"10,97,223.21","12,01,407.09"
2016-17,ACT,Other services,Patient transport services,State and local government,State and local government,"4,79,03,207.24","5,24,51,727.65"
2016-17,ACT,Primary health care,All other medications,Canadian Government,DoHAC and other,"73,77,403.81","76,38,562.77"
2016-17,ACT,Primary health care,All other medications,Canadian Government,Premium rebates,"3,18,428.24","3,31,639.55"
2016-17,ACT,Primary health care,All other medications,Non-government,Health insurance funds,"8,62,519.49","8,98,304.68"
2016-17,ACT,Primary health care,All other medications,Non-government,Individuals,"11,25,50,744.39","11,74,16,346.25"
2016-17,ACT,Primary health care,All other medications,Non-government,Other source of funds,"18,64,314.24","19,41,663.04"
2016-17,ACT,Primary health care,Benefit-paid pharmaceuticals,Canadian Government,Department of Veterans' Affairs,"1,09,57,090.09","1,14,82,633.73"
2016-17,ACT,Primary health care,Benefit-paid pharmaceuticals,Canadian Government,DoHAC and other,"12,84,80,297.92","13,46,86,591.38"
2016-17,ACT,Primary health care,Benefit-paid pharmaceuticals,Non-government,Individuals,"2,04,39,291.26","2,14,19,637.26"
2016-17,ACT,Primary health care,Community health and other,Canadian Government,Department of Veterans' Affairs,"11,59,000.00","13,11,284.03"
2016-17,ACT,Primary health care,Community health and other,Canadian Government,DoHAC and other,"1,67,75,238.84","1,89,23,052.48"
2016-17,ACT,Primary health care,Community health and other,Canadian Government,Premium rebates,"2,610.78","2,953.82"
2016-17,ACT,Primary health care,Community health and other,Non-government,Health insurance funds,"7,071.77","8,000.95"
2016-17,ACT,Primary health care,Community health and other,Non-government,Other source of funds,"3,240.93","3,666.76"
2016-17,ACT,Primary health care,Community health and other,State and local government,State and local government,"23,77,47,262.09","26,89,85,493.98"
2016-17,ACT,Primary health care,Dental services,Canadian Government,Department of Veterans' Affairs,"8,92,048.68","9,72,599.49"
2016-17,ACT,Primary health care,Dental services,Canadian Government,DoHAC and other,"32,03,543.55","34,92,818.32"
2016-17,ACT,Primary health care,Dental services,Canadian Government,Premium rebates,"1,23,04,502.52","1,34,15,582.83"
2016-17,ACT,Primary health care,Dental services,Non-government,Health insurance funds,"3,33,28,932.03","3,63,38,490.53"
2016-17,ACT,Primary health care,Dental services,Non-government,Individuals,"12,04,00,271.63","13,12,72,256.99"
2016-17,ACT,Primary health care,Dental services,Non-government,Other source of funds,"2,74,755.72","2,99,565.80"
2016-17,ACT,Primary health care,Dental services,State and local government,State and local government,"1,27,32,910.95","1,38,82,675.98"
2016-17,ACT,Primary health care,Other health practitioners,Canadian Government,Department of Veterans' Affairs,"2,13,98,073.04","2,43,21,175.31"
2016-17,ACT,Primary health care,Other health practitioners,Canadian Government,DoHAC and other,"2,08,54,739.65","2,37,03,619.39"
2016-17,ACT,Primary health care,Other health practitioners,Canadian Government,Premium rebates,"45,86,967.88","52,13,574.59"
2016-17,ACT,Primary health care,Other health practitioners,Non-government,Health insurance funds,"1,24,24,617.78","1,41,21,893.43"
2016-17,ACT,Primary health care,Other health practitioners,Non-government,Individuals,"4,72,25,175.35","5,36,76,411.26"
2016-17,ACT,Primary health care,Other health practitioners,Non-government,Other source of funds,"91,70,168.97","1,04,22,867.83"
2016-17,ACT,Primary health care,Other health practitioners,State and local government,State and local government,"21,45,389.30","24,38,462.06"
2016-17,ACT,Primary health care,Public health,Canadian Government,DoHAC and other,"2,26,41,615.26","2,48,18,663.95"
2016-17,ACT,Primary health care,Public health,State and local government,State and local government,"2,91,32,193.43","3,18,98,362.63"
2016-17,ACT,Primary health care,Unreferred medical services,Canadian Government,Department of Veterans' Affairs,"1,13,24,556.19","1,25,04,721.48"
2016-17,ACT,Primary health care,Unreferred medical services,Canadian Government,DoHAC and other,"11,91,82,024.04","13,15,89,800.81"
2016-17,ACT,Primary health care,Unreferred medical services,Non-government,Individuals,"3,14,79,422.01","3,47,59,985.10"
2016-17,ACT,Primary health care,Unreferred medical services,Non-government,Other source of funds,"1,92,28,128.20","2,12,31,947.95"
2016-17,ACT,Referred medical services,Referred medical services,Canadian Government,Department of Veterans' Affairs,"3,20,95,352.30","3,54,40,103.29"
2016-17,ACT,Referred medical services,Referred medical services,Canadian Government,DoHAC and other,"16,97,19,684.41","18,74,06,671.53"
2016-17,ACT,Referred medical services,Referred medical services,Canadian Government,Premium rebates,"62,69,514.12","69,22,878.61"
2016-17,ACT,Referred medical services,Referred medical services,Non-government,Health insurance funds,"1,69,82,093.32","1,87,51,847.17"
2016-17,ACT,Referred medical services,Referred medical services,Non-government,Individuals,"7,56,09,565.48","8,34,89,060.52"
2016-17,ACT,Research,Research,Canadian Government,Department of Veterans' Affairs,"17,28,657.00","19,55,789.74"
2016-17,ACT,Research,Research,Canadian Government,DoHAC and other,"9,41,09,319.09","10,64,74,587.60"
2016-17,ACT,Research,Research,Non-government,Individuals,"1,31,693.96","1,48,997.57"
2016-17,ACT,Research,Research,Non-government,Other source of funds,"53,48,164.71","60,50,874.00"
2016-17,ACT,Research,Research,State and local government,State and local government,"3,61,17,437.22","4,08,63,001.36"
2016-17,NSW,Capital expenditure,Capital expenditure,Canadian Government,DoHAC and other,"2,84,85,687.03","3,02,04,851.76"
2016-17,NSW,Capital expenditure,Capital expenditure,Non-government,Other source of funds,"1,42,93,97,430.27","1,62,45,46,301.14"
2016-17,NSW,Capital expenditure,Capital expenditure,State and local government,State and local government,"1,28,10,00,000.00","1,42,94,42,199.10"
2016-17,NSW,Hospitals,Private hospitals,Canadian Government,Department of Veterans' Affairs,"20,53,15,284.90","23,01,98,689.52"
2016-17,NSW,Hospitals,Private hospitals,Canadian Government,DoHAC and other,"8,18,35,899.62","9,17,40,804.96"
2016-17,NSW,Hospitals,Private hospitals,Canadian Government,Premium rebates,"90,32,35,201.15","1,01,27,03,753.33"
2016-17,NSW,Hospitals,Private hospitals,Non-government,Health insurance funds,"2,44,66,90,738.33","2,74,32,20,028.18"
2016-17,NSW,Hospitals,Private hospitals,Non-government,Individuals,"32,22,56,044.77","36,13,12,209.33"
2016-17,NSW,Hospitals,Private hospitals,Non-government,Other source of funds,"36,19,18,730.85","40,57,81,856.89"
2016-17,NSW,Hospitals,Public hospital services,Canadian Government,Department of Veterans' Affairs,"30,26,90,090.50","33,93,74,938.39"
2016-17,NSW,Hospitals,Public hospital services,Canadian Government,DoHAC and other,"6,58,42,05,769.62","7,38,19,56,669.56"
2016-17,NSW,Hospitals,Public hospital services,Canadian Government,Premium rebates,"17,59,45,297.65","19,72,69,175.39"
2016-17,NSW,Hospitals,Public hospital services,Non-government,Health insurance funds,"47,66,02,029.76","53,43,64,320.35"
2016-17,NSW,Hospitals,Public hospital services,Non-government,Individuals,"30,50,38,779.96","34,20,08,279.77"
2016-17,NSW,Hospitals,Public hospital services,Non-government,Other source of funds,"84,91,84,127.09","95,21,01,901.78"
2016-17,NSW,Hospitals,Public hospital services,State and local government,State and local government,"8,10,51,28,962.52","9,08,74,38,699.39"
2016-17,NSW,Medical expenses tax rebate,Medical expenses tax rebate,Canadian Government,DoHAC and other,"1,56,33,300.00","1,76,20,318.72"
2016-17,NSW,Medical expenses tax rebate,Medical expenses tax rebate,Non-government,Individuals,"-1,56,33,300.00","-1,76,20,318.72"
2016-17,NSW,Other services,Administration,Canadian Government,Department of Veterans' Affairs,0,0
2016-17,NSW,Other services,Administration,Canadian Government,DoHAC and other,"53,93,61,308.42","60,73,23,190.82"
2016-17,NSW,Other services,Administration,Canadian Government,Premium rebates,"17,29,90,539.45","19,49,77,927.87"
2016-17,NSW,Other services,Administration,Non-government,Health insurance funds,"46,85,75,622.87","52,81,32,372.39"
2016-17,NSW,Other services,Aids and appliances,Canadian Government,Department of Veterans' Affairs,"3,37,000.00","3,70,211.92"
2016-17,NSW,Other services,Aids and appliances,Canadian Government,DoHAC and other,"19,20,93,105.77","21,10,24,208.20"
2016-17,NSW,Other services,Aids and appliances,Canadian Government,Premium rebates,"8,61,34,811.84","9,46,23,544.10"
2016-17,NSW,Other services,Aids and appliances,Non-government,Health insurance funds,"23,33,11,447.18","25,63,04,687.29"
2016-17,NSW,Other services,Aids and appliances,Non-government,Individuals,"55,40,80,102.96","60,86,85,639.88"
2016-17,NSW,Other services,Aids and appliances,Non-government,Other source of funds,"72,88,300.84","80,06,575.29"
2016-17,NSW,Other services,Patient transport services,Canadian Government,Department of Veterans' Affairs,"8,02,69,452.55","8,99,97,794.34"
2016-17,NSW,Other services,Patient transport services,Canadian Government,DoHAC and other,"52,59,067.38","58,96,445.65"
2016-17,NSW,Other services,Patient transport services,Canadian Government,Premium rebates,"5,06,21,836.29","5,67,57,003.65"
2016-17,NSW,Other services,Patient transport services,Non-government,Health insurance funds,"13,71,18,240.95","15,37,36,432.20"
2016-17,NSW,Other services,Patient transport services,Non-government,Individuals,"4,99,70,910.70","5,60,27,188.45"
2016-17,NSW,Other services,Patient transport services,Non-government,Other source of funds,"4,58,24,613.39","5,13,78,376.21"
2016-17,NSW,Other services,Patient transport services,State and local government,State and local government,"68,91,81,216.69","77,27,07,268.25"
2016-17,NSW,Primary health care,All other medications,Canadian Government,DoHAC and other,"20,92,82,819.48","21,94,21,201.85"
2016-17,NSW,Primary health care,All other medications,Canadian Government,Premium rebates,"58,21,346.70","60,86,271.68"
2016-17,NSW,Primary health care,All other medications,Non-government,Health insurance funds,"1,57,68,152.19","1,64,85,748.60"
2016-17,NSW,Primary health care,All other medications,Non-government,Individuals,"3,34,11,52,578.80","3,49,43,12,761.07"
2016-17,NSW,Primary health care,All other medications,Non-government,Other source of funds,"76,53,403.14","80,01,703.60"
2016-17,NSW,Primary health care,Benefit-paid pharmaceuticals,Canadian Government,Department of Veterans' Affairs,"10,72,94,039.10","11,24,40,268.52"
2016-17,NSW,Primary health care,Benefit-paid pharmaceuticals,Canadian Government,DoHAC and other,"3,35,23,08,300.01","3,52,22,84,659.79"
2016-17,NSW,Primary health care,Benefit-paid pharmaceuticals,Non-government,Individuals,"45,98,23,656.91","48,18,78,545.07"
2016-17,NSW,Primary health care,Community health and other,Canadian Government,Department of Veterans' Affairs,"30,000.00","33,813.05"
2016-17,NSW,Primary health care,Community health and other,Canadian Government,DoHAC and other,"29,45,65,884.02","33,22,10,359.71"
2016-17,NSW,Primary health care,Community health and other,Canadian Government,Premium rebates,"73,046.70","82,331.06"
2016-17,NSW,Primary health care,Community health and other,Non-government,Health insurance funds,"1,97,859.96","2,23,008.30"
2016-17,NSW,Primary health care,Community health and other,Non-government,Individuals,"16,79,31,791.17","18,92,76,204.19"
2016-17,NSW,Primary health care,Community health and other,Non-government,Other source of funds,"11,23,35,008.19","12,66,12,976.61"
2016-17,NSW,Primary health care,Community health and other,State and local government,State and local government,"1,71,84,72,314.47","1,93,68,93,035.03"
2016-17,NSW,Primary health care,Dental services,Canadian Government,Department of Veterans' Affairs,"2,45,50,803.90","2,67,67,709.04"
2016-17,NSW,Primary health care,Dental services,Canadian Government,DoHAC and other,"19,29,06,448.03","21,03,25,620.60"
2016-17,NSW,Primary health care,Dental services,Canadian Government,Premium rebates,"21,70,61,247.41","23,66,61,591.11"
2016-17,NSW,Primary health care,Dental services,Non-government,Health insurance funds,"58,79,48,968.39","64,10,39,982.98"
2016-17,NSW,Primary health care,Dental services,Non-government,Individuals,"1,65,72,88,814.57","1,80,69,39,803.64"
2016-17,NSW,Primary health care,Dental services,Non-government,Other source of funds,"1,19,78,478.81","1,30,60,119.61"
2016-17,NSW,Primary health care,Dental services,State and local government,State and local government,"24,54,55,604.44","26,76,19,921.04"
2016-17,NSW,Primary health care,Other health practitioners,Canadian Government,Department of Veterans' Affairs,"6,16,22,485.79","7,00,40,478.73"
2016-17,NSW,Primary health care,Other health practitioners,Canadian Government,DoHAC and other,"50,36,71,618.95","57,24,76,115.88"
2016-17,NSW,Primary health care,Other health practitioners,Canadian Government,Premium rebates,"9,69,17,421.18","11,01,56,909.28"
2016-17,NSW,Primary health care,Other health practitioners,Non-government,Health insurance funds,"26,25,18,061.05","29,83,79,567.73"
2016-17,NSW,Primary health care,Other health practitioners,Non-government,Individuals,"70,06,52,586.14","79,63,65,838.39"
2016-17,NSW,Primary health care,Other health practitioners,Non-government,Other source of funds,"11,35,57,460.11","12,90,70,075.12"
2016-17,NSW,Primary health care,Public health,Canadian Government,DoHAC and other,"39,68,50,159.26","44,50,24,866.26"
2016-17,NSW,Primary health care,Public health,Non-government,Other source of funds,"14,11,97,893.85","15,83,10,522.97"
2016-17,NSW,Primary health care,Public health,State and local government,State and local government,"35,59,31,439.22","39,90,68,929.07"
2016-17,NSW,Primary health care,Unreferred medical services,Canadian Government,Department of Veterans' Affairs,"3,94,68,653.55","4,46,88,317.56"
2016-17,NSW,Primary health care,Unreferred medical services,Canadian Government,DoHAC and other,"3,02,33,26,940.38","3,42,29,98,406.90"
2016-17,NSW,Primary health care,Unreferred medical services,Non-government,Individuals,"19,66,02,200.74","22,26,02,515.89"
2016-17,NSW,Primary health care,Unreferred medical services,Non-government,Other source of funds,"61,41,43,805.30","69,53,63,305.52"
2016-17,NSW,Referred medical services,Referred medical services,Canadian Government,Department of Veterans' Affairs,"15,69,25,839.90","17,76,79,022.10"
2016-17,NSW,Referred medical services,Referred medical services,Canadian Government,DoHAC and other,"4,59,91,41,427.47","5,20,73,70,257.48"
2016-17,NSW,Referred medical services,Referred medical services,Canadian Government,Premium rebates,"17,76,48,602.66","20,11,42,335.89"
2016-17,NSW,Referred medical services,Referred medical services,Non-government,Health insurance funds,"48,11,92,815.01","54,48,29,767.14"
2016-17,NSW,Referred medical services,Referred medical services,Non-government,Individuals,"1,18,31,78,501.18","1,33,96,51,896.66"
2016-17,NSW,Research,Research,Canadian Government,Department of Veterans' Affairs,980,"1,104.56"
2016-17,NSW,Research,Research,Canadian Government,DoHAC and other,"1,35,37,57,165.91","1,52,58,21,977.86"
2016-17,NSW,Research,Research,Non-government,Individuals,"7,80,605.73","8,79,822.03"
2016-17,NSW,Research,Research,Non-government,Other source of funds,"14,44,67,049.98","16,28,29,054.94"
2016-17,NSW,Research,Research,State and local government,State and local government,"13,69,47,395.92","15,43,53,640.20"
2016-17,NT,Capital expenditure,Capital expenditure,Canadian Government,DoHAC and other,"25,73,473.31","26,01,729.80"
2016-17,NT,Capital expenditure,Capital expenditure,Non-government,Other source of funds,"2,10,10,119.00","2,41,67,786.02"
2016-17,NT,Capital expenditure,Capital expenditure,State and local government,State and local government,"18,00,00,000.00","19,96,49,110.01"
2016-17,NT,Hospitals,Private hospitals,Canadian Government,Department of Veterans' Affairs,"16,27,016.13","18,38,424.23"
2016-17,NT,Hospitals,Private hospitals,Canadian Government,DoHAC and other,"1,04,255.35","1,16,985.74"
2016-17,NT,Hospitals,Private hospitals,Canadian Government,Premium rebates,"1,39,79,956.79","1,57,96,457.54"
2016-17,NT,Hospitals,Private hospitals,Non-government,Health insurance funds,"3,78,69,018.80","4,27,89,570.56"
2016-17,NT,Hospitals,Private hospitals,Non-government,Individuals,"2,71,32,593.33","3,06,58,096.08"
2016-17,NT,Hospitals,Private hospitals,Non-government,Other source of funds,"78,30,415.81","88,47,869.33"
2016-17,NT,Hospitals,Public hospital services,Canadian Government,Department of Veterans' Affairs,"1,520.00","1,717.50"
2016-17,NT,Hospitals,Public hospital services,Canadian Government,DoHAC and other,"27,72,93,835.00","31,33,10,242.86"
2016-17,NT,Hospitals,Public hospital services,Canadian Government,Premium rebates,"12,70,543.61","14,35,633.07"
2016-17,NT,Hospitals,Public hospital services,Non-government,Health insurance funds,"34,41,658.71","38,88,854.34"
2016-17,NT,Hospitals,Public hospital services,Non-government,Individuals,"70,44,619.29","79,59,969.49"
2016-17,NT,Hospitals,Public hospital services,Non-government,Other source of funds,"2,38,86,573.45","2,69,90,301.11"
2016-17,NT,Hospitals,Public hospital services,State and local government,State and local government,"48,69,05,771.66","55,01,72,397.77"
2016-17,NT,Medical expenses tax rebate,Medical expenses tax rebate,Canadian Government,DoHAC and other,"1,80,400.00","2,04,103.23"
2016-17,NT,Medical expenses tax rebate,Medical expenses tax rebate,Non-government,Individuals,"-1,80,400.00","-2,04,103.23"
2016-17,NT,Other services,Administration,Canadian Government,Department of Veterans' Affairs,0,0
2016-17,NT,Other services,Administration,Canadian Government,DoHAC and other,"2,03,61,074.38","2,30,03,443.37"
2016-17,NT,Other services,Administration,Canadian Government,Premium rebates,"29,66,486.41","33,56,260.79"
2016-17,NT,Other services,Administration,Non-government,Health insurance funds,"80,35,255.70","90,91,028.87"
2016-17,NT,Other services,Administration,Non-government,Individuals,"3,57,362.41","4,04,317.19"
2016-17,NT,Other services,Administration,Non-government,Other source of funds,"1,62,586.27","1,83,948.90"
2016-17,NT,Other services,Administration,State and local government,State and local government,"10,08,97,508.51","11,41,54,694.90"
2016-17,NT,Other services,Aids and appliances,Canadian Government,Department of Veterans' Affairs,0,0
2016-17,NT,Other services,Aids and appliances,Canadian Government,DoHAC and other,"46,34,329.99","50,91,051.09"
2016-17,NT,Other services,Aids and appliances,Canadian Government,Premium rebates,"19,63,933.79","21,57,482.80"
2016-17,NT,Other services,Aids and appliances,Non-government,Health insurance funds,"53,19,663.72","58,43,925.64"
2016-17,NT,Other services,Aids and appliances,Non-government,Individuals,"1,69,28,385.91","1,85,96,707.14"
2016-17,NT,Other services,Aids and appliances,Non-government,Other source of funds,"18,13,373.07","19,92,084.07"
2016-17,NT,Other services,Patient transport services,Canadian Government,Department of Veterans' Affairs,0,0
2016-17,NT,Other services,Patient transport services,Canadian Government,DoHAC and other,"1,38,13,537.14","1,56,08,413.97"
2016-17,NT,Other services,Patient transport services,Canadian Government,Premium rebates,"3,19,789.71","3,61,341.93"
2016-17,NT,Other services,Patient transport services,Non-government,Health insurance funds,"8,66,207.25","9,78,758.83"
2016-17,NT,Other services,Patient transport services,Non-government,Individuals,"2,58,971.80","2,92,621.58"
2016-17,NT,Other services,Patient transport services,Non-government,Other source of funds,"38,41,578.77","43,40,738.45"
2016-17,NT,Other services,Patient transport services,State and local government,State and local government,"10,49,69,186.79","11,86,08,471.19"
2016-17,NT,Primary health care,All other medications,Canadian Government,DoHAC and other,"82,38,781.77","85,26,953.02"
2016-17,NT,Primary health care,All other medications,Canadian Government,Premium rebates,"74,445.41","77,454.63"
2016-17,NT,Primary health care,All other medications,Non-government,Health insurance funds,"2,01,648.62","2,09,799.62"
2016-17,NT,Primary health care,All other medications,Non-government,Individuals,"4,81,85,548.67","5,02,09,642.02"
2016-17,NT,Primary health care,All other medications,Non-government,Other source of funds,"2,47,898.73","2,57,919.24"
2016-17,NT,Primary health care,Benefit-paid pharmaceuticals,Canadian Government,Department of Veterans' Affairs,"4,97,602.85","5,21,469.78"
2016-17,NT,Primary health care,Benefit-paid pharmaceuticals,Canadian Government,DoHAC and other,"5,36,29,529.86","5,61,50,067.66"
2016-17,NT,Primary health care,Benefit-paid pharmaceuticals,Non-government,Individuals,"60,94,199.71","63,86,500.67"
2016-17,NT,Primary health care,Community health and other,Canadian Government,Department of Veterans' Affairs,0,0
2016-17,NT,Primary health care,Community health and other,Canadian Government,DoHAC and other,"8,98,72,052.55","10,15,92,307.81"
2016-17,NT,Primary health care,Community health and other,Canadian Government,Premium rebates,673.02,761.45
2016-17,NT,Primary health care,Community health and other,Non-government,Health insurance funds,"1,822.98","2,062.51"
2016-17,NT,Primary health care,Community health and other,Non-government,Individuals,"3,92,808.70","4,44,420.86"
2016-17,NT,Primary health care,Community health and other,Non-government,Other source of funds,"55,37,261.15","62,64,816.31"
2016-17,NT,Primary health care,Community health and other,State and local government,State and local government,"34,16,42,070.02","38,65,31,311.29"
2016-17,NT,Primary health care,Dental services,Canadian Government,Department of Veterans' Affairs,"2,75,868.88","3,00,779.48"
2016-17,NT,Primary health care,Dental services,Canadian Government,DoHAC and other,"16,51,848.73","18,01,008.40"
2016-17,NT,Primary health care,Dental services,Canadian Government,Premium rebates,"50,61,228.28","55,18,250.50"
2016-17,NT,Primary health care,Dental services,Non-government,Health insurance funds,"1,37,09,236.35","1,49,47,162.27"
2016-17,NT,Primary health care,Dental services,Non-government,Individuals,"8,19,51,850.10","8,93,51,993.83"
2016-17,NT,Primary health care,Dental services,Non-government,Other source of funds,"3,62,053.72","3,94,746.69"
2016-17,NT,Primary health care,Dental services,State and local government,State and local government,"1,64,43,241.70","1,79,28,044.68"
2016-17,NT,Primary health care,Other health practitioners,Canadian Government,Department of Veterans' Affairs,"5,44,605.04","6,19,001.28"
2016-17,NT,Primary health care,Other health practitioners,Canadian Government,DoHAC and other,"81,17,278.62","92,26,146.48"
2016-17,NT,Primary health care,Other health practitioners,Canadian Government,Premium rebates,"20,61,492.95","23,43,104.97"
2016-17,NT,Primary health care,Other health practitioners,Non-government,Health insurance funds,"55,83,920.04","63,46,716.27"
2016-17,NT,Primary health care,Other health practitioners,Non-government,Individuals,"3,43,67,007.90","3,90,61,742.73"
2016-17,NT,Primary health care,Other health practitioners,Non-government,Other source of funds,"71,20,906.73","80,93,664.35"
2016-17,NT,Primary health care,Other health practitioners,State and local government,State and local government,"6,57,020.20","7,46,773.02"
2016-17,NT,Primary health care,Public health,Canadian Government,DoHAC and other,"2,62,00,161.10","2,96,05,008.27"
2016-17,NT,Primary health care,Public health,Non-government,Individuals,"29,154.27","32,942.47"
2016-17,NT,Primary health care,Public health,Non-government,Other source of funds,"11,63,031.44","13,14,151.18"
2016-17,NT,Primary health care,Public health,State and local government,State and local government,"7,37,47,468.85","8,33,29,925.68"
2016-17,NT,Primary health care,Unreferred medical services,Canadian Government,Department of Veterans' Affairs,"4,44,823.33","4,71,849.54"
2016-17,NT,Primary health care,Unreferred medical services,Canadian Government,DoHAC and other,"23,95,64,644.84","25,41,33,804.49"
2016-17,NT,Primary health care,Unreferred medical services,Non-government,Individuals,"54,00,802.58","57,28,940.21"
2016-17,NT,Primary health care,Unreferred medical services,Non-government,Other source of funds,"1,53,53,872.32","1,62,86,730.57"
2016-17,NT,Referred medical services,Referred medical services,Canadian Government,Department of Veterans' Affairs,"24,04,842.82","25,50,954.33"
2016-17,NT,Referred medical services,Referred medical services,Canadian Government,DoHAC and other,"7,33,51,357.87","7,78,07,980.81"
2016-17,NT,Referred medical services,Referred medical services,Canadian Government,Premium rebates,"26,36,456.81","27,96,640.54"
2016-17,NT,Referred medical services,Referred medical services,Non-government,Health insurance funds,"71,41,311.86","75,75,197.96"
2016-17,NT,Referred medical services,Referred medical services,Non-government,Individuals,"1,33,09,455.65","1,41,18,100.88"
2016-17,NT,Research,Research,Canadian Government,Department of Veterans' Affairs,0,0
2016-17,NT,Research,Research,Canadian Government,DoHAC and other,"1,99,53,478.35","2,25,75,217.83"
2016-17,NT,Research,Research,Non-government,Individuals,602.58,681.75
2016-17,NT,Research,Research,Non-government,Other source of funds,"12,00,846.01","13,58,628.29"
2016-17,NT,Research,Research,State and local government,State and local government,"1,03,38,992.61","1,16,97,459.77"
2016-17,Qld,Capital expenditure,Capital expenditure,Canadian Government,DoHAC and other,"1,45,53,435.15","1,53,02,713.04"
2016-17,Qld,Capital expenditure,Capital expenditure,Non-government,Other source of funds,"1,56,90,12,598.92","1,81,06,41,730.40"
2016-17,Qld,Capital expenditure,Capital expenditure,State and local government,State and local government,"1,11,40,00,000.00","1,23,41,64,993.15"
2016-17,Qld,Hospitals,Private hospitals,Canadian Government,Department of Veterans' Affairs,"27,97,54,538.20","31,48,28,407.75"
2016-17,Qld,Hospitals,Private hospitals,Canadian Government,DoHAC and other,"9,82,76,989.11","11,05,88,238.44"
2016-17,Qld,Hospitals,Private hospitals,Canadian Government,Premium rebates,"64,44,56,882.86","72,52,54,845.20"
2016-17,Qld,Hospitals,Private hospitals,Non-government,Health insurance funds,"1,74,57,09,959.65","1,96,45,76,126.39"
2016-17,Qld,Hospitals,Private hospitals,Non-government,Individuals,"49,92,29,541.44","56,18,19,810.49"
2016-17,Qld,Hospitals,Private hospitals,Non-government,Other source of funds,"23,77,10,077.85","26,75,12,676.65"
2016-17,Qld,Hospitals,Private hospitals,State and local government,State and local government,"11,15,70,000.00","12,55,57,946.90"
2016-17,Qld,Hospitals,Public hospital services,Canadian Government,Department of Veterans' Affairs,"8,07,02,232.89","9,08,20,172.74"
2016-17,Qld,Hospitals,Public hospital services,Canadian Government,DoHAC and other,"4,48,21,14,821.29","5,04,38,80,149.49"
2016-17,Qld,Hospitals,Public hospital services,Canadian Government,Premium rebates,"4,62,17,392.56","5,20,11,839.39"
2016-17,Qld,Hospitals,Public hospital services,Non-government,Health insurance funds,"12,51,94,042.67","14,08,90,086.61"
2016-17,Qld,Hospitals,Public hospital services,Non-government,Individuals,"36,43,68,963.63","41,00,51,259.20"
2016-17,Qld,Hospitals,Public hospital services,Non-government,Other source of funds,"51,92,30,160.93","58,43,27,982.22"
2016-17,Qld,Hospitals,Public hospital services,State and local government,State and local government,"5,17,49,19,182.34","5,82,37,18,095.57"
2016-17,Qld,Medical expenses tax rebate,Medical expenses tax rebate,Canadian Government,DoHAC and other,"75,23,500.00","85,11,185.66"
2016-17,Qld,Medical expenses tax rebate,Medical expenses tax rebate,Non-government,Individuals,"-75,23,500.00","-85,11,185.66"
2016-17,Qld,Other services,Administration,Canadian Government,Department of Veterans' Affairs,0,0
2016-17,Qld,Other services,Administration,Canadian Government,DoHAC and other,"33,71,56,934.53","38,09,77,370.18"
2016-17,Qld,Other services,Administration,Canadian Government,Premium rebates,"11,19,52,207.81","12,66,49,302.26"
2016-17,Qld,Other services,Administration,Non-government,Health insurance funds,"30,32,42,452.87","34,30,52,145.40"
2016-17,Qld,Other services,Administration,State and local government,State and local government,"25,51,10,371.10","28,86,01,280.23"
2016-17,Qld,Other services,Aids and appliances,Canadian Government,Department of Veterans' Affairs,"3,27,000.00","3,59,226.41"
2016-17,Qld,Other services,Aids and appliances,Canadian Government,DoHAC and other,"11,72,67,547.95","12,88,24,464.33"
2016-17,Qld,Other services,Aids and appliances,Canadian Government,Premium rebates,"5,17,99,805.13","5,69,04,764.07"
2016-17,Qld,Other services,Aids and appliances,Non-government,Health insurance funds,"14,03,08,978.94","15,41,36,667.55"
2016-17,Qld,Other services,Aids and appliances,Non-government,Individuals,"56,19,55,597.36","61,73,37,277.65"
2016-17,Qld,Other services,Aids and appliances,Non-government,Other source of funds,"1,09,96,092.91","1,20,79,776.58"
2016-17,Qld,Other services,Patient transport services,Canadian Government,Department of Veterans' Affairs,"2,52,15,057.81","2,83,76,363.63"
2016-17,Qld,Other services,Patient transport services,Canadian Government,DoHAC and other,"1,86,54,951.94","2,09,93,792.82"
2016-17,Qld,Other services,Patient transport services,Canadian Government,Premium rebates,"1,01,902.60","1,14,678.50"
2016-17,Qld,Other services,Patient transport services,Non-government,Health insurance funds,"2,76,021.29","3,10,627.11"
2016-17,Qld,Other services,Patient transport services,Non-government,Other source of funds,"14,27,507.80","16,06,479.78"
2016-17,Qld,Other services,Patient transport services,State and local government,State and local government,"81,25,34,989.26","91,44,05,530.50"
2016-17,Qld,Primary health care,All other medications,Canadian Government,DoHAC and other,"13,11,46,039.35","13,85,57,400.39"
2016-17,Qld,Primary health care,All other medications,Canadian Government,Premium rebates,"33,15,635.60","35,06,944.18"
2016-17,Qld,Primary health care,All other medications,Non-government,Health insurance funds,"89,80,988.35","94,99,181.64"
2016-17,Qld,Primary health care,All other medications,Non-government,Individuals,"1,93,19,44,794.71","2,04,05,78,484.95"
2016-17,Qld,Primary health care,All other medications,Non-government,Other source of funds,"1,13,12,014.70","1,19,64,705.68"
2016-17,Qld,Primary health care,Benefit-paid pharmaceuticals,Canadian Government,Department of Veterans' Affairs,"7,13,57,977.32","7,47,80,576.80"
2016-17,Qld,Primary health care,Benefit-paid pharmaceuticals,Canadian Government,DoHAC and other,"1,95,87,91,046.22","2,05,69,40,603.34"
2016-17,Qld,Primary health care,Benefit-paid pharmaceuticals,Non-government,Individuals,"28,32,20,525.30","29,68,04,856.85"
2016-17,Qld,Primary health care,Community health and other,Canadian Government,Department of Veterans' Affairs,0,0
2016-17,Qld,Primary health care,Community health and other,Canadian Government,DoHAC and other,"22,44,64,975.96","25,26,45,000.50"
2016-17,Qld,Primary health care,Community health and other,Canadian Government,Premium rebates,"30,992.32","35,060.99"
2016-17,Qld,Primary health care,Community health and other,Non-government,Health insurance funds,"83,948.19","94,968.92"
2016-17,Qld,Primary health care,Community health and other,Non-government,Individuals,"2,14,33,000.00","2,42,46,725.89"
2016-17,Qld,Primary health care,Community health and other,Non-government,Other source of funds,"1,60,12,835.14","1,81,15,001.36"
2016-17,Qld,Primary health care,Community health and other,State and local government,State and local government,"2,56,01,98,867.15","2,89,63,01,971.24"
2016-17,Qld,Primary health care,Dental services,Canadian Government,Department of Veterans' Affairs,"2,90,07,660.99","3,16,27,014.43"
2016-17,Qld,Primary health care,Dental services,Canadian Government,DoHAC and other,"6,56,15,216.75","7,15,40,174.50"
2016-17,Qld,Primary health care,Dental services,Canadian Government,Premium rebates,"14,31,38,559.31","15,60,63,782.00"
2016-17,Qld,Primary health care,Dental services,Non-government,Health insurance funds,"38,77,16,228.89","42,27,26,491.81"
2016-17,Qld,Primary health care,Dental services,Non-government,Individuals,"61,93,30,229.57","67,52,54,930.57"
2016-17,Qld,Primary health care,Dental services,Non-government,Other source of funds,"98,02,807.57","1,06,87,988.13"
2016-17,Qld,Primary health care,Dental services,State and local government,State and local government,"21,44,48,970.47","23,38,13,429.01"
2016-17,Qld,Primary health care,Other health practitioners,Canadian Government,Department of Veterans' Affairs,"7,63,90,783.16","8,68,26,212.13"
2016-17,Qld,Primary health care,Other health practitioners,Canadian Government,DoHAC and other,"31,82,80,871.27","36,17,59,904.84"
2016-17,Qld,Primary health care,Other health practitioners,Canadian Government,Premium rebates,"6,11,00,006.75","6,94,46,625.99"
2016-17,Qld,Primary health care,Other health practitioners,Non-government,Health insurance funds,"16,55,00,228.00","18,81,08,529.72"
2016-17,Qld,Primary health care,Other health practitioners,Non-government,Individuals,"54,80,63,627.80","62,29,32,333.48"
2016-17,Qld,Primary health care,Other health practitioners,Non-government,Other source of funds,"7,52,66,880.07","8,55,48,777.30"
2016-17,Qld,Primary health care,Public health,Canadian Government,DoHAC and other,"25,97,32,639.61","29,23,44,480.89"
2016-17,Qld,Primary health care,Public health,Non-government,Individuals,"1,70,50,000.00","1,91,87,622.07"
2016-17,Qld,Primary health care,Public health,State and local government,State and local government,"18,85,37,063.87","21,21,74,658.55"
2016-17,Qld,Primary health care,Unreferred medical services,Canadian Government,Department of Veterans' Affairs,"4,15,04,093.61","4,48,06,687.91"
2016-17,Qld,Primary health care,Unreferred medical services,Canadian Government,DoHAC and other,"2,03,26,70,933.59","2,19,45,26,187.06"
2016-17,Qld,Primary health care,Unreferred medical services,Non-government,Individuals,"16,06,20,812.63","17,34,01,850.19"
2016-17,Qld,Primary health care,Unreferred medical services,Non-government,Other source of funds,"16,57,29,880.96","17,89,17,461.06"
2016-17,Qld,Referred medical services,Referred medical services,Canadian Government,Department of Veterans' Affairs,"23,57,54,859.90","25,45,14,519.18"
2016-17,Qld,Referred medical services,Referred medical services,Canadian Government,DoHAC and other,"2,67,32,65,155.66","2,88,59,84,178.82"
2016-17,Qld,Referred medical services,Referred medical services,Canadian Government,Premium rebates,"12,27,02,549.59","13,24,66,327.20"
2016-17,Qld,Referred medical services,Referred medical services,Non-government,Health insurance funds,"33,23,61,664.31","35,88,08,591.37"
2016-17,Qld,Referred medical services,Referred medical services,Non-government,Individuals,"56,96,43,612.41","61,49,71,713.34"
2016-17,Qld,Research,Research,Canadian Government,Department of Veterans' Affairs,0,0
2016-17,Qld,Research,Research,Canadian Government,DoHAC and other,"85,40,30,612.41","96,61,47,816.86"
2016-17,Qld,Research,Research,Non-government,Other source of funds,"6,57,78,475.53","7,44,13,878.86"
2016-17,Qld,Research,Research,State and local government,State and local government,"22,09,49,648.83","24,99,55,935.71"
2016-17,SA,Capital expenditure,Capital expenditure,Canadian Government,DoHAC and other,"87,85,305.36","90,74,097.83"
2016-17,SA,Capital expenditure,Capital expenditure,Non-government,Other source of funds,"25,77,63,997.67","28,60,00,619.72"
2016-17,SA,Capital expenditure,Capital expenditure,State and local government,State and local government,"3,08,80,00,000.00","3,44,43,22,161.23"
2016-17,SA,Hospitals,Private hospitals,Canadian Government,Department of Veterans' Affairs,"4,21,53,772.06","4,77,15,844.62"
2016-17,SA,Hospitals,Private hospitals,Canadian Government,DoHAC and other,"3,36,04,967.04","3,80,34,285.94"
2016-17,SA,Hospitals,Private hospitals,Canadian Government,Premium rebates,"20,40,01,824.99","23,09,19,296.38"
2016-17,SA,Hospitals,Private hospitals,Non-government,Health insurance funds,"55,26,01,775.47","62,55,16,037.29"
2016-17,SA,Hospitals,Private hospitals,Non-government,Individuals,"10,62,82,569.08","12,03,06,257.41"
2016-17,SA,Hospitals,Private hospitals,Non-government,Other source of funds,"5,08,85,233.32","5,75,99,397.82"
2016-17,SA,Hospitals,Private hospitals,State and local government,State and local government,"1,95,95,000.00","2,21,80,505.56"
2016-17,SA,Hospitals,Public hospital services,Canadian Government,Department of Veterans' Affairs,"4,58,84,244.25","5,19,38,542.20"
2016-17,SA,Hospitals,Public hospital services,Canadian Government,DoHAC and other,"1,40,21,44,182.87","1,58,70,71,113.74"
2016-17,SA,Hospitals,Public hospital services,Canadian Government,Premium rebates,"2,05,27,980.55","2,32,36,590.28"
2016-17,SA,Hospitals,Public hospital services,Non-government,Health insurance funds,"5,56,06,357.91","6,29,43,461.63"
2016-17,SA,Hospitals,Public hospital services,Non-government,Individuals,"3,81,09,639.12","4,31,38,099.63"
2016-17,SA,Hospitals,Public hospital services,Non-government,Other source of funds,"16,84,50,889.13","19,06,77,513.76"
2016-17,SA,Hospitals,Public hospital services,State and local government,State and local government,"2,35,40,22,995.59","2,66,46,29,759.19"
2016-17,SA,Medical expenses tax rebate,Medical expenses tax rebate,Canadian Government,DoHAC and other,"19,10,600.00","21,79,824.29"
2016-17,SA,Medical expenses tax rebate,Medical expenses tax rebate,Non-government,Individuals,"-19,10,600.00","-21,79,824.29"
2016-17,SA,Other services,Administration,Canadian Government,Department of Veterans' Affairs,0,0
2016-17,SA,Other services,Administration,Canadian Government,DoHAC and other,"11,74,91,748.58","13,38,36,970.35"
2016-17,SA,Other services,Administration,Canadian Government,Premium rebates,"4,22,54,469.46","4,82,08,583.09"
2016-17,SA,Other services,Administration,Non-government,Health insurance funds,"11,44,53,740.72","13,05,81,515.74"
2016-17,SA,Other services,Aids and appliances,Canadian Government,Department of Veterans' Affairs,"1,06,000.00","1,16,446.48"
2016-17,SA,Other services,Aids and appliances,Canadian Government,DoHAC and other,"4,46,64,070.40","4,90,65,790.53"
2016-17,SA,Other services,Aids and appliances,Canadian Government,Premium rebates,"2,11,85,090.21","2,32,72,916.90"
2016-17,SA,Other services,Aids and appliances,Non-government,Health insurance funds,"5,73,83,582.22","6,30,38,831.88"
2016-17,SA,Other services,Aids and appliances,Non-government,Individuals,"17,32,40,380.03","19,03,13,514.26"
2016-17,SA,Other services,Aids and appliances,Non-government,Other source of funds,"2,50,95,016.83","2,75,68,173.44"
2016-17,SA,Other services,Patient transport services,Canadian Government,Department of Veterans' Affairs,"1,15,86,758.57","1,31,15,599.02"
2016-17,SA,Other services,Patient transport services,Canadian Government,DoHAC and other,"82,25,751.58","93,11,116.55"
2016-17,SA,Other services,Patient transport services,Canadian Government,Premium rebates,"98,75,457.51","1,11,78,496.56"
2016-17,SA,Other services,Patient transport services,Non-government,Health insurance funds,"2,67,49,431.89","3,02,78,944.77"
2016-17,SA,Other services,Patient transport services,Non-government,Individuals,"9,33,27,882.86","10,56,42,236.50"
2016-17,SA,Other services,Patient transport services,Non-government,Other source of funds,"1,33,82,520.76","1,51,48,307.02"
2016-17,SA,Other services,Patient transport services,State and local government,State and local government,"20,18,92,235.25","22,85,31,352.16"
2016-17,SA,Primary health care,All other medications,Canadian Government,DoHAC and other,"4,82,50,693.74","4,97,78,888.80"
2016-17,SA,Primary health care,All other medications,Canadian Government,Premium rebates,"16,00,766.85","16,50,967.15"
2016-17,SA,Primary health care,All other medications,Non-government,Health insurance funds,"43,35,961.52","44,71,937.96"
2016-17,SA,Primary health care,All other medications,Non-government,Individuals,"73,59,76,252.75","76,07,79,750.83"
2016-17,SA,Primary health care,All other medications,Non-government,Other source of funds,"35,52,154.75","36,63,550.88"
2016-17,SA,Primary health care,Benefit-paid pharmaceuticals,Canadian Government,Department of Veterans' Affairs,"2,38,31,849.90","2,49,74,915.89"
2016-17,SA,Primary health care,Benefit-paid pharmaceuticals,Canadian Government,DoHAC and other,"72,87,19,444.49","76,50,80,462.90"
2016-17,SA,Primary health care,Benefit-paid pharmaceuticals,Non-government,Individuals,"11,21,69,540.91","11,75,49,617.91"
2016-17,SA,Primary health care,Community health and other,Canadian Government,Department of Veterans' Affairs,"18,000.00","20,536.40"
2016-17,SA,Primary health care,Community health and other,Canadian Government,DoHAC and other,"7,00,05,621.89","7,93,70,800.86"
2016-17,SA,Primary health care,Community health and other,Canadian Government,Premium rebates,"8,610.37","9,823.67"
2016-17,SA,Primary health care,Community health and other,Non-government,Health insurance funds,"23,322.73","26,609.15"
2016-17,SA,Primary health care,Community health and other,Non-government,Individuals,"1,66,70,668.20","1,90,19,746.39"
2016-17,SA,Primary health care,Community health and other,Non-government,Other source of funds,"3,35,37,439.91","3,82,63,229.41"
2016-17,SA,Primary health care,Community health and other,State and local government,State and local government,"69,59,58,054.72","79,40,26,102.66"
2016-17,SA,Primary health care,Dental services,Canadian Government,Department of Veterans' Affairs,"70,30,604.21","76,65,458.48"
2016-17,SA,Primary health care,Dental services,Canadian Government,DoHAC and other,"3,23,23,971.54","3,52,42,776.18"
2016-17,SA,Primary health care,Dental services,Canadian Government,Premium rebates,"6,06,81,665.05","6,61,61,139.19"
2016-17,SA,Primary health care,Dental services,Non-government,Health insurance funds,"16,43,67,075.16","17,92,09,204.76"
2016-17,SA,Primary health care,Dental services,Non-government,Individuals,"16,88,01,317.74","18,40,43,853.58"
2016-17,SA,Primary health care,Dental services,Non-government,Other source of funds,"84,50,464.02","92,13,529.75"
2016-17,SA,Primary health care,Dental services,State and local government,State and local government,"5,61,28,781.21","6,11,97,135.95"
2016-17,SA,Primary health care,Other health practitioners,Canadian Government,Department of Veterans' Affairs,"1,58,38,860.60","1,80,02,541.85"
2016-17,SA,Primary health care,Other health practitioners,Canadian Government,DoHAC and other,"11,85,48,753.91","13,47,43,208.92"
2016-17,SA,Primary health care,Other health practitioners,Canadian Government,Premium rebates,"3,04,32,874.03","3,45,90,183.10"
2016-17,SA,Primary health care,Other health practitioners,Non-government,Health insurance funds,"8,24,32,848.35","9,36,93,658.86"
2016-17,SA,Primary health care,Other health practitioners,Non-government,Individuals,"3,07,64,274.98","3,49,66,855.36"
2016-17,SA,Primary health care,Other health practitioners,Non-government,Other source of funds,"3,23,25,658.74","3,67,41,533.30"
2016-17,SA,Primary health care,Public health,Canadian Government,DoHAC and other,"9,05,79,322.07","10,25,57,126.01"
2016-17,SA,Primary health care,Public health,Non-government,Individuals,"20,67,171.28","23,39,928.76"
2016-17,SA,Primary health care,Public health,Non-government,Other source of funds,"48,74,078.97","55,17,200.09"
2016-17,SA,Primary health care,Public health,State and local government,State and local government,"10,38,41,166.90","11,75,42,719.02"
2016-17,SA,Primary health care,Unreferred medical services,Canadian Government,Department of Veterans' Affairs,"77,27,338.12","83,75,481.58"
2016-17,SA,Primary health care,Unreferred medical services,Canadian Government,DoHAC and other,"68,09,58,735.18","73,80,90,499.02"
2016-17,SA,Primary health care,Unreferred medical services,Non-government,Individuals,"5,11,65,449.65","5,54,57,037.70"
2016-17,SA,Primary health care,Unreferred medical services,Non-government,Other source of funds,"6,55,94,756.78","7,10,96,627.21"
2016-17,SA,Referred medical services,Referred medical services,Canadian Government,Department of Veterans' Affairs,"4,29,10,277.57","4,65,09,449.19"
2016-17,SA,Referred medical services,Referred medical services,Canadian Government,DoHAC and other,"90,48,93,910.68","98,07,93,407.68"
2016-17,SA,Referred medical services,Referred medical services,Canadian Government,Premium rebates,"5,19,30,201.53","5,62,85,934.42"
2016-17,SA,Referred medical services,Referred medical services,Non-government,Health insurance funds,"14,06,62,180.74","15,24,60,457.47"
2016-17,SA,Referred medical services,Referred medical services,Non-government,Individuals,"14,05,16,544.22","15,23,02,605.44"
2016-17,SA,Research,Research,Canadian Government,Department of Veterans' Affairs,0,0
2016-17,SA,Research,Research,Canadian Government,DoHAC and other,"30,62,39,786.52","34,93,92,298.17"
2016-17,SA,Research,Research,Non-government,Individuals,"4,50,645.15","5,14,145.95"
2016-17,SA,Research,Research,Non-government,Other source of funds,"2,15,99,477.02","2,46,43,077.91"
2016-17,SA,Research,Research,State and local government,State and local government,"3,33,35,123.69","3,80,32,404.64"
2016-17,Tas,Capital expenditure,Capital expenditure,Canadian Government,DoHAC and other,"45,25,763.35","48,68,161.91"
2016-17,Tas,Capital expenditure,Capital expenditure,Non-government,Other source of funds,"8,37,37,513.02","9,98,11,879.86"
2016-17,Tas,Capital expenditure,Capital expenditure,State and local government,State and local government,"11,60,00,000.00","13,49,05,664.94"
2016-17,Tas,Hospitals,Private hospitals,Canadian Government,Department of Veterans' Affairs,"1,45,65,101.69","1,64,51,628.82"
2016-17,Tas,Hospitals,Private hospitals,Canadian Government,DoHAC and other,"51,79,123.11","58,49,159.92"
2016-17,Tas,Hospitals,Private hospitals,Canadian Government,Premium rebates,"7,02,96,019.20","7,94,01,025.81"
2016-17,Tas,Hospitals,Private hospitals,Non-government,Health insurance funds,"19,04,18,419.15","21,50,82,133.88"
2016-17,Tas,Hospitals,Private hospitals,Non-government,Individuals,"4,29,19,544.97","4,84,78,646.96"
2016-17,Tas,Hospitals,Private hospitals,Non-government,Other source of funds,"2,59,67,147.28","2,93,30,510.53"
2016-17,Tas,Hospitals,Private hospitals,State and local government,State and local government,"3,57,00,000.00","4,03,23,999.19"
2016-17,Tas,Hospitals,Public hospital services,Canadian Government,Department of Veterans' Affairs,"1,35,35,860.71","1,52,89,076.65"
2016-17,Tas,Hospitals,Public hospital services,Canadian Government,DoHAC and other,"57,46,21,584.65","64,49,37,162.51"
2016-17,Tas,Hospitals,Public hospital services,Canadian Government,Premium rebates,"74,86,844.89","84,56,569.39"
2016-17,Tas,Hospitals,Public hospital services,Non-government,Health insurance funds,"2,02,80,425.32","2,29,07,222.81"
2016-17,Tas,Hospitals,Public hospital services,Non-government,Individuals,"1,44,31,601.23","1,63,00,836.87"
2016-17,Tas,Hospitals,Public hospital services,Non-government,Other source of funds,"2,59,36,073.13","2,92,95,411.54"
2016-17,Tas,Hospitals,Public hospital services,State and local government,State and local government,"76,27,85,469.16","86,15,84,331.67"
2016-17,Tas,Medical expenses tax rebate,Medical expenses tax rebate,Canadian Government,DoHAC and other,"5,00,200.00","5,65,922.58"
2016-17,Tas,Medical expenses tax rebate,Medical expenses tax rebate,Non-government,Individuals,"-5,00,200.00","-5,65,922.58"
2016-17,Tas,Other services,Administration,Canadian Government,Department of Veterans' Affairs,0,0
2016-17,Tas,Other services,Administration,Canadian Government,DoHAC and other,"3,97,17,682.80","4,49,03,838.09"
2016-17,Tas,Other services,Administration,Canadian Government,Premium rebates,"1,23,80,951.31","1,40,07,716.74"
2016-17,Tas,Other services,Administration,Non-government,Health insurance funds,"3,35,36,007.17","3,79,42,390.49"
2016-17,Tas,Other services,Administration,Non-government,Individuals,"5,05,658.20","5,72,097.95"
2016-17,Tas,Other services,Administration,Non-government,Other source of funds,"6,12,817.55","6,93,337.25"
2016-17,Tas,Other services,Administration,State and local government,State and local government,"4,23,81,524.25","4,79,50,143.09"
2016-17,Tas,Other services,Aids and appliances,Canadian Government,Department of Veterans' Affairs,"10,000.00","10,985.52"
2016-17,Tas,Other services,Aids and appliances,Canadian Government,DoHAC and other,"1,39,04,564.05","1,52,74,882.49"
2016-17,Tas,Other services,Aids and appliances,Canadian Government,Premium rebates,"61,07,553.36","67,09,463.13"
2016-17,Tas,Other services,Aids and appliances,Non-government,Health insurance funds,"1,65,43,393.80","1,81,73,773.41"
2016-17,Tas,Other services,Aids and appliances,Non-government,Individuals,"5,65,37,617.73","6,21,09,496.16"
2016-17,Tas,Other services,Aids and appliances,Non-government,Other source of funds,"36,75,569.42","40,37,803.04"
2016-17,Tas,Other services,Patient transport services,Canadian Government,Department of Veterans' Affairs,"20,41,463.18","23,05,881.22"
2016-17,Tas,Other services,Patient transport services,Canadian Government,DoHAC and other,"14,03,106.22","15,84,841.85"
2016-17,Tas,Other services,Patient transport services,Canadian Government,Premium rebates,"42,788.59","48,330.73"
2016-17,Tas,Other services,Patient transport services,Non-government,Health insurance funds,"1,15,900.50","1,30,912.37"
2016-17,Tas,Other services,Patient transport services,Non-government,Individuals,"34,60,415.70","39,08,621.85"
2016-17,Tas,Other services,Patient transport services,Non-government,Other source of funds,"22,10,565.68","24,96,886.51"
2016-17,Tas,Other services,Patient transport services,State and local government,State and local government,"8,69,57,673.21","9,82,20,760.34"
2016-17,Tas,Primary health care,All other medications,Canadian Government,DoHAC and other,"1,68,01,245.48","1,76,60,496.30"
2016-17,Tas,Primary health care,All other medications,Canadian Government,Premium rebates,"5,01,649.08","5,24,288.72"
2016-17,Tas,Primary health care,All other medications,Non-government,Health insurance funds,"13,58,805.70","14,20,129.17"
2016-17,Tas,Primary health care,All other medications,Non-government,Individuals,"29,98,03,842.39","31,34,21,108.05"
2016-17,Tas,Primary health care,All other medications,Non-government,Other source of funds,"57,74,900.74","60,35,524.45"
2016-17,Tas,Primary health care,Benefit-paid pharmaceuticals,Canadian Government,Department of Veterans' Affairs,"91,18,771.68","95,56,142.58"
2016-17,Tas,Primary health care,Benefit-paid pharmaceuticals,Canadian Government,DoHAC and other,"25,97,49,997.99","27,23,74,093.91"
2016-17,Tas,Primary health care,Benefit-paid pharmaceuticals,Non-government,Individuals,"3,70,29,859.05","3,88,05,951.66"
2016-17,Tas,Primary health care,Community health and other,Canadian Government,Department of Veterans' Affairs,"19,000.00","21,496.46"
2016-17,Tas,Primary health care,Community health and other,Canadian Government,DoHAC and other,"2,22,19,281.98","2,50,37,242.17"
2016-17,Tas,Primary health care,Community health and other,Canadian Government,Premium rebates,"2,593.41","2,934.16"
2016-17,Tas,Primary health care,Community health and other,Non-government,Health insurance funds,"7,024.70","7,947.70"
2016-17,Tas,Primary health care,Community health and other,Non-government,Individuals,"9,65,662.58","10,92,543.50"
2016-17,Tas,Primary health care,Community health and other,Non-government,Other source of funds,"13,56,808.87","15,35,083.52"
2016-17,Tas,Primary health care,Community health and other,State and local government,State and local government,"13,11,79,335.49","14,84,15,330.00"
2016-17,Tas,Primary health care,Dental services,Canadian Government,Department of Veterans' Affairs,"18,50,918.40","20,18,053.88"
2016-17,Tas,Primary health care,Dental services,Canadian Government,DoHAC and other,"50,98,540.91","55,58,932.26"
2016-17,Tas,Primary health care,Dental services,Canadian Government,Premium rebates,"1,37,17,108.70","1,49,55,745.48"
2016-17,Tas,Primary health care,Dental services,Non-government,Health insurance funds,"3,71,55,226.94","4,05,10,294.82"
2016-17,Tas,Primary health care,Dental services,Non-government,Individuals,"9,46,38,815.26","10,31,84,575.17"
2016-17,Tas,Primary health care,Dental services,Non-government,Other source of funds,"26,78,962.74","29,20,869.54"
2016-17,Tas,Primary health care,Dental services,State and local government,State and local government,"2,05,29,166.67","2,23,82,923.28"
2016-17,Tas,Primary health care,Other health practitioners,Canadian Government,Department of Veterans' Affairs,"46,91,027.32","53,31,849.16"
2016-17,Tas,Primary health care,Other health practitioners,Canadian Government,DoHAC and other,"3,45,54,320.56","3,92,74,643.39"
2016-17,Tas,Primary health care,Other health practitioners,Canadian Government,Premium rebates,"50,78,688.02","57,72,466.59"
2016-17,Tas,Primary health care,Other health practitioners,Non-government,Health insurance funds,"1,37,56,529.17","1,56,35,751.73"
2016-17,Tas,Primary health care,Other health practitioners,Non-government,Individuals,"4,50,83,253.56","5,12,41,890.39"
2016-17,Tas,Primary health care,Other health practitioners,Non-government,Other source of funds,"29,42,816.10","33,44,822.04"
2016-17,Tas,Primary health care,Other health practitioners,State and local government,State and local government,"30,18,528.25","34,30,876.91"
2016-17,Tas,Primary health care,Public health,Canadian Government,DoHAC and other,"2,71,39,950.97","3,06,56,590.22"
2016-17,Tas,Primary health care,Public health,Non-government,Other source of funds,"8,39,509.25","9,48,245.66"
2016-17,Tas,Primary health care,Public health,State and local government,State and local government,"1,41,62,514.09","1,59,96,896.54"
2016-17,Tas,Primary health care,Unreferred medical services,Canadian Government,Department of Veterans' Affairs,"32,73,268.98","35,77,846.59"
2016-17,Tas,Primary health care,Unreferred medical services,Canadian Government,DoHAC and other,"21,33,44,785.89","23,32,27,007.48"
2016-17,Tas,Primary health care,Unreferred medical services,Non-government,Individuals,"2,41,96,654.14","2,64,48,152.33"
2016-17,Tas,Primary health care,Unreferred medical services,Non-government,Other source of funds,"1,90,87,870.43","2,08,63,996.40"
2016-17,Tas,Referred medical services,Referred medical services,Canadian Government,Department of Veterans' Affairs,"1,48,05,619.43","1,61,83,282.03"
2016-17,Tas,Referred medical services,Referred medical services,Canadian Government,DoHAC and other,"26,39,07,256.28","28,84,63,821.27"
2016-17,Tas,Referred medical services,Referred medical services,Canadian Government,Premium rebates,"1,43,47,685.97","1,56,82,737.87"
2016-17,Tas,Referred medical services,Referred medical services,Non-government,Health insurance funds,"3,88,63,257.56","4,24,79,482.91"
2016-17,Tas,Referred medical services,Referred medical services,Non-government,Individuals,"4,43,71,427.92","4,85,00,188.41"
2016-17,Tas,Research,Research,Canadian Government,Department of Veterans' Affairs,0,0
2016-17,Tas,Research,Research,Canadian Government,DoHAC and other,"5,90,60,818.96","6,68,20,973.76"
2016-17,Tas,Research,Research,Non-government,Other source of funds,"25,57,043.42","28,93,020.01"
2016-17,Tas,Research,Research,State and local government,State and local government,"39,18,757.83","44,33,653.62"
2016-17,Vic,Capital expenditure,Capital expenditure,Canadian Government,DoHAC and other,"2,26,28,816.82","2,36,97,185.19"
2016-17,Vic,Capital expenditure,Capital expenditure,Non-government,Other source of funds,"1,58,03,48,039.91","1,77,28,32,726.89"
2016-17,Vic,Capital expenditure,Capital expenditure,State and local government,State and local government,"1,11,10,00,000.00","1,27,06,67,960.21"
2016-17,Vic,Hospitals,Private hospitals,Canadian Government,Department of Veterans' Affairs,"17,13,84,202.70","19,68,35,394.29"
2016-17,Vic,Hospitals,Private hospitals,Canadian Government,DoHAC and other,"8,64,81,060.99","9,93,06,111.93"
2016-17,Vic,Hospitals,Private hospitals,Canadian Government,Premium rebates,"74,84,94,976.39","85,96,49,264.53"
2016-17,Vic,Hospitals,Private hospitals,Non-government,Health insurance funds,"2,02,75,29,179.66","2,32,86,24,804.55"
2016-17,Vic,Hospitals,Private hospitals,Non-government,Individuals,"52,23,66,419.39","59,99,39,775.69"
2016-17,Vic,Hospitals,Private hospitals,Non-government,Other source of funds,"35,25,86,221.86","40,49,46,587.30"
2016-17,Vic,Hospitals,Public hospital services,Canadian Government,Department of Veterans' Affairs,"10,71,23,333.00","12,30,31,546.41"
2016-17,Vic,Hospitals,Public hospital services,Canadian Government,DoHAC and other,"5,20,15,06,121.28","5,97,36,43,943.32"
2016-17,Vic,Hospitals,Public hospital services,Canadian Government,Premium rebates,"7,46,82,104.92","8,57,72,675.30"
2016-17,Vic,Hospitals,Public hospital services,Non-government,Health insurance funds,"20,22,99,483.24","23,23,41,708.98"
2016-17,Vic,Hospitals,Public hospital services,Non-government,Individuals,"21,45,48,476.21","24,64,09,722.97"
2016-17,Vic,Hospitals,Public hospital services,Non-government,Other source of funds,"21,97,93,891.35","25,24,34,101.77"
2016-17,Vic,Hospitals,Public hospital services,State and local government,State and local government,"6,92,27,57,241.13","7,95,08,12,441.70"
2016-17,Vic,Medical expenses tax rebate,Medical expenses tax rebate,Canadian Government,DoHAC and other,"1,06,76,400.00","1,24,02,074.16"
2016-17,Vic,Medical expenses tax rebate,Medical expenses tax rebate,Non-government,Individuals,"-1,06,76,400.00","-1,24,02,074.16"
2016-17,Vic,Other services,Administration,Canadian Government,Department of Veterans' Affairs,0,0
2016-17,Vic,Other services,Administration,Canadian Government,DoHAC and other,"40,82,31,422.88","47,33,98,064.62"
2016-17,Vic,Other services,Administration,Canadian Government,Premium rebates,"13,22,00,203.02","15,35,68,311.53"
2016-17,Vic,Other services,Administration,Non-government,Health insurance funds,"35,80,87,746.72","41,59,67,066.52"
2016-17,Vic,Other services,Administration,State and local government,State and local government,"-8,00,000.00","-9,29,307.57"
2016-17,Vic,Other services,Aids and appliances,Canadian Government,Department of Veterans' Affairs,"97,000.00","1,06,559.52"
2016-17,Vic,Other services,Aids and appliances,Canadian Government,DoHAC and other,"15,08,73,965.84","16,57,42,851.89"
2016-17,Vic,Other services,Aids and appliances,Canadian Government,Premium rebates,"5,22,48,823.36","5,73,98,033.80"
2016-17,Vic,Other services,Aids and appliances,Non-government,Health insurance funds,"14,15,25,224.61","15,54,72,776.30"
2016-17,Vic,Other services,Aids and appliances,Non-government,Individuals,"90,97,52,671.20","99,94,10,344.90"
2016-17,Vic,Other services,Aids and appliances,Non-government,Other source of funds,"3,56,79,891.47","3,91,96,205.49"
2016-17,Vic,Other services,Patient transport services,Canadian Government,Department of Veterans' Affairs,"2,64,71,830.38","3,04,02,995.66"
2016-17,Vic,Other services,Patient transport services,Canadian Government,DoHAC and other,"5,91,741.39","6,79,617.18"
2016-17,Vic,Other services,Patient transport services,Canadian Government,Premium rebates,"1,06,97,570.59","1,22,86,199.61"
2016-17,Vic,Other services,Patient transport services,Non-government,Health insurance funds,"2,89,76,271.28","3,32,79,355.35"
2016-17,Vic,Other services,Patient transport services,Non-government,Individuals,"27,62,09,000.00","31,72,27,063.90"
2016-17,Vic,Other services,Patient transport services,Non-government,Other source of funds,"1,80,95,554.10","2,07,82,811.20"
2016-17,Vic,Other services,Patient transport services,State and local government,State and local government,"61,80,11,403.88","70,97,88,396.15"
2016-17,Vic,Primary health care,All other medications,Canadian Government,DoHAC and other,"15,71,24,833.76","16,42,14,921.15"
2016-17,Vic,Primary health care,All other medications,Canadian Government,Premium rebates,"25,18,801.30","26,31,285.63"
2016-17,Vic,Primary health care,All other medications,Non-government,Health insurance funds,"68,22,620.99","71,27,304.81"
2016-17,Vic,Primary health care,All other medications,Non-government,Individuals,"2,51,67,01,014.65","2,63,03,10,258.23"
2016-17,Vic,Primary health care,All other medications,Non-government,Other source of funds,"2,42,03,951.65","2,52,84,848.91"
2016-17,Vic,Primary health care,Benefit-paid pharmaceuticals,Canadian Government,Department of Veterans' Affairs,"6,47,35,215.02","6,78,40,161.68"
2016-17,Vic,Primary health care,Benefit-paid pharmaceuticals,Canadian Government,DoHAC and other,"2,43,87,77,089.51","2,56,04,19,753.47"
2016-17,Vic,Primary health care,Benefit-paid pharmaceuticals,Non-government,Individuals,"35,63,98,939.40","37,34,93,185.50"
2016-17,Vic,Primary health care,Community health and other,Canadian Government,Department of Veterans' Affairs,"24,000.00","27,879.23"
2016-17,Vic,Primary health care,Community health and other,Canadian Government,DoHAC and other,"19,49,07,944.04","22,45,34,171.42"
2016-17,Vic,Primary health care,Community health and other,Canadian Government,Premium rebates,"38,426.33","44,637.35"
2016-17,Vic,Primary health care,Community health and other,Non-government,Health insurance funds,"1,04,084.56","1,20,908.21"
2016-17,Vic,Primary health care,Community health and other,Non-government,Individuals,"92,13,553.32","1,07,02,781.04"
2016-17,Vic,Primary health care,Community health and other,Non-government,Other source of funds,"3,76,85,691.36","4,37,76,997.75"
2016-17,Vic,Primary health care,Community health and other,State and local government,State and local government,"71,11,38,199.47","82,60,82,638.77"
2016-17,Vic,Primary health care,Dental services,Canadian Government,Department of Veterans' Affairs,"1,28,90,462.31","1,40,54,454.02"
2016-17,Vic,Primary health care,Dental services,Canadian Government,DoHAC and other,"9,85,97,407.42","10,75,00,606.68"
2016-17,Vic,Primary health care,Dental services,Canadian Government,Premium rebates,"13,84,98,162.11","15,10,04,363.06"
2016-17,Vic,Primary health care,Dental services,Non-government,Health insurance funds,"37,51,46,888.29","40,90,22,156.37"
2016-17,Vic,Primary health care,Dental services,Non-government,Individuals,"2,16,95,98,825.36","2,36,55,10,731.16"
2016-17,Vic,Primary health care,Dental services,Non-government,Other source of funds,"69,05,585.79","75,29,151.06"
2016-17,Vic,Primary health care,Dental services,State and local government,State and local government,"18,19,61,532.67","19,83,92,418.52"
2016-17,Vic,Primary health care,Other health practitioners,Canadian Government,Department of Veterans' Affairs,"4,30,14,274.86","4,88,90,277.06"
2016-17,Vic,Primary health care,Other health practitioners,Canadian Government,DoHAC and other,"43,39,31,353.58","49,32,08,921.27"
2016-17,Vic,Primary health care,Other health practitioners,Canadian Government,Premium rebates,"7,06,40,541.09","8,02,90,453.28"
2016-17,Vic,Primary health care,Other health practitioners,Non-government,Health insurance funds,"19,13,42,460.98","21,74,80,963.27"
2016-17,Vic,Primary health care,Other health practitioners,Non-government,Individuals,"86,58,47,094.24","98,41,26,885.08"
2016-17,Vic,Primary health care,Other health practitioners,Non-government,Other source of funds,"9,15,97,123.52","10,41,09,827.77"
2016-17,Vic,Primary health care,Public health,Canadian Government,DoHAC and other,"32,34,67,795.59","37,16,44,789.43"
2016-17,Vic,Primary health care,Public health,Non-government,Individuals,"8,82,736.74","10,13,826.42"
2016-17,Vic,Primary health care,Public health,Non-government,Other source of funds,"4,15,554.47","4,77,265.85"
2016-17,Vic,Primary health care,Public health,State and local government,State and local government,"35,14,82,114.17","40,36,78,515.51"
2016-17,Vic,Primary health care,Unreferred medical services,Canadian Government,Department of Veterans' Affairs,"2,00,01,177.73","2,20,54,675.40"
2016-17,Vic,Primary health care,Unreferred medical services,Canadian Government,DoHAC and other,"2,23,38,09,740.84","2,46,31,99,546.89"
2016-17,Vic,Primary health care,Unreferred medical services,Non-government,Individuals,"20,37,38,524.02","22,46,56,121.43"
2016-17,Vic,Primary health care,Unreferred medical services,Non-government,Other source of funds,"22,76,15,316.23","25,09,84,316.14"
2016-17,Vic,Referred medical services,Referred medical services,Canadian Government,Department of Veterans' Affairs,"10,44,54,272.39","11,51,78,471.11"
2016-17,Vic,Referred medical services,Referred medical services,Canadian Government,DoHAC and other,"3,28,45,68,111.35","3,62,17,90,901.02"
2016-17,Vic,Referred medical services,Referred medical services,Canadian Government,Premium rebates,"16,36,72,269.90","18,04,76,311.59"
2016-17,Vic,Referred medical services,Referred medical services,Non-government,Health insurance funds,"44,33,35,433.62","48,88,52,167.21"
2016-17,Vic,Referred medical services,Referred medical services,Non-government,Individuals,"70,20,00,713.49","77,40,74,310.67"
2016-17,Vic,Research,Research,Canadian Government,Department of Veterans' Affairs,"1,400.00","1,626.29"
2016-17,Vic,Research,Research,Canadian Government,DoHAC and other,"1,25,81,06,603.38","1,46,14,59,985.63"
2016-17,Vic,Research,Research,Non-government,Other source of funds,"9,40,27,557.33","10,92,25,650.84"
2016-17,Vic,Research,Research,State and local government,State and local government,"9,08,05,159.45","10,54,82,402.42"
2016-17,WA,Capital expenditure,Capital expenditure,Canadian Government,DoHAC and other,"68,33,015.23","72,45,266.96"
2016-17,WA,Capital expenditure,Capital expenditure,Non-government,Other source of funds,"22,77,06,703.45","25,78,75,343.90"
2016-17,WA,Capital expenditure,Capital expenditure,State and local government,State and local government,"31,60,00,000.00","34,93,68,943.13"
2016-17,WA,Hospitals,Private hospitals,Canadian Government,Department of Veterans' Affairs,"7,37,89,147.08","8,01,53,450.90"
2016-17,WA,Hospitals,Private hospitals,Canadian Government,DoHAC and other,"3,74,31,534.70","4,06,58,136.15"
2016-17,WA,Hospitals,Private hospitals,Canadian Government,Premium rebates,"36,27,34,633.17","39,40,20,445.57"
2016-17,WA,Hospitals,Private hospitals,Non-government,Health insurance funds,"98,25,78,476.05","1,06,73,25,734.95"
2016-17,WA,Hospitals,Private hospitals,Non-government,Individuals,"-8,12,80,068.95","-8,82,90,463.75"
2016-17,WA,Hospitals,Private hospitals,Non-government,Other source of funds,"11,76,25,095.41","12,77,70,243.77"
2016-17,WA,Hospitals,Private hospitals,State and local government,State and local government,"83,76,71,000.00","90,99,20,008.95"
2016-17,WA,Hospitals,Public hospital services,Canadian Government,Department of Veterans' Affairs,"9,96,85,238.48","10,82,83,076.64"
2016-17,WA,Hospitals,Public hospital services,Canadian Government,DoHAC and other,"2,25,39,92,201.20","2,44,83,66,607.73"
2016-17,WA,Hospitals,Public hospital services,Canadian Government,Premium rebates,"2,31,90,244.00","2,51,90,399.36"
2016-17,WA,Hospitals,Public hospital services,Non-government,Health insurance funds,"6,28,17,918.45","6,82,35,955.31"
2016-17,WA,Hospitals,Public hospital services,Non-government,Individuals,"49,81,98,246.02","54,11,67,776.46"
2016-17,WA,Hospitals,Public hospital services,Non-government,Other source of funds,"3,72,84,816.42","4,05,00,626.73"
2016-17,WA,Hospitals,Public hospital services,State and local government,State and local government,"2,75,99,12,430.70","2,99,79,54,499.61"
2016-17,WA,Medical expenses tax rebate,Medical expenses tax rebate,Canadian Government,DoHAC and other,"34,85,000.00","37,75,143.77"
2016-17,WA,Medical expenses tax rebate,Medical expenses tax rebate,Non-government,Individuals,"-34,85,000.00","-37,75,143.77"
2016-17,WA,Other services,Administration,Canadian Government,Department of Veterans' Affairs,0,0
2016-17,WA,Other services,Administration,Canadian Government,DoHAC and other,"15,27,65,506.41","16,54,20,655.74"
2016-17,WA,Other services,Administration,Canadian Government,Premium rebates,"6,69,35,338.10","7,25,08,041.50"
2016-17,WA,Other services,Administration,Non-government,Health insurance funds,"18,13,06,260.11","19,64,00,917.74"
2016-17,WA,Other services,Administration,Non-government,Individuals,"2,16,59,930.90","2,34,63,229.03"
2016-17,WA,Other services,Administration,Non-government,Other source of funds,"16,21,014.43","17,55,972.03"
2016-17,WA,Other services,Administration,State and local government,State and local government,"53,10,43,240.63","57,52,55,260.12"
2016-17,WA,Other services,Aids and appliances,Canadian Government,Department of Veterans' Affairs,"70,000.00","76,898.62"
2016-17,WA,Other services,Aids and appliances,Canadian Government,DoHAC and other,"5,96,93,703.97","6,55,76,620.07"
2016-17,WA,Other services,Aids and appliances,Canadian Government,Premium rebates,"3,19,57,047.78","3,51,06,469.22"
2016-17,WA,Other services,Aids and appliances,Non-government,Health insurance funds,"8,65,61,343.86","9,50,92,111.58"
2016-17,WA,Other services,Aids and appliances,Non-government,Individuals,"57,00,74,643.58","62,62,56,469.70"
2016-17,WA,Other services,Aids and appliances,Non-government,Other source of funds,"3,69,89,501.46","4,06,34,879.76"
2016-17,WA,Other services,Patient transport services,Canadian Government,Department of Veterans' Affairs,"59,28,999.36","64,40,374.74"
2016-17,WA,Other services,Patient transport services,Canadian Government,DoHAC and other,"2,25,96,765.92","2,45,45,733.88"
2016-17,WA,Other services,Patient transport services,Canadian Government,Premium rebates,"1,01,91,581.99","1,10,70,604.54"
2016-17,WA,Other services,Patient transport services,Non-government,Health insurance funds,"2,76,05,711.23","2,99,86,700.04"
2016-17,WA,Other services,Patient transport services,Non-government,Individuals,"59,09,363.00","64,19,044.75"
2016-17,WA,Other services,Patient transport services,Non-government,Other source of funds,"1,04,45,779.01","1,13,46,726.02"
2016-17,WA,Other services,Patient transport services,State and local government,State and local government,"24,51,78,384.30","26,63,24,986.35"
2016-17,WA,Primary health care,All other medications,Canadian Government,DoHAC and other,"6,53,41,705.83","6,71,75,900.77"
2016-17,WA,Primary health care,All other medications,Canadian Government,Premium rebates,"25,47,962.09","26,00,227.84"
2016-17,WA,Primary health care,All other medications,Non-government,Health insurance funds,"69,01,608.19","70,43,179.27"
2016-17,WA,Primary health care,All other medications,Non-government,Individuals,"83,54,00,332.30","85,25,83,653.08"
2016-17,WA,Primary health care,All other medications,Non-government,Other source of funds,"96,92,883.96","98,91,711.83"
2016-17,WA,Primary health care,Benefit-paid pharmaceuticals,Canadian Government,Department of Veterans' Affairs,"2,39,63,737.28","2,51,13,129.09"
2016-17,WA,Primary health care,Benefit-paid pharmaceuticals,Canadian Government,DoHAC and other,"87,26,29,526.90","91,55,42,858.29"
2016-17,WA,Primary health care,Benefit-paid pharmaceuticals,Non-government,Individuals,"13,25,14,390.94","13,88,70,284.18"
2016-17,WA,Primary health care,Community health and other,Canadian Government,Department of Veterans' Affairs,"83,000.00","89,910.17"
2016-17,WA,Primary health care,Community health and other,Canadian Government,DoHAC and other,"10,39,00,241.52","11,18,76,485.51"
2016-17,WA,Primary health care,Community health and other,Canadian Government,Premium rebates,"7,894.75","8,552.02"
2016-17,WA,Primary health care,Community health and other,Non-government,Health insurance funds,"21,384.32","23,164.68"
2016-17,WA,Primary health care,Community health and other,Non-government,Individuals,"2,29,05,000.00","2,48,11,956.40"
2016-17,WA,Primary health care,Community health and other,Non-government,Other source of funds,"28,28,064.89","30,63,515.51"
2016-17,WA,Primary health care,Community health and other,State and local government,State and local government,"89,03,15,063.92","96,44,38,268.87"
2016-17,WA,Primary health care,Dental services,Canadian Government,Department of Veterans' Affairs,"90,95,648.28","99,16,973.29"
2016-17,WA,Primary health care,Dental services,Canadian Government,DoHAC and other,"1,12,86,645.76","1,23,05,814.39"
2016-17,WA,Primary health care,Dental services,Canadian Government,Premium rebates,"11,09,96,711.50","12,10,19,567.81"
2016-17,WA,Primary health care,Dental services,Non-government,Health insurance funds,"30,06,54,321.29","32,78,03,009.05"
2016-17,WA,Primary health care,Dental services,Non-government,Individuals,"94,35,71,830.65","1,02,87,75,119.59"
2016-17,WA,Primary health care,Dental services,Non-government,Other source of funds,"29,93,980.75","32,64,333.25"
2016-17,WA,Primary health care,Dental services,State and local government,State and local government,"8,78,27,496.46","9,57,58,203.29"
2016-17,WA,Primary health care,Other health practitioners,Canadian Government,Department of Veterans' Affairs,"2,70,07,363.69","3,06,96,727.96"
2016-17,WA,Primary health care,Other health practitioners,Canadian Government,DoHAC and other,"13,93,63,982.91","15,84,01,920.28"
2016-17,WA,Primary health care,Other health practitioners,Canadian Government,Premium rebates,"3,90,46,367.37","4,43,80,330.14"
2016-17,WA,Primary health care,Other health practitioners,Non-government,Health insurance funds,"10,57,64,025.99","12,02,12,012.20"
2016-17,WA,Primary health care,Other health practitioners,Non-government,Individuals,"5,16,81,190.55","5,87,41,144.26"
2016-17,WA,Primary health care,Other health practitioners,Non-government,Other source of funds,"2,71,50,756.02","3,08,59,708.52"
2016-17,WA,Primary health care,Public health,Canadian Government,DoHAC and other,"13,65,50,991.17","14,83,13,113.75"
2016-17,WA,Primary health care,Public health,State and local government,State and local government,"17,11,80,053.00","18,59,44,309.11"
2016-17,WA,Primary health care,Unreferred medical services,Canadian Government,Department of Veterans' Affairs,"95,58,337.31","98,62,148.25"
2016-17,WA,Primary health care,Unreferred medical services,Canadian Government,DoHAC and other,"87,04,49,196.93","89,81,72,060.38"
2016-17,WA,Primary health care,Unreferred medical services,Non-government,Individuals,"9,25,19,728.92","9,54,60,460.69"
2016-17,WA,Primary health care,Unreferred medical services,Non-government,Other source of funds,"12,57,65,379.37","12,97,62,821.34"
2016-17,WA,Referred medical services,Referred medical services,Canadian Government,Department of Veterans' Affairs,"5,70,24,463.93","5,88,36,981.71"
2016-17,WA,Referred medical services,Referred medical services,Canadian Government,DoHAC and other,"1,16,62,84,869.62","1,20,33,55,135.76"
2016-17,WA,Referred medical services,Referred medical services,Canadian Government,Premium rebates,"6,93,79,906.24","7,15,85,140.70"
2016-17,WA,Referred medical services,Referred medical services,Non-government,Health insurance funds,"18,79,27,807.40","19,39,01,076.90"
2016-17,WA,Referred medical services,Referred medical services,Non-government,Individuals,"30,24,53,201.46","31,20,66,650.94"
2016-17,WA,Research,Research,Canadian Government,Department of Veterans' Affairs,0,0
2016-17,WA,Research,Research,Canadian Government,DoHAC and other,"37,10,27,063.92","40,19,16,932.26"
2016-17,WA,Research,Research,Non-government,Individuals,"12,01,460.08","13,01,487.68"
2016-17,WA,Research,Research,Non-government,Other source of funds,"2,21,46,261.32","2,39,90,048.91"
2016-17,WA,Research,Research,State and local government,State and local government,"5,40,74,384.93","5,85,76,349.32"
2017-18,ACT,Capital expenditure,Capital expenditure,Canadian Government,DoHAC and other,"58,76,591.52","58,31,401.32"
2017-18,ACT,Capital expenditure,Capital expenditure,Non-government,Other source of funds,"4,32,45,892.47","4,66,69,409.31"
2017-18,ACT,Capital expenditure,Capital expenditure,State and local government,State and local government,"12,20,00,000.00","12,85,70,430.55"
2017-18,ACT,Hospitals,Private hospitals,Canadian Government,Department of Veterans' Affairs,"4,00,23,659.55","4,30,52,391.72"
2017-18,ACT,Hospitals,Private hospitals,Canadian Government,DoHAC and other,"59,03,739.96","63,49,800.99"
2017-18,ACT,Hospitals,Private hospitals,Canadian Government,Premium rebates,"4,38,96,485.08","4,72,18,287.69"
2017-18,ACT,Hospitals,Private hospitals,Non-government,Health insurance funds,"12,40,94,306.28","13,34,84,962.26"
2017-18,ACT,Hospitals,Private hospitals,Non-government,Individuals,"-2,90,06,807.63","-3,12,01,855.57"
2017-18,ACT,Hospitals,Private hospitals,Non-government,Other source of funds,"1,53,12,271.32","1,64,71,005.16"
2017-18,ACT,Hospitals,Private hospitals,State and local government,State and local government,"1,44,15,936.45","1,55,06,841.45"
2017-18,ACT,Hospitals,Public hospital services,Canadian Government,Department of Veterans' Affairs,"4,15,33,875.94","4,46,76,891.54"
2017-18,ACT,Hospitals,Public hospital services,Canadian Government,DoHAC and other,"39,52,85,793.65","42,51,81,364.81"
2017-18,ACT,Hospitals,Public hospital services,Canadian Government,Premium rebates,"44,92,672.16","48,32,648.59"
2017-18,ACT,Hospitals,Public hospital services,Non-government,Health insurance funds,"1,27,00,676.01","1,36,61,781.18"
2017-18,ACT,Hospitals,Public hospital services,Non-government,Individuals,"53,56,801.97","57,62,170.16"
2017-18,ACT,Hospitals,Public hospital services,Non-government,Other source of funds,"1,27,34,531.58","1,36,98,198.72"
2017-18,ACT,Hospitals,Public hospital services,State and local government,State and local government,"70,01,98,295.01","75,31,84,781.66"
2017-18,ACT,Medical expenses tax rebate,Medical expenses tax rebate,Canadian Government,DoHAC and other,"3,64,800.00","4,01,824.89"
2017-18,ACT,Medical expenses tax rebate,Medical expenses tax rebate,Non-government,Individuals,"-3,64,800.00","-4,01,824.89"
2017-18,ACT,Other services,Administration,Canadian Government,Department of Veterans' Affairs,"5,91,12,096.31","6,47,39,983.94"
2017-18,ACT,Other services,Administration,Canadian Government,DoHAC and other,"2,42,39,656.73","2,66,39,563.40"
2017-18,ACT,Other services,Administration,Canadian Government,Premium rebates,"3,95,734.44","4,35,898.99"
2017-18,ACT,Other services,Administration,Non-government,Health insurance funds,"11,18,451.47","12,31,967.22"
2017-18,ACT,Other services,Aids and appliances,Canadian Government,Department of Veterans' Affairs,"5,59,691.82","5,99,386.24"
2017-18,ACT,Other services,Aids and appliances,Canadian Government,DoHAC and other,"97,89,849.00","1,04,84,163.85"
2017-18,ACT,Other services,Aids and appliances,Canadian Government,Premium rebates,"42,13,995.30","45,12,859.93"
2017-18,ACT,Other services,Aids and appliances,Non-government,Health insurance funds,"1,19,09,878.70","1,27,54,550.11"
2017-18,ACT,Other services,Aids and appliances,Non-government,Individuals,"2,37,90,243.22","2,54,77,492.85"
2017-18,ACT,Other services,Aids and appliances,Non-government,Other source of funds,"16,31,897.04","17,47,634.30"
2017-18,ACT,Other services,Patient transport services,Canadian Government,Department of Veterans' Affairs,"5,17,70,666.54","5,56,88,336.36"
2017-18,ACT,Other services,Patient transport services,Canadian Government,DoHAC and other,0,0
2017-18,ACT,Other services,Patient transport services,Canadian Government,Premium rebates,"10,20,078.64","10,97,271.61"
2017-18,ACT,Other services,Patient transport services,Non-government,Health insurance funds,"28,83,015.29","31,01,183.27"
2017-18,ACT,Other services,Patient transport services,Non-government,Individuals,"17,793.60","19,140.10"
2017-18,ACT,Other services,Patient transport services,Non-government,Other source of funds,"9,93,814.64","10,69,020.12"
2017-18,ACT,Other services,Patient transport services,State and local government,State and local government,"4,78,16,680.19","5,14,35,137.85"
2017-18,ACT,Primary health care,All other medications,Canadian Government,DoHAC and other,"75,48,755.75","77,42,458.52"
2017-18,ACT,Primary health care,All other medications,Canadian Government,Premium rebates,"3,60,427.74","3,71,078.52"
2017-18,ACT,Primary health care,All other medications,Non-government,Health insurance funds,"10,18,665.26","10,48,767.23"
2017-18,ACT,Primary health care,All other medications,Non-government,Individuals,"11,51,44,131.29","12,06,42,801.74"
2017-18,ACT,Primary health care,All other medications,Non-government,Other source of funds,"23,04,089.44","23,72,176.21"
2017-18,ACT,Primary health care,Benefit-paid pharmaceuticals,Canadian Government,Department of Veterans' Affairs,"1,47,12,344.60","1,61,66,763.65"
2017-18,ACT,Primary health care,Benefit-paid pharmaceuticals,Canadian Government,DoHAC and other,"13,76,04,791.88","15,11,36,734.95"
2017-18,ACT,Primary health care,Benefit-paid pharmaceuticals,Non-government,Individuals,"2,10,19,351.77","2,30,97,262.97"
2017-18,ACT,Primary health care,Community health and other,Canadian Government,Department of Veterans' Affairs,"3,84,900.00","4,23,964.92"
2017-18,ACT,Primary health care,Community health and other,Canadian Government,DoHAC and other,"1,77,92,299.03","1,95,82,064.19"
2017-18,ACT,Primary health care,Community health and other,Canadian Government,Premium rebates,"3,203.38","3,528.51"
2017-18,ACT,Primary health care,Community health and other,Non-government,Health insurance funds,"9,053.62","9,972.50"
2017-18,ACT,Primary health care,Community health and other,Non-government,Other source of funds,"10,389.17","11,443.60"
2017-18,ACT,Primary health care,Community health and other,State and local government,State and local government,"24,42,86,878.31","26,90,80,452.68"
2017-18,ACT,Primary health care,Dental services,Canadian Government,Department of Veterans' Affairs,"36,75,092.33","39,27,225.63"
2017-18,ACT,Primary health care,Dental services,Canadian Government,DoHAC and other,"20,68,158.90","22,10,046.44"
2017-18,ACT,Primary health care,Dental services,Canadian Government,Premium rebates,"1,21,72,523.72","1,30,07,631.60"
2017-18,ACT,Primary health care,Dental services,Non-government,Health insurance funds,"3,44,02,810.28","3,67,63,048.68"
2017-18,ACT,Primary health care,Dental services,Non-government,Individuals,"12,09,44,474.77","12,92,41,988.58"
2017-18,ACT,Primary health care,Dental services,Non-government,Other source of funds,"3,87,837.53","4,14,445.50"
2017-18,ACT,Primary health care,Dental services,State and local government,State and local government,"1,33,65,789.11","1,42,82,762.12"
2017-18,ACT,Primary health care,Other health practitioners,Canadian Government,Department of Veterans' Affairs,"87,33,567.98","95,65,065.12"
2017-18,ACT,Primary health care,Other health practitioners,Canadian Government,DoHAC and other,"2,28,05,748.42","2,49,77,016.18"
2017-18,ACT,Primary health care,Other health practitioners,Canadian Government,Premium rebates,"46,45,174.23","50,87,427.52"
2017-18,ACT,Primary health care,Other health practitioners,Non-government,Health insurance funds,"1,31,28,505.77","1,43,78,431.92"
2017-18,ACT,Primary health care,Other health practitioners,Non-government,Individuals,"6,79,81,361.60","7,44,53,665.71"
2017-18,ACT,Primary health care,Other health practitioners,Non-government,Other source of funds,"92,77,852.58","1,01,61,169.45"
2017-18,ACT,Primary health care,Other health practitioners,State and local government,State and local government,"22,85,630.83","25,03,238.97"
2017-18,ACT,Primary health care,Public health,Canadian Government,DoHAC and other,"2,18,07,645.89","2,34,72,704.66"
2017-18,ACT,Primary health care,Public health,State and local government,State and local government,"2,88,14,685.90","3,09,95,195.31"
2017-18,ACT,Primary health care,Unreferred medical services,Canadian Government,Department of Veterans' Affairs,"1,13,70,779.22","1,24,36,466.27"
2017-18,ACT,Primary health care,Unreferred medical services,Canadian Government,DoHAC and other,"12,73,89,126.30","13,93,17,260.98"
2017-18,ACT,Primary health care,Unreferred medical services,Non-government,Individuals,"3,29,70,497.00","3,60,60,543.05"
2017-18,ACT,Primary health care,Unreferred medical services,Non-government,Other source of funds,"2,01,57,689.94","2,20,46,899.86"
2017-18,ACT,Referred medical services,Referred medical services,Canadian Government,Department of Veterans' Affairs,"3,22,26,354.74","3,52,46,658.63"
2017-18,ACT,Referred medical services,Referred medical services,Canadian Government,DoHAC and other,"17,94,71,247.00","19,62,91,570.30"
2017-18,ACT,Referred medical services,Referred medical services,Canadian Government,Premium rebates,"63,02,330.91","68,92,995.12"
2017-18,ACT,Referred medical services,Referred medical services,Non-government,Health insurance funds,"1,78,12,074.09","1,94,81,449.27"
2017-18,ACT,Referred medical services,Referred medical services,Non-government,Individuals,"8,05,42,590.00","8,80,91,166.31"
2017-18,ACT,Research,Research,Canadian Government,Department of Veterans' Affairs,"23,02,026.00","25,35,667.09"
2017-18,ACT,Research,Research,Canadian Government,DoHAC and other,"9,46,63,216.07","10,42,70,934.27"
2017-18,ACT,Research,Research,Non-government,Individuals,"1,50,615.94","1,65,902.51"
2017-18,ACT,Research,Research,Non-government,Other source of funds,"60,76,331.86","66,93,041.14"
2017-18,ACT,Research,Research,State and local government,State and local government,"3,29,40,484.85","3,62,83,735.90"
2017-18,NSW,Capital expenditure,Capital expenditure,Canadian Government,DoHAC and other,"3,97,25,759.04","4,17,71,330.51"
2017-18,NSW,Capital expenditure,Capital expenditure,Non-government,Other source of funds,"1,45,72,75,130.25","1,61,53,13,423.37"
2017-18,NSW,Capital expenditure,Capital expenditure,State and local government,State and local government,"1,31,90,00,000.00","1,44,80,32,495.52"
2017-18,NSW,Hospitals,Private hospitals,Canadian Government,Department of Veterans' Affairs,"17,96,00,707.30","19,63,37,165.28"
2017-18,NSW,Hospitals,Private hospitals,Canadian Government,DoHAC and other,"10,59,71,352.50","11,58,39,884.37"
2017-18,NSW,Hospitals,Private hospitals,Canadian Government,Premium rebates,"90,66,34,753.57","99,11,21,361.03"
2017-18,NSW,Hospitals,Private hospitals,Non-government,Health insurance funds,"2,56,30,34,616.32","2,80,18,76,221.12"
2017-18,NSW,Hospitals,Private hospitals,Non-government,Individuals,"47,80,32,961.02","52,25,79,436.84"
2017-18,NSW,Hospitals,Private hospitals,Non-government,Other source of funds,"38,45,83,005.85","42,04,21,157.13"
2017-18,NSW,Hospitals,Public hospital services,Canadian Government,Department of Veterans' Affairs,"28,44,98,364.00","31,10,09,923.93"
2017-18,NSW,Hospitals,Public hospital services,Canadian Government,DoHAC and other,"6,74,28,15,589.46","7,37,09,95,764.82"
2017-18,NSW,Hospitals,Public hospital services,Canadian Government,Premium rebates,"17,64,97,506.04","19,29,44,785.89"
2017-18,NSW,Hospitals,Public hospital services,Non-government,Health insurance funds,"49,89,54,199.47","54,54,50,263.53"
2017-18,NSW,Hospitals,Public hospital services,Non-government,Individuals,"28,01,45,509.53","30,62,51,439.83"
2017-18,NSW,Hospitals,Public hospital services,Non-government,Other source of funds,"1,19,84,35,804.87","1,31,01,14,488.04"
2017-18,NSW,Hospitals,Public hospital services,State and local government,State and local government,"8,66,28,08,744.59","9,47,00,70,234.36"
2017-18,NSW,Medical expenses tax rebate,Medical expenses tax rebate,Canadian Government,DoHAC and other,"45,75,600.00","50,17,566.43"
2017-18,NSW,Medical expenses tax rebate,Medical expenses tax rebate,Non-government,Individuals,"-45,75,600.00","-50,17,566.43"
2017-18,NSW,Other services,Administration,Canadian Government,Department of Veterans' Affairs,0,0
2017-18,NSW,Other services,Administration,Canadian Government,DoHAC and other,"58,03,53,077.63","63,59,85,715.41"
2017-18,NSW,Other services,Administration,Canadian Government,Premium rebates,"17,53,97,396.70","19,23,39,384.79"
2017-18,NSW,Other services,Administration,Non-government,Health insurance funds,"49,57,19,992.03","54,36,02,585.28"
2017-18,NSW,Other services,Administration,State and local government,State and local government,"-5,00,000.00","-5,48,296.01"
2017-18,NSW,Other services,Aids and appliances,Canadian Government,Department of Veterans' Affairs,"3,79,532.05","4,06,449.19"
2017-18,NSW,Other services,Aids and appliances,Canadian Government,DoHAC and other,"20,29,23,971.54","21,73,15,728.43"
2017-18,NSW,Other services,Aids and appliances,Canadian Government,Premium rebates,"8,70,12,287.09","9,31,83,365.21"
2017-18,NSW,Other services,Aids and appliances,Non-government,Health insurance funds,"24,59,20,014.05","26,33,61,132.66"
2017-18,NSW,Other services,Aids and appliances,Non-government,Individuals,"56,95,30,222.25","60,99,22,396.91"
2017-18,NSW,Other services,Aids and appliances,Non-government,Other source of funds,"36,28,125.50","38,85,439.11"
2017-18,NSW,Other services,Patient transport services,Canadian Government,Department of Veterans' Affairs,"2,94,18,312.34","3,21,59,717.74"
2017-18,NSW,Other services,Patient transport services,Canadian Government,DoHAC and other,"48,24,431.57","52,74,006.06"
2017-18,NSW,Other services,Patient transport services,Canadian Government,Premium rebates,"5,07,43,347.57","5,54,71,969.84"
2017-18,NSW,Other services,Patient transport services,Non-government,Health insurance funds,"14,34,14,282.81","15,67,78,635.07"
2017-18,NSW,Other services,Patient transport services,Non-government,Individuals,"5,45,50,232.41","5,96,33,607.00"
2017-18,NSW,Other services,Patient transport services,Non-government,Other source of funds,"9,12,02,594.42","9,97,01,494.07"
2017-18,NSW,Other services,Patient transport services,State and local government,State and local government,"74,50,58,434.03","81,44,88,222.82"
2017-18,NSW,Primary health care,All other medications,Canadian Government,DoHAC and other,"21,89,93,159.77","22,77,63,579.40"
2017-18,NSW,Primary health care,All other medications,Canadian Government,Premium rebates,"58,87,754.80","61,06,510.16"
2017-18,NSW,Primary health care,All other medications,Non-government,Health insurance funds,"1,66,40,371.06","1,72,58,632.26"
2017-18,NSW,Primary health care,All other medications,Non-government,Individuals,"3,45,41,06,637.46","3,61,15,03,615.98"
2017-18,NSW,Primary health care,All other medications,Non-government,Other source of funds,"2,52,17,568.71","2,61,54,509.62"
2017-18,NSW,Primary health care,Benefit-paid pharmaceuticals,Canadian Government,Department of Veterans' Affairs,"10,20,41,131.14","11,21,28,616.79"
2017-18,NSW,Primary health care,Benefit-paid pharmaceuticals,Canadian Government,DoHAC and other,"3,29,92,29,577.84","3,62,45,63,700.75"
2017-18,NSW,Primary health care,Benefit-paid pharmaceuticals,Non-government,Individuals,"47,75,18,393.45","52,47,24,455.20"
2017-18,NSW,Primary health care,Community health and other,Canadian Government,Department of Veterans' Affairs,"1,52,647.00","1,67,391.48"
2017-18,NSW,Primary health care,Community health and other,Canadian Government,DoHAC and other,"29,13,27,987.63","32,03,73,672.67"
2017-18,NSW,Primary health care,Community health and other,Canadian Government,Premium rebates,"67,304.31","73,805.36"
2017-18,NSW,Primary health care,Community health and other,Non-government,Health insurance funds,"1,90,219.98","2,08,593.72"
2017-18,NSW,Primary health care,Community health and other,Non-government,Individuals,"6,09,17,151.56","6,68,01,262.02"
2017-18,NSW,Primary health care,Community health and other,Non-government,Other source of funds,"22,99,85,563.55","25,22,00,332.72"
2017-18,NSW,Primary health care,Community health and other,State and local government,State and local government,"1,92,83,36,667.28","2,11,45,98,592.92"
2017-18,NSW,Primary health care,Dental services,Canadian Government,Department of Veterans' Affairs,"2,10,64,067.15","2,25,09,188.05"
2017-18,NSW,Primary health care,Dental services,Canadian Government,DoHAC and other,"21,83,29,222.62","23,33,07,901.37"
2017-18,NSW,Primary health care,Dental services,Canadian Government,Premium rebates,"22,10,18,993.89","23,61,82,217.83"
2017-18,NSW,Primary health care,Dental services,Non-government,Health insurance funds,"62,46,58,837.31","66,75,14,166.93"
2017-18,NSW,Primary health care,Dental services,Non-government,Individuals,"1,70,83,42,847.21","1,82,55,45,376.73"
2017-18,NSW,Primary health care,Dental services,Non-government,Other source of funds,"2,46,31,667.19","2,63,21,546.78"
2017-18,NSW,Primary health care,Dental services,State and local government,State and local government,"25,14,88,470.12","26,87,42,082.23"
2017-18,NSW,Primary health care,Other health practitioners,Canadian Government,Department of Veterans' Affairs,"5,64,27,927.51","6,18,00,263.38"
2017-18,NSW,Primary health care,Other health practitioners,Canadian Government,DoHAC and other,"53,38,69,900.67","58,46,98,072.85"
2017-18,NSW,Primary health care,Other health practitioners,Canadian Government,Premium rebates,"9,85,47,761.97","10,79,30,202.54"
2017-18,NSW,Primary health care,Other health practitioners,Non-government,Health insurance funds,"27,85,22,353.81","30,50,39,642.27"
2017-18,NSW,Primary health care,Other health practitioners,Non-government,Individuals,"67,29,69,888.54","73,70,41,358.62"
2017-18,NSW,Primary health care,Other health practitioners,Non-government,Other source of funds,"19,99,50,430.51","21,89,87,118.85"
2017-18,NSW,Primary health care,Public health,Canadian Government,DoHAC and other,"42,56,33,263.79","46,53,28,398.90"
2017-18,NSW,Primary health care,Public health,Non-government,Other source of funds,"15,32,83,694.75","16,75,67,748.28"
2017-18,NSW,Primary health care,Public health,State and local government,State and local government,"38,65,66,265.12","42,25,89,230.46"
2017-18,NSW,Primary health care,Unreferred medical services,Canadian Government,Department of Veterans' Affairs,"3,96,29,751.32","4,43,71,416.10"
2017-18,NSW,Primary health care,Unreferred medical services,Canadian Government,DoHAC and other,"3,09,57,55,011.19","3,46,59,42,962.89"
2017-18,NSW,Primary health care,Unreferred medical services,Non-government,Individuals,"20,87,39,199.00","23,37,14,659.97"
2017-18,NSW,Primary health care,Unreferred medical services,Non-government,Other source of funds,"46,46,68,862.11","52,02,66,081.44"
2017-18,NSW,Referred medical services,Referred medical services,Canadian Government,Department of Veterans' Affairs,"15,75,66,358.42","17,64,19,034.18"
2017-18,NSW,Referred medical services,Referred medical services,Canadian Government,DoHAC and other,"4,83,47,85,571.00","5,41,32,63,398.47"
2017-18,NSW,Referred medical services,Referred medical services,Canadian Government,Premium rebates,"18,02,55,846.93","20,18,23,299.97"
2017-18,NSW,Referred medical services,Referred medical services,Non-government,Health insurance funds,"50,94,51,272.87","57,04,06,668.14"
2017-18,NSW,Referred medical services,Referred medical services,Non-government,Individuals,"1,25,33,62,633.20","1,40,33,26,366.32"
2017-18,NSW,Research,Research,Canadian Government,Department of Veterans' Affairs,0,0
2017-18,NSW,Research,Research,Canadian Government,DoHAC and other,"1,35,07,56,175.56","1,48,12,28,437.27"
2017-18,NSW,Research,Research,Non-government,Individuals,"6,25,071.76","6,85,448.70"
2017-18,NSW,Research,Research,Non-government,Other source of funds,"16,02,48,210.44","17,57,26,908.10"
2017-18,NSW,Research,Research,State and local government,State and local government,"12,54,84,395.79","13,76,05,186.52"
2017-18,NT,Capital expenditure,Capital expenditure,Canadian Government,DoHAC and other,"29,38,295.76","29,82,672.31"
2017-18,NT,Capital expenditure,Capital expenditure,Non-government,Other source of funds,"2,14,19,881.73","2,43,75,990.72"
2017-18,NT,Capital expenditure,Capital expenditure,State and local government,State and local government,"4,10,00,000.00","4,44,26,210.17"
2017-18,NT,Hospitals,Private hospitals,Canadian Government,Department of Veterans' Affairs,"18,71,921.00","20,74,877.91"
2017-18,NT,Hospitals,Private hospitals,Canadian Government,DoHAC and other,"4,60,455.05","5,09,916.36"
2017-18,NT,Hospitals,Private hospitals,Canadian Government,Premium rebates,"1,37,13,516.90","1,52,00,360.11"
2017-18,NT,Hospitals,Private hospitals,Non-government,Health insurance funds,"3,87,67,782.04","4,29,71,052.01"
2017-18,NT,Hospitals,Private hospitals,Non-government,Individuals,"2,94,35,631.80","3,26,27,093.90"
2017-18,NT,Hospitals,Private hospitals,Non-government,Other source of funds,"1,03,92,177.60","1,15,18,915.46"
2017-18,NT,Hospitals,Public hospital services,Canadian Government,Department of Veterans' Affairs,0,0
2017-18,NT,Hospitals,Public hospital services,Canadian Government,DoHAC and other,"29,01,01,915.06","32,15,43,909.56"
2017-18,NT,Hospitals,Public hospital services,Canadian Government,Premium rebates,"24,02,452.25","26,62,930.28"
2017-18,NT,Hospitals,Public hospital services,Non-government,Health insurance funds,"67,91,674.66","75,28,039.77"
2017-18,NT,Hospitals,Public hospital services,Non-government,Individuals,"73,60,078.69","81,58,071.15"
2017-18,NT,Hospitals,Public hospital services,Non-government,Other source of funds,"3,03,40,247.26","3,36,29,789.33"
2017-18,NT,Hospitals,Public hospital services,State and local government,State and local government,"51,33,10,356.65","56,89,64,353.16"
2017-18,NT,Medical expenses tax rebate,Medical expenses tax rebate,Canadian Government,DoHAC and other,"52,800.00","58,158.87"
2017-18,NT,Medical expenses tax rebate,Medical expenses tax rebate,Non-government,Individuals,"-52,800.00","-58,158.87"
2017-18,NT,Other services,Administration,Canadian Government,Department of Veterans' Affairs,0,0
2017-18,NT,Other services,Administration,Canadian Government,DoHAC and other,"2,47,85,859.51","2,72,78,935.50"
2017-18,NT,Other services,Administration,Canadian Government,Premium rebates,"29,79,546.33","32,81,951.46"
2017-18,NT,Other services,Administration,Non-government,Health insurance funds,"84,20,995.48","92,75,673.31"
2017-18,NT,Other services,Administration,Non-government,Individuals,"-1,58,667.28","-1,74,771.01"
2017-18,NT,Other services,Administration,Non-government,Other source of funds,"14,51,659.60","15,98,993.88"
2017-18,NT,Other services,Administration,State and local government,State and local government,"11,43,94,626.96","12,60,04,958.67"
2017-18,NT,Other services,Aids and appliances,Canadian Government,Department of Veterans' Affairs,0,0
2017-18,NT,Other services,Aids and appliances,Canadian Government,DoHAC and other,"49,03,798.25","52,51,585.02"
2017-18,NT,Other services,Aids and appliances,Canadian Government,Premium rebates,"20,14,300.27","21,57,158.30"
2017-18,NT,Other services,Aids and appliances,Non-government,Health insurance funds,"56,92,951.73","60,96,706.78"
2017-18,NT,Other services,Aids and appliances,Non-government,Individuals,"1,70,01,045.72","1,82,06,792.46"
2017-18,NT,Other services,Aids and appliances,Non-government,Other source of funds,"24,09,975.00","25,80,895.04"
2017-18,NT,Other services,Patient transport services,Canadian Government,Department of Veterans' Affairs,0,0
2017-18,NT,Other services,Patient transport services,Canadian Government,DoHAC and other,"1,26,55,651.17","1,40,27,798.76"
2017-18,NT,Other services,Patient transport services,Canadian Government,Premium rebates,"3,23,405.50","3,58,469.68"
2017-18,NT,Other services,Patient transport services,Non-government,Health insurance funds,"9,14,030.50","10,13,131.27"
2017-18,NT,Other services,Patient transport services,Non-government,Individuals,"2,39,414.05","2,65,371.74"
2017-18,NT,Other services,Patient transport services,Non-government,Other source of funds,"46,66,544.59","51,72,499.42"
2017-18,NT,Other services,Patient transport services,State and local government,State and local government,"10,67,90,945.08","11,83,69,404.01"
2017-18,NT,Primary health care,All other medications,Canadian Government,DoHAC and other,"86,56,716.99","89,15,674.90"
2017-18,NT,Primary health care,All other medications,Canadian Government,Premium rebates,"98,347.01","1,01,626.36"
2017-18,NT,Primary health care,All other medications,Non-government,Health insurance funds,"2,77,954.99","2,87,223.30"
2017-18,NT,Primary health care,All other medications,Non-government,Individuals,"4,94,40,534.72","5,17,45,767.80"
2017-18,NT,Primary health care,All other medications,Non-government,Other source of funds,"2,67,895.09","2,76,827.96"
2017-18,NT,Primary health care,Benefit-paid pharmaceuticals,Canadian Government,Department of Veterans' Affairs,"8,66,386.96","9,52,035.43"
2017-18,NT,Primary health care,Benefit-paid pharmaceuticals,Canadian Government,DoHAC and other,"5,69,92,152.74","6,26,26,863.71"
2017-18,NT,Primary health care,Benefit-paid pharmaceuticals,Non-government,Individuals,"63,18,877.99","69,43,543.65"
2017-18,NT,Primary health care,Community health and other,Canadian Government,Department of Veterans' Affairs,0,0
2017-18,NT,Primary health care,Community health and other,Canadian Government,DoHAC and other,"13,68,73,177.39","15,07,02,110.64"
2017-18,NT,Primary health care,Community health and other,Canadian Government,Premium rebates,"1,511.66","1,665.08"
2017-18,NT,Primary health care,Community health and other,Non-government,Health insurance funds,"4,272.34","4,705.96"
2017-18,NT,Primary health care,Community health and other,Non-government,Individuals,"2,10,218.75","2,31,554.62"
2017-18,NT,Primary health care,Community health and other,Non-government,Other source of funds,"72,84,952.12","80,24,328.72"
2017-18,NT,Primary health care,Community health and other,State and local government,State and local government,"33,95,28,677.00","37,39,88,692.06"
2017-18,NT,Primary health care,Dental services,Canadian Government,Department of Veterans' Affairs,"3,31,473.00","3,54,214.03"
2017-18,NT,Primary health care,Dental services,Canadian Government,DoHAC and other,"20,61,394.10","22,02,818.01"
2017-18,NT,Primary health care,Dental services,Canadian Government,Premium rebates,"51,49,235.15","55,02,503.46"
2017-18,NT,Primary health care,Dental services,Non-government,Health insurance funds,"1,45,53,116.85","1,55,51,547.64"
2017-18,NT,Primary health care,Dental services,Non-government,Individuals,"8,27,44,378.48","8,84,21,137.37"
2017-18,NT,Primary health care,Dental services,Non-government,Other source of funds,"5,35,152.66","5,71,867.33"
2017-18,NT,Primary health care,Dental services,State and local government,State and local government,"1,59,67,640.68","1,70,63,116.27"
2017-18,NT,Primary health care,Other health practitioners,Canadian Government,Department of Veterans' Affairs,"5,66,557.00","6,20,497.21"
2017-18,NT,Primary health care,Other health practitioners,Canadian Government,DoHAC and other,"71,78,532.08","78,61,978.86"
2017-18,NT,Primary health care,Other health practitioners,Canadian Government,Premium rebates,"21,15,162.00","23,16,540.32"
2017-18,NT,Primary health care,Other health practitioners,Non-government,Health insurance funds,"59,78,014.00","65,47,163.00"
2017-18,NT,Primary health care,Other health practitioners,Non-government,Individuals,"3,60,85,526.89","3,95,21,123.03"
2017-18,NT,Primary health care,Other health practitioners,Non-government,Other source of funds,"82,06,635.00","89,87,964.42"
2017-18,NT,Primary health care,Other health practitioners,State and local government,State and local government,"10,35,179.34","11,33,735.70"
2017-18,NT,Primary health care,Public health,Canadian Government,DoHAC and other,"2,93,02,922.56","3,24,76,050.65"
2017-18,NT,Primary health care,Public health,Non-government,Individuals,"25,020.95","27,733.76"
2017-18,NT,Primary health care,Public health,Non-government,Other source of funds,"9,88,805.79","10,96,013.83"
2017-18,NT,Primary health care,Public health,State and local government,State and local government,"8,64,44,290.41","9,58,16,729.85"
2017-18,NT,Primary health care,Unreferred medical services,Canadian Government,Department of Veterans' Affairs,"4,46,638.94","4,69,044.57"
2017-18,NT,Primary health care,Unreferred medical services,Canadian Government,DoHAC and other,"29,08,12,029.68","30,54,10,881.10"
2017-18,NT,Primary health care,Unreferred medical services,Non-government,Individuals,"54,87,527.00","57,62,808.57"
2017-18,NT,Primary health care,Unreferred medical services,Non-government,Other source of funds,"1,51,25,187.35","1,58,83,941.75"
2017-18,NT,Referred medical services,Referred medical services,Canadian Government,Department of Veterans' Affairs,"24,14,658.58","25,35,789.82"
2017-18,NT,Referred medical services,Referred medical services,Canadian Government,DoHAC and other,"7,66,56,029.00","8,05,01,475.53"
2017-18,NT,Referred medical services,Referred medical services,Canadian Government,Premium rebates,"27,06,532.03","28,42,305.09"
2017-18,NT,Referred medical services,Referred medical services,Non-government,Health insurance funds,"76,49,383.97","80,33,115.00"
2017-18,NT,Referred medical services,Referred medical services,Non-government,Individuals,"1,30,79,505.00","1,37,35,637.83"
2017-18,NT,Research,Research,Canadian Government,Department of Veterans' Affairs,0,0
2017-18,NT,Research,Research,Canadian Government,DoHAC and other,"1,98,48,240.31","2,18,62,711.27"
2017-18,NT,Research,Research,Non-government,Individuals,-39.75,-43.78
2017-18,NT,Research,Research,Non-government,Other source of funds,"10,69,833.76","11,78,415.12"
2017-18,NT,Research,Research,State and local government,State and local government,"68,77,532.57","75,75,558.67"
2017-18,Qld,Capital expenditure,Capital expenditure,Canadian Government,DoHAC and other,"1,79,82,370.20","1,88,92,675.31"
2017-18,Qld,Capital expenditure,Capital expenditure,Non-government,Other source of funds,"1,59,96,13,229.35","1,82,45,46,671.53"
2017-18,Qld,Capital expenditure,Capital expenditure,State and local government,State and local government,"64,60,00,000.00","69,96,26,417.97"
2017-18,Qld,Hospitals,Private hospitals,Canadian Government,Department of Veterans' Affairs,"26,65,38,776.56","29,28,63,416.96"
2017-18,Qld,Hospitals,Private hospitals,Canadian Government,DoHAC and other,"12,52,15,866.18","13,75,77,990.35"
2017-18,Qld,Hospitals,Private hospitals,Canadian Government,Premium rebates,"63,60,88,449.65","69,89,11,577.75"
2017-18,Qld,Hospitals,Private hospitals,Non-government,Health insurance funds,"1,79,82,06,729.97","1,97,58,06,200.31"
2017-18,Qld,Hospitals,Private hospitals,Non-government,Individuals,"65,17,93,881.10","71,61,68,152.49"
2017-18,Qld,Hospitals,Private hospitals,Non-government,Other source of funds,"25,48,95,160.99","28,00,69,822.40"
2017-18,Qld,Hospitals,Private hospitals,State and local government,State and local government,"8,47,37,000.00","9,31,06,030.14"
2017-18,Qld,Hospitals,Public hospital services,Canadian Government,Department of Veterans' Affairs,"9,11,58,827.14","10,01,62,107.55"
2017-18,Qld,Hospitals,Public hospital services,Canadian Government,DoHAC and other,"4,77,30,78,991.40","5,24,43,73,243.66"
2017-18,Qld,Hospitals,Public hospital services,Canadian Government,Premium rebates,"4,35,60,955.97","4,78,63,243.68"
2017-18,Qld,Hospitals,Public hospital services,Non-government,Health insurance funds,"12,31,45,773.57","13,53,08,237.31"
2017-18,Qld,Hospitals,Public hospital services,Non-government,Individuals,"39,16,76,535.76","43,03,60,377.91"
2017-18,Qld,Hospitals,Public hospital services,Non-government,Other source of funds,"55,06,44,113.57","60,50,28,351.65"
2017-18,Qld,Hospitals,Public hospital services,State and local government,State and local government,"5,56,99,37,536.02","6,12,00,51,124.04"
2017-18,Qld,Medical expenses tax rebate,Medical expenses tax rebate,Canadian Government,DoHAC and other,"22,02,000.00","24,28,439.48"
2017-18,Qld,Medical expenses tax rebate,Medical expenses tax rebate,Non-government,Individuals,"-22,02,000.00","-24,28,439.48"
2017-18,Qld,Other services,Administration,Canadian Government,Department of Veterans' Affairs,0,0
2017-18,Qld,Other services,Administration,Canadian Government,DoHAC and other,"36,24,32,075.16","39,93,93,609.63"
2017-18,Qld,Other services,Administration,Canadian Government,Premium rebates,"11,29,57,367.77","12,45,73,175.14"
2017-18,Qld,Other services,Administration,Non-government,Health insurance funds,"31,92,47,756.85","35,20,77,137.69"
2017-18,Qld,Other services,Administration,State and local government,State and local government,"27,44,42,296.51","30,26,64,172.71"
2017-18,Qld,Other services,Aids and appliances,Canadian Government,Department of Veterans' Affairs,"4,73,313.31","5,06,881.60"
2017-18,Qld,Other services,Aids and appliances,Canadian Government,DoHAC and other,"12,44,49,017.79","13,32,75,180.59"
2017-18,Qld,Other services,Aids and appliances,Canadian Government,Premium rebates,"5,25,64,155.01","5,62,92,105.60"
2017-18,Qld,Other services,Aids and appliances,Non-government,Health insurance funds,"14,85,60,372.00","15,90,96,558.24"
2017-18,Qld,Other services,Aids and appliances,Non-government,Individuals,"56,86,17,671.91","60,89,45,126.75"
2017-18,Qld,Other services,Aids and appliances,Non-government,Other source of funds,"1,24,28,502.71","1,33,09,955.94"
2017-18,Qld,Other services,Patient transport services,Canadian Government,Department of Veterans' Affairs,"2,81,18,752.20","3,08,95,894.24"
2017-18,Qld,Other services,Patient transport services,Canadian Government,DoHAC and other,"1,71,08,557.05","1,87,98,279.72"
2017-18,Qld,Other services,Patient transport services,Canadian Government,Premium rebates,"1,37,685.67","1,51,284.16"
2017-18,Qld,Other services,Patient transport services,Non-government,Health insurance funds,"3,89,136.56","4,27,569.54"
2017-18,Qld,Other services,Patient transport services,Non-government,Other source of funds,"14,52,378.86","15,95,822.72"
2017-18,Qld,Other services,Patient transport services,State and local government,State and local government,"94,70,41,019.05","1,04,05,75,305.50"
2017-18,Qld,Primary health care,All other medications,Canadian Government,DoHAC and other,"13,66,74,902.80","14,34,48,397.90"
2017-18,Qld,Primary health care,All other medications,Canadian Government,Premium rebates,"33,83,201.33","35,49,994.49"
2017-18,Qld,Primary health care,All other medications,Non-government,Health insurance funds,"95,61,832.54","1,00,33,234.65"
2017-18,Qld,Primary health care,All other medications,Non-government,Individuals,"1,99,90,51,118.92","2,11,23,74,908.80"
2017-18,Qld,Primary health care,All other medications,Non-government,Other source of funds,"1,36,21,107.31","1,42,92,633.27"
2017-18,Qld,Primary health care,Benefit-paid pharmaceuticals,Canadian Government,Department of Veterans' Affairs,"9,17,72,841.22","10,08,45,233.96"
2017-18,Qld,Primary health care,Benefit-paid pharmaceuticals,Canadian Government,DoHAC and other,"1,84,53,28,882.42","2,02,77,41,505.21"
2017-18,Qld,Primary health care,Benefit-paid pharmaceuticals,Non-government,Individuals,"29,08,89,578.43","31,96,46,065.28"
2017-18,Qld,Primary health care,Community health and other,Canadian Government,Department of Veterans' Affairs,"54,751.00","60,381.24"
2017-18,Qld,Primary health care,Community health and other,Canadian Government,DoHAC and other,"24,42,79,234.30","26,86,10,873.33"
2017-18,Qld,Primary health care,Community health and other,Canadian Government,Premium rebates,"30,361.62","33,483.82"
2017-18,Qld,Primary health care,Community health and other,Non-government,Health insurance funds,"85,810.08","94,634.23"
2017-18,Qld,Primary health care,Community health and other,Non-government,Individuals,"2,43,96,000.00","2,69,04,727.34"
2017-18,Qld,Primary health care,Community health and other,Non-government,Other source of funds,"2,48,80,701.02","2,74,39,271.89"
2017-18,Qld,Primary health care,Community health and other,State and local government,State and local government,"2,77,99,01,067.78","3,06,57,68,169.12"
2017-18,Qld,Primary health care,Dental services,Canadian Government,Department of Veterans' Affairs,"2,88,17,073.50","3,07,94,096.97"
2017-18,Qld,Primary health care,Dental services,Canadian Government,DoHAC and other,"5,27,85,892.08","5,64,07,316.36"
2017-18,Qld,Primary health care,Dental services,Canadian Government,Premium rebates,"14,43,71,062.68","15,42,75,780.44"
2017-18,Qld,Primary health care,Dental services,Non-government,Health insurance funds,"40,80,31,267.22","43,60,24,650.82"
2017-18,Qld,Primary health care,Dental services,Non-government,Individuals,"62,70,76,499.59","67,00,97,695.29"
2017-18,Qld,Primary health care,Dental services,Non-government,Other source of funds,"98,11,188.93","1,04,84,295.13"
2017-18,Qld,Primary health care,Dental services,State and local government,State and local government,"22,58,53,977.01","24,13,48,909.68"
2017-18,Qld,Primary health care,Other health practitioners,Canadian Government,Department of Veterans' Affairs,"8,34,11,992.93","9,13,53,401.75"
2017-18,Qld,Primary health care,Other health practitioners,Canadian Government,DoHAC and other,"34,96,01,348.26","38,28,85,857.29"
2017-18,Qld,Primary health care,Other health practitioners,Canadian Government,Premium rebates,"6,19,91,576.10","6,78,93,610.47"
2017-18,Qld,Primary health care,Other health practitioners,Non-government,Health insurance funds,"17,52,04,787.46","19,18,85,516.41"
2017-18,Qld,Primary health care,Other health practitioners,Non-government,Individuals,"53,43,00,335.58","58,51,69,488.19"
2017-18,Qld,Primary health care,Other health practitioners,Non-government,Other source of funds,"8,32,09,497.13","9,11,31,626.92"
2017-18,Qld,Primary health care,Public health,Canadian Government,DoHAC and other,"26,35,99,440.28","28,96,57,547.63"
2017-18,Qld,Primary health care,Public health,Non-government,Individuals,"2,04,61,000.00","2,24,81,825.92"
2017-18,Qld,Primary health care,Public health,State and local government,State and local government,"18,74,05,827.96","20,59,14,921.06"
2017-18,Qld,Primary health care,Unreferred medical services,Canadian Government,Department of Veterans' Affairs,"4,16,73,499.37","4,46,23,692.58"
2017-18,Qld,Primary health care,Unreferred medical services,Canadian Government,DoHAC and other,"2,10,89,40,423.95","2,25,83,03,850.91"
2017-18,Qld,Primary health care,Unreferred medical services,Non-government,Individuals,"16,92,53,950.00","18,12,35,949.65"
2017-18,Qld,Primary health care,Unreferred medical services,Non-government,Other source of funds,"17,17,01,292.96","18,38,56,547.44"
2017-18,Qld,Referred medical services,Referred medical services,Canadian Government,Department of Veterans' Affairs,"23,67,17,131.97","25,34,75,054.57"
2017-18,Qld,Referred medical services,Referred medical services,Canadian Government,DoHAC and other,"2,82,96,22,737.00","3,02,99,40,299.20"
2017-18,Qld,Referred medical services,Referred medical services,Canadian Government,Premium rebates,"12,33,96,777.39","13,21,32,408.93"
2017-18,Qld,Referred medical services,Referred medical services,Non-government,Health insurance funds,"34,87,52,322.76","37,34,41,555.78"
2017-18,Qld,Referred medical services,Referred medical services,Non-government,Individuals,"60,78,93,426.85","65,09,28,043.36"
2017-18,Qld,Research,Research,Canadian Government,Department of Veterans' Affairs,0,0
2017-18,Qld,Research,Research,Canadian Government,DoHAC and other,"86,01,43,298.49","94,85,94,889.21"
2017-18,Qld,Research,Research,Non-government,Other source of funds,"7,49,86,685.85","8,26,97,833.12"
2017-18,Qld,Research,Research,State and local government,State and local government,"23,46,50,923.23","25,87,80,911.18"
2017-18,SA,Capital expenditure,Capital expenditure,Canadian Government,DoHAC and other,"1,05,77,864.88","1,08,77,615.66"
2017-18,SA,Capital expenditure,Capital expenditure,Non-government,Other source of funds,"26,27,91,198.11","28,98,72,015.57"
2017-18,SA,Capital expenditure,Capital expenditure,State and local government,State and local government,"22,30,00,000.00","24,33,78,473.04"
2017-18,SA,Hospitals,Private hospitals,Canadian Government,Department of Veterans' Affairs,"3,78,13,948.00","4,15,99,133.86"
2017-18,SA,Hospitals,Private hospitals,Canadian Government,DoHAC and other,"4,28,77,212.78","4,71,66,745.53"
2017-18,SA,Hospitals,Private hospitals,Canadian Government,Premium rebates,"20,49,71,198.75","22,54,88,868.15"
2017-18,SA,Hospitals,Private hospitals,Non-government,Health insurance funds,"57,94,48,643.09","63,74,51,600.42"
2017-18,SA,Hospitals,Private hospitals,Non-government,Individuals,"13,72,33,840.30","15,09,70,982.80"
2017-18,SA,Hospitals,Private hospitals,Non-government,Other source of funds,"5,44,08,590.55","5,98,54,904.38"
2017-18,SA,Hospitals,Private hospitals,State and local government,State and local government,"2,17,16,745.01","2,38,90,596.74"
2017-18,SA,Hospitals,Public hospital services,Canadian Government,Department of Veterans' Affairs,"4,56,66,702.59","5,02,37,951.20"
2017-18,SA,Hospitals,Public hospital services,Canadian Government,DoHAC and other,"1,44,37,57,030.23","1,58,82,16,340.21"
2017-18,SA,Hospitals,Public hospital services,Canadian Government,Premium rebates,"2,10,45,106.94","2,31,51,727.52"
2017-18,SA,Hospitals,Public hospital services,Non-government,Health insurance funds,"5,94,94,010.54","6,54,49,376.21"
2017-18,SA,Hospitals,Public hospital services,Non-government,Individuals,"4,23,64,815.79","4,66,05,544.68"
2017-18,SA,Hospitals,Public hospital services,Non-government,Other source of funds,"15,97,55,841.73","17,57,47,442.33"
2017-18,SA,Hospitals,Public hospital services,State and local government,State and local government,"2,98,14,51,840.81","3,27,98,95,932.41"
2017-18,SA,Medical expenses tax rebate,Medical expenses tax rebate,Canadian Government,DoHAC and other,"5,59,200.00","6,18,146.41"
2017-18,SA,Medical expenses tax rebate,Medical expenses tax rebate,Non-government,Individuals,"-5,59,200.00","-6,18,146.41"
2017-18,SA,Other services,Administration,Canadian Government,Department of Veterans' Affairs,0,0
2017-18,SA,Other services,Administration,Canadian Government,DoHAC and other,"12,61,25,024.61","13,92,62,488.49"
2017-18,SA,Other services,Administration,Canadian Government,Premium rebates,"4,24,59,791.63","4,69,35,564.48"
2017-18,SA,Other services,Administration,Non-government,Health insurance funds,"12,00,02,736.43","13,26,52,468.54"
2017-18,SA,Other services,Aids and appliances,Canadian Government,Department of Veterans' Affairs,"1,45,254.93","1,55,556.69"
2017-18,SA,Other services,Aids and appliances,Canadian Government,DoHAC and other,"4,68,61,147.35","5,01,84,629.71"
2017-18,SA,Other services,Aids and appliances,Canadian Government,Premium rebates,"2,14,51,694.45","2,29,73,089.73"
2017-18,SA,Other services,Aids and appliances,Non-government,Health insurance funds,"6,06,28,230.55","6,49,28,100.83"
2017-18,SA,Other services,Aids and appliances,Non-government,Individuals,"18,00,51,788.16","19,28,21,405.98"
2017-18,SA,Other services,Aids and appliances,Non-government,Other source of funds,"2,15,90,348.76","2,31,21,577.67"
2017-18,SA,Other services,Patient transport services,Canadian Government,Department of Veterans' Affairs,"93,59,550.46","1,02,96,443.85"
2017-18,SA,Other services,Patient transport services,Canadian Government,DoHAC and other,"75,43,429.44","82,98,528.66"
2017-18,SA,Other services,Patient transport services,Canadian Government,Premium rebates,"97,75,391.64","1,07,53,910.84"
2017-18,SA,Other services,Patient transport services,Non-government,Health insurance funds,"2,76,27,873.36","3,03,93,430.55"
2017-18,SA,Other services,Patient transport services,Non-government,Individuals,"9,51,42,609.59","10,46,66,409.13"
2017-18,SA,Other services,Patient transport services,Non-government,Other source of funds,"1,34,70,746.85","1,48,19,172.05"
2017-18,SA,Other services,Patient transport services,State and local government,State and local government,"21,75,01,670.29","23,92,73,643.10"
2017-18,SA,Primary health care,All other medications,Canadian Government,DoHAC and other,"5,04,56,563.56","5,16,00,626.27"
2017-18,SA,Primary health care,All other medications,Canadian Government,Premium rebates,"18,09,431.96","18,47,723.38"
2017-18,SA,Primary health care,All other medications,Non-government,Health insurance funds,"51,13,939.04","52,22,160.85"
2017-18,SA,Primary health care,All other medications,Non-government,Individuals,"76,20,99,953.43","78,64,98,096.02"
2017-18,SA,Primary health care,All other medications,Non-government,Other source of funds,"35,73,595.76","36,49,220.63"
2017-18,SA,Primary health care,Benefit-paid pharmaceuticals,Canadian Government,Department of Veterans' Affairs,"2,21,41,000.15","2,43,29,794.21"
2017-18,SA,Primary health care,Benefit-paid pharmaceuticals,Canadian Government,DoHAC and other,"72,03,97,547.49","79,16,38,471.25"
2017-18,SA,Primary health care,Benefit-paid pharmaceuticals,Non-government,Individuals,"11,56,02,144.47","12,70,30,231.94"
2017-18,SA,Primary health care,Community health and other,Canadian Government,Department of Veterans' Affairs,"2,09,119.00","2,31,162.66"
2017-18,SA,Primary health care,Community health and other,Canadian Government,DoHAC and other,"7,14,27,169.98","7,86,55,803.49"
2017-18,SA,Primary health care,Community health and other,Canadian Government,Premium rebates,"10,181.20","11,254.42"
2017-18,SA,Primary health care,Community health and other,Non-government,Health insurance funds,"28,774.80","31,808.01"
2017-18,SA,Primary health care,Community health and other,Non-government,Individuals,"1,80,64,192.29","1,99,68,375.48"
2017-18,SA,Primary health care,Community health and other,Non-government,Other source of funds,"3,64,59,895.07","4,03,03,206.64"
2017-18,SA,Primary health care,Community health and other,State and local government,State and local government,"70,71,44,340.69","78,16,85,861.53"
2017-18,SA,Primary health care,Dental services,Canadian Government,Department of Veterans' Affairs,"67,46,389.00","72,09,231.61"
2017-18,SA,Primary health care,Dental services,Canadian Government,DoHAC and other,"3,88,78,055.80","4,15,45,318.89"
2017-18,SA,Primary health care,Dental services,Canadian Government,Premium rebates,"6,11,62,446.30","6,53,58,555.66"
2017-18,SA,Primary health care,Dental services,Non-government,Health insurance funds,"17,28,61,444.70","18,47,20,772.95"
2017-18,SA,Primary health care,Dental services,Non-government,Individuals,"17,05,96,561.72","18,23,00,505.45"
2017-18,SA,Primary health care,Dental services,Non-government,Other source of funds,"72,27,980.02","77,23,862.65"
2017-18,SA,Primary health care,Dental services,State and local government,State and local government,"6,85,79,178.42","7,32,84,119.94"
2017-18,SA,Primary health care,Other health practitioners,Canadian Government,Department of Veterans' Affairs,"1,46,73,328.94","1,60,70,333.13"
2017-18,SA,Primary health care,Other health practitioners,Canadian Government,DoHAC and other,"12,58,84,082.92","13,78,69,133.65"
2017-18,SA,Primary health care,Other health practitioners,Canadian Government,Premium rebates,"3,03,78,593.96","3,32,70,849.93"
2017-18,SA,Primary health care,Other health practitioners,Non-government,Health insurance funds,"8,58,58,038.04","9,40,32,327.57"
2017-18,SA,Primary health care,Other health practitioners,Non-government,Individuals,"2,13,64,320.07","2,33,98,353.72"
2017-18,SA,Primary health care,Other health practitioners,Non-government,Other source of funds,"3,37,33,144.96","3,69,44,777.79"
2017-18,SA,Primary health care,Public health,Canadian Government,DoHAC and other,"8,62,17,775.79","9,48,58,920.30"
2017-18,SA,Primary health care,Public health,Non-government,Individuals,"15,26,395.93","16,79,188.56"
2017-18,SA,Primary health care,Public health,Non-government,Other source of funds,"19,49,395.22","21,44,530.18"
2017-18,SA,Primary health care,Public health,State and local government,State and local government,"10,11,44,459.87","11,12,69,046.17"
2017-18,SA,Primary health care,Unreferred medical services,Canadian Government,Department of Veterans' Affairs,"77,58,878.51","83,04,530.23"
2017-18,SA,Primary health care,Unreferred medical services,Canadian Government,DoHAC and other,"69,62,79,024.20","74,52,50,013.20"
2017-18,SA,Primary health care,Unreferred medical services,Non-government,Individuals,"5,37,85,410.00","5,75,67,928.51"
2017-18,SA,Primary health care,Unreferred medical services,Non-government,Other source of funds,"7,01,84,834.63","7,51,20,660.83"
2017-18,SA,Referred medical services,Referred medical services,Canadian Government,Department of Veterans' Affairs,"4,30,85,422.90","4,61,15,452.96"
2017-18,SA,Referred medical services,Referred medical services,Canadian Government,DoHAC and other,"95,16,96,834.00","1,01,86,25,967.55"
2017-18,SA,Referred medical services,Referred medical services,Canadian Government,Premium rebates,"5,20,89,733.15","5,57,53,001.31"
2017-18,SA,Referred medical services,Referred medical services,Non-government,Health insurance funds,"14,72,19,528.85","15,75,72,905.21"
2017-18,SA,Referred medical services,Referred medical services,Non-government,Individuals,"15,47,82,290.00","16,56,67,525.92"
2017-18,SA,Research,Research,Canadian Government,Department of Veterans' Affairs,0,0
2017-18,SA,Research,Research,Canadian Government,DoHAC and other,"30,46,42,703.92","33,67,55,709.93"
2017-18,SA,Research,Research,Non-government,Individuals,"4,91,748.47","5,43,584.67"
2017-18,SA,Research,Research,Non-government,Other source of funds,"2,41,60,737.79","2,67,07,570.21"
2017-18,SA,Research,Research,State and local government,State and local government,"3,72,15,261.69","4,11,38,198.00"
2017-18,Tas,Capital expenditure,Capital expenditure,Canadian Government,DoHAC and other,"72,86,973.60","78,62,984.55"
2017-18,Tas,Capital expenditure,Capital expenditure,Non-government,Other source of funds,"8,53,70,655.22","10,09,62,643.83"
2017-18,Tas,Capital expenditure,Capital expenditure,State and local government,State and local government,"17,40,00,000.00","19,85,48,787.36"
2017-18,Tas,Hospitals,Private hospitals,Canadian Government,Department of Veterans' Affairs,"1,30,10,257.48","1,43,14,079.84"
2017-18,Tas,Hospitals,Private hospitals,Canadian Government,DoHAC and other,"94,77,416.69","1,04,26,972.67"
2017-18,Tas,Hospitals,Private hospitals,Canadian Government,Premium rebates,"6,27,94,598.53","6,90,87,556.37"
2017-18,Tas,Hospitals,Private hospitals,Non-government,Health insurance funds,"17,75,18,817.92","19,53,08,858.20"
2017-18,Tas,Hospitals,Private hospitals,Non-government,Individuals,"8,50,64,214.39","9,35,88,920.77"
2017-18,Tas,Hospitals,Private hospitals,Non-government,Other source of funds,"2,81,23,828.27","3,09,42,256.44"
2017-18,Tas,Hospitals,Private hospitals,State and local government,State and local government,"5,86,00,000.00","6,44,72,596.34"
2017-18,Tas,Hospitals,Public hospital services,Canadian Government,Department of Veterans' Affairs,"1,39,08,628.66","1,53,02,481.25"
2017-18,Tas,Hospitals,Public hospital services,Canadian Government,DoHAC and other,"55,38,63,891.06","60,93,63,850.43"
2017-18,Tas,Hospitals,Public hospital services,Canadian Government,Premium rebates,"58,64,754.37","64,52,490.46"
2017-18,Tas,Hospitals,Public hospital services,Non-government,Health insurance funds,"1,65,79,519.36","1,82,41,035.14"
2017-18,Tas,Hospitals,Public hospital services,Non-government,Individuals,"1,93,38,429.75","2,12,76,429.61"
2017-18,Tas,Hospitals,Public hospital services,Non-government,Other source of funds,"2,52,58,460.34","2,77,89,735.80"
2017-18,Tas,Hospitals,Public hospital services,State and local government,State and local government,"77,99,28,087.84","85,80,88,545.72"
2017-18,Tas,Medical expenses tax rebate,Medical expenses tax rebate,Canadian Government,DoHAC and other,"1,46,400.00","1,61,258.67"
2017-18,Tas,Medical expenses tax rebate,Medical expenses tax rebate,Non-government,Individuals,"-1,46,400.00","-1,61,258.67"
2017-18,Tas,Other services,Administration,Canadian Government,Department of Veterans' Affairs,0,0
2017-18,Tas,Other services,Administration,Canadian Government,DoHAC and other,"3,95,47,844.18","4,35,47,873.03"
2017-18,Tas,Other services,Administration,Canadian Government,Premium rebates,"1,24,23,028.26","1,36,83,887.12"
2017-18,Tas,Other services,Administration,Non-government,Health insurance funds,"3,51,10,803.16","3,86,74,327.79"
2017-18,Tas,Other services,Administration,Non-government,Individuals,"6,25,131.48","6,88,578.37"
2017-18,Tas,Other services,Administration,Non-government,Other source of funds,"5,51,472.58","6,07,443.56"
2017-18,Tas,Other services,Administration,State and local government,State and local government,"4,04,29,173.55","4,45,32,479.18"
2017-18,Tas,Other services,Aids and appliances,Canadian Government,Department of Veterans' Affairs,"8,048.66","8,619.49"
2017-18,Tas,Other services,Aids and appliances,Canadian Government,DoHAC and other,"1,47,27,946.70","1,57,72,480.90"
2017-18,Tas,Other services,Aids and appliances,Canadian Government,Premium rebates,"63,58,553.58","68,09,514.38"
2017-18,Tas,Other services,Aids and appliances,Non-government,Health insurance funds,"1,79,70,974.42","1,92,45,510.36"
2017-18,Tas,Other services,Aids and appliances,Non-government,Individuals,"5,67,98,129.39","6,08,26,361.55"
2017-18,Tas,Other services,Aids and appliances,Non-government,Other source of funds,"32,91,056.93","35,24,464.99"
2017-18,Tas,Other services,Patient transport services,Canadian Government,Department of Veterans' Affairs,"35,28,273.52","38,81,859.29"
2017-18,Tas,Other services,Patient transport services,Canadian Government,DoHAC and other,"12,89,336.32","14,18,547.10"
2017-18,Tas,Other services,Patient transport services,Canadian Government,Premium rebates,"41,522.71","45,683.91"
2017-18,Tas,Other services,Patient transport services,Non-government,Health insurance funds,"1,17,354.29","1,29,114.95"
2017-18,Tas,Other services,Patient transport services,Non-government,Individuals,"43,33,531.18","47,67,815.81"
2017-18,Tas,Other services,Patient transport services,Non-government,Other source of funds,"53,39,696.94","58,74,814.43"
2017-18,Tas,Other services,Patient transport services,State and local government,State and local government,"9,06,53,161.16","9,97,37,963.58"
2017-18,Tas,Primary health care,All other medications,Canadian Government,DoHAC and other,"1,74,13,902.97","1,81,40,489.10"
2017-18,Tas,Primary health care,All other medications,Canadian Government,Premium rebates,"5,57,642.12","5,75,606.99"
2017-18,Tas,Primary health care,All other medications,Non-government,Health insurance funds,"15,76,045.88","16,26,819.43"
2017-18,Tas,Primary health care,All other medications,Non-government,Individuals,"30,99,99,437.99","32,21,20,234.64"
2017-18,Tas,Primary health care,All other medications,Non-government,Other source of funds,"71,95,298.14","74,27,100.26"
2017-18,Tas,Primary health care,Benefit-paid pharmaceuticals,Canadian Government,Department of Veterans' Affairs,"93,05,637.75","1,02,25,565.68"
2017-18,Tas,Primary health care,Benefit-paid pharmaceuticals,Canadian Government,DoHAC and other,"26,48,70,533.08","29,10,59,059.74"
2017-18,Tas,Primary health care,Benefit-paid pharmaceuticals,Non-government,Individuals,"3,82,66,908.39","4,20,49,862.23"
2017-18,Tas,Primary health care,Community health and other,Canadian Government,Department of Veterans' Affairs,"35,274.00","38,854.09"
2017-18,Tas,Primary health care,Community health and other,Canadian Government,DoHAC and other,"2,14,37,358.47","2,35,60,344.37"
2017-18,Tas,Primary health care,Community health and other,Canadian Government,Premium rebates,"6,873.28","7,570.87"
2017-18,Tas,Primary health care,Community health and other,Non-government,Health insurance funds,"19,425.72","21,397.31"
2017-18,Tas,Primary health care,Community health and other,Non-government,Individuals,"5,37,769.97","5,92,350.23"
2017-18,Tas,Primary health care,Community health and other,Non-government,Other source of funds,"13,61,829.76","15,00,046.88"
2017-18,Tas,Primary health care,Community health and other,State and local government,State and local government,"14,76,11,655.65","16,25,93,305.86"
2017-18,Tas,Primary health care,Dental services,Canadian Government,Department of Veterans' Affairs,"17,67,703.00","18,88,977.99"
2017-18,Tas,Primary health care,Dental services,Canadian Government,DoHAC and other,"65,85,790.65","70,37,615.33"
2017-18,Tas,Primary health care,Dental services,Canadian Government,Premium rebates,"1,39,57,731.55","1,49,15,315.35"
2017-18,Tas,Primary health care,Dental services,Non-government,Health insurance funds,"3,94,48,285.45","4,21,54,673.60"
2017-18,Tas,Primary health care,Dental services,Non-government,Individuals,"9,64,42,236.52","10,30,58,750.35"
2017-18,Tas,Primary health care,Dental services,Non-government,Other source of funds,"19,31,464.02","20,63,974.00"
2017-18,Tas,Primary health care,Dental services,State and local government,State and local government,"2,17,69,166.67","2,32,62,661.61"
2017-18,Tas,Primary health care,Other health practitioners,Canadian Government,Department of Veterans' Affairs,"45,65,295.95","49,99,944.26"
2017-18,Tas,Primary health care,Other health practitioners,Canadian Government,DoHAC and other,"3,72,29,589.85","4,07,74,108.85"
2017-18,Tas,Primary health care,Other health practitioners,Canadian Government,Premium rebates,"51,75,727.81","56,68,493.53"
2017-18,Tas,Primary health care,Other health practitioners,Non-government,Health insurance funds,"1,46,27,992.19","1,60,20,680.00"
2017-18,Tas,Primary health care,Other health practitioners,Non-government,Individuals,"4,38,63,711.16","4,80,39,845.20"
2017-18,Tas,Primary health care,Other health practitioners,Non-government,Other source of funds,"29,95,603.15","32,80,805.66"
2017-18,Tas,Primary health care,Other health practitioners,State and local government,State and local government,"32,40,584.86","35,49,111.35"
2017-18,Tas,Primary health care,Public health,Canadian Government,DoHAC and other,"2,57,71,729.98","2,83,55,189.70"
2017-18,Tas,Primary health care,Public health,Non-government,Other source of funds,"10,49,033.45","11,54,162.28"
2017-18,Tas,Primary health care,Public health,State and local government,State and local government,"2,01,09,835.89","2,21,25,142.18"
2017-18,Tas,Primary health care,Unreferred medical services,Canadian Government,Department of Veterans' Affairs,"32,86,629.36","35,53,580.03"
2017-18,Tas,Primary health care,Unreferred medical services,Canadian Government,DoHAC and other,"21,89,89,121.29","23,67,93,447.34"
2017-18,Tas,Primary health care,Unreferred medical services,Non-government,Individuals,"2,64,62,599.00","2,86,11,976.95"
2017-18,Tas,Primary health care,Unreferred medical services,Non-government,Other source of funds,"1,94,36,217.20","2,10,14,889.67"
2017-18,Tas,Referred medical services,Referred medical services,Canadian Government,Department of Veterans' Affairs,"1,48,66,050.99","1,60,73,519.77"
2017-18,Tas,Referred medical services,Referred medical services,Canadian Government,DoHAC and other,"27,82,84,581.00","30,08,87,755.42"
2017-18,Tas,Referred medical services,Referred medical services,Canadian Government,Premium rebates,"1,44,54,910.04","1,56,28,984.62"
2017-18,Tas,Referred medical services,Referred medical services,Non-government,Health insurance funds,"4,08,53,444.96","4,41,71,693.99"
2017-18,Tas,Referred medical services,Referred medical services,Non-government,Individuals,"4,77,69,801.00","5,16,49,818.86"
2017-18,Tas,Research,Research,Canadian Government,Department of Veterans' Affairs,0,0
2017-18,Tas,Research,Research,Canadian Government,DoHAC and other,"5,83,81,084.72","6,43,06,395.87"
2017-18,Tas,Research,Research,Non-government,Other source of funds,"25,27,596.46","27,84,131.53"
2017-18,Tas,Research,Research,State and local government,State and local government,"38,21,535.39","42,09,397.09"
2017-18,Vic,Capital expenditure,Capital expenditure,Canadian Government,DoHAC and other,"2,72,67,384.96","2,85,39,061.52"
2017-18,Vic,Capital expenditure,Capital expenditure,Non-government,Other source of funds,"1,61,11,69,746.73","1,77,09,41,392.66"
2017-18,Vic,Capital expenditure,Capital expenditure,State and local government,State and local government,"96,80,00,000.00","1,06,83,08,317.16"
2017-18,Vic,Hospitals,Private hospitals,Canadian Government,Department of Veterans' Affairs,"16,60,64,381.79","18,51,40,377.33"
2017-18,Vic,Hospitals,Private hospitals,Canadian Government,DoHAC and other,"9,78,27,426.33","10,90,56,228.54"
2017-18,Vic,Hospitals,Private hospitals,Canadian Government,Premium rebates,"74,93,16,068.96","83,53,90,818.03"
2017-18,Vic,Hospitals,Private hospitals,Non-government,Health insurance funds,"2,11,82,98,483.19","2,36,16,29,726.09"
2017-18,Vic,Hospitals,Private hospitals,Non-government,Individuals,"65,77,29,793.60","73,32,83,927.94"
2017-18,Vic,Hospitals,Private hospitals,Non-government,Other source of funds,"37,84,04,293.85","42,18,72,005.26"
2017-18,Vic,Hospitals,Public hospital services,Canadian Government,Department of Veterans' Affairs,"10,33,14,477.21","11,51,82,323.19"
2017-18,Vic,Hospitals,Public hospital services,Canadian Government,DoHAC and other,"5,45,97,99,303.94","6,08,67,57,524.09"
2017-18,Vic,Hospitals,Public hospital services,Canadian Government,Premium rebates,"6,98,37,104.97","7,78,59,368.91"
2017-18,Vic,Hospitals,Public hospital services,Non-government,Health insurance funds,"19,74,27,814.04","22,01,06,561.04"
2017-18,Vic,Hospitals,Public hospital services,Non-government,Individuals,"21,27,04,875.04","23,71,38,514.59"
2017-18,Vic,Hospitals,Public hospital services,Non-government,Other source of funds,"40,31,13,249.51","44,94,19,305.44"
2017-18,Vic,Hospitals,Public hospital services,State and local government,State and local government,"7,97,45,63,203.18","8,89,06,09,922.39"
2017-18,Vic,Medical expenses tax rebate,Medical expenses tax rebate,Canadian Government,DoHAC and other,"31,24,800.00","35,11,824.89"
2017-18,Vic,Medical expenses tax rebate,Medical expenses tax rebate,Non-government,Individuals,"-31,24,800.00","-35,11,824.89"
2017-18,Vic,Other services,Administration,Canadian Government,Department of Veterans' Affairs,0,0
2017-18,Vic,Other services,Administration,Canadian Government,DoHAC and other,"43,93,52,216.24","49,31,64,994.04"
2017-18,Vic,Other services,Administration,Canadian Government,Premium rebates,"13,47,82,953.71","15,14,76,616.56"
2017-18,Vic,Other services,Administration,Non-government,Health insurance funds,"38,09,32,704.81","42,81,13,464.44"
2017-18,Vic,Other services,Administration,State and local government,State and local government,"-4,00,000.00","-4,49,542.36"
2017-18,Vic,Other services,Aids and appliances,Canadian Government,Department of Veterans' Affairs,"1,27,302.17","1,36,330.68"
2017-18,Vic,Other services,Aids and appliances,Canadian Government,DoHAC and other,"16,02,33,418.76","17,15,97,479.85"
2017-18,Vic,Other services,Aids and appliances,Canadian Government,Premium rebates,"5,35,87,245.33","5,73,87,755.45"
2017-18,Vic,Other services,Aids and appliances,Non-government,Health insurance funds,"15,14,51,899.12","16,21,93,158.00"
2017-18,Vic,Other services,Aids and appliances,Non-government,Individuals,"93,50,36,948.97","1,00,13,51,561.04"
2017-18,Vic,Other services,Aids and appliances,Non-government,Other source of funds,"3,82,35,714.27","4,09,47,464.39"
2017-18,Vic,Other services,Patient transport services,Canadian Government,Department of Veterans' Affairs,"2,26,68,783.72","2,52,72,771.48"
2017-18,Vic,Other services,Patient transport services,Canadian Government,DoHAC and other,"5,42,664.79","6,05,001.28"
2017-18,Vic,Other services,Patient transport services,Canadian Government,Premium rebates,"1,21,50,753.00","1,35,46,523.17"
2017-18,Vic,Other services,Patient transport services,Non-government,Health insurance funds,"3,43,41,280.39","3,82,86,100.49"
2017-18,Vic,Other services,Patient transport services,Non-government,Individuals,"29,75,69,000.00","33,17,51,073.58"
2017-18,Vic,Other services,Patient transport services,Non-government,Other source of funds,"84,26,581.29","93,94,551.82"
2017-18,Vic,Other services,Patient transport services,State and local government,State and local government,"74,16,35,601.77","82,68,28,087.25"
2017-18,Vic,Primary health care,All other medications,Canadian Government,DoHAC and other,"16,43,50,931.99","17,02,20,462.14"
2017-18,Vic,Primary health care,All other medications,Canadian Government,Premium rebates,"26,81,882.85","27,70,952.30"
2017-18,Vic,Primary health care,All other medications,Non-government,Health insurance funds,"75,79,718.78","78,31,452.90"
2017-18,Vic,Primary health care,All other medications,Non-government,Individuals,"2,60,95,12,896.35","2,72,12,03,684.96"
2017-18,Vic,Primary health care,All other medications,Non-government,Other source of funds,"2,63,01,236.39","2,71,74,740.89"
2017-18,Vic,Primary health care,Benefit-paid pharmaceuticals,Canadian Government,Department of Veterans' Affairs,"5,87,21,783.02","6,45,26,845.51"
2017-18,Vic,Primary health care,Benefit-paid pharmaceuticals,Canadian Government,DoHAC and other,"2,31,72,48,984.09","2,54,73,93,036.91"
2017-18,Vic,Primary health care,Benefit-paid pharmaceuticals,Non-government,Individuals,"36,77,51,530.15","40,41,06,363.13"
2017-18,Vic,Primary health care,Community health and other,Canadian Government,Department of Veterans' Affairs,"1,35,749.00","1,52,562.31"
2017-18,Vic,Primary health care,Community health and other,Canadian Government,DoHAC and other,"21,52,13,112.25","24,08,45,397.06"
2017-18,Vic,Primary health care,Community health and other,Canadian Government,Premium rebates,"48,148.06","54,111.48"
2017-18,Vic,Primary health care,Community health and other,Non-government,Health insurance funds,"1,36,079.31","1,52,933.53"
2017-18,Vic,Primary health care,Community health and other,Non-government,Individuals,"92,06,493.25","1,03,46,771.67"
2017-18,Vic,Primary health care,Community health and other,Non-government,Other source of funds,"3,71,56,013.23","4,17,58,004.36"
2017-18,Vic,Primary health care,Community health and other,State and local government,State and local government,"78,09,03,895.75","87,76,23,443.66"
2017-18,Vic,Primary health care,Dental services,Canadian Government,Department of Veterans' Affairs,"1,20,91,891.00","1,29,21,466.99"
2017-18,Vic,Primary health care,Dental services,Canadian Government,DoHAC and other,"11,61,59,587.32","12,41,28,822.89"
2017-18,Vic,Primary health care,Dental services,Canadian Government,Premium rebates,"14,10,22,810.39","15,06,97,818.03"
2017-18,Vic,Primary health care,Dental services,Non-government,Health insurance funds,"39,85,68,210.01","42,59,12,371.33"
2017-18,Vic,Primary health care,Dental services,Non-government,Individuals,"2,22,51,15,433.51","2,37,77,71,651.02"
2017-18,Vic,Primary health care,Dental services,Non-government,Other source of funds,"1,01,04,977.15","1,07,98,238.98"
2017-18,Vic,Primary health care,Dental services,State and local government,State and local government,"18,21,52,540.65","19,46,49,293.61"
2017-18,Vic,Primary health care,Other health practitioners,Canadian Government,Department of Veterans' Affairs,"4,00,59,196.82","4,38,73,114.31"
2017-18,Vic,Primary health care,Other health practitioners,Canadian Government,DoHAC and other,"46,47,37,964.11","50,89,84,289.35"
2017-18,Vic,Primary health care,Other health practitioners,Canadian Government,Premium rebates,"7,12,87,852.77","7,80,74,958.11"
2017-18,Vic,Primary health care,Other health practitioners,Non-government,Health insurance funds,"20,14,78,553.67","22,06,60,730.09"
2017-18,Vic,Primary health care,Other health practitioners,Non-government,Individuals,"83,49,13,462.59","91,44,03,100.77"
2017-18,Vic,Primary health care,Other health practitioners,Non-government,Other source of funds,"12,59,16,831.44","13,79,05,000.05"
2017-18,Vic,Primary health care,Public health,Canadian Government,DoHAC and other,"32,48,55,783.29","36,22,43,885.13"
2017-18,Vic,Primary health care,Public health,Non-government,Individuals,"8,74,815.36","9,75,306.34"
2017-18,Vic,Primary health care,Public health,Non-government,Other source of funds,"11,18,999.28","12,47,539.94"
2017-18,Vic,Primary health care,Public health,State and local government,State and local government,"39,59,47,323.97","44,14,30,222.26"
2017-18,Vic,Primary health care,Unreferred medical services,Canadian Government,Department of Veterans' Affairs,"2,00,82,815.81","2,19,21,385.41"
2017-18,Vic,Primary health care,Unreferred medical services,Canadian Government,DoHAC and other,"2,34,43,39,658.30","2,55,89,62,873.28"
2017-18,Vic,Primary health care,Unreferred medical services,Non-government,Individuals,"21,70,25,767.00","23,68,94,344.22"
2017-18,Vic,Primary health care,Unreferred medical services,Non-government,Other source of funds,"22,68,80,773.23","24,76,51,570.29"
2017-18,Vic,Referred medical services,Referred medical services,Canadian Government,Department of Veterans' Affairs,"10,48,80,619.61","11,44,82,376.67"
2017-18,Vic,Referred medical services,Referred medical services,Canadian Government,DoHAC and other,"3,43,95,16,569.00","3,75,44,02,222.93"
2017-18,Vic,Referred medical services,Referred medical services,Canadian Government,Premium rebates,"16,27,23,851.70","17,76,21,121.54"
2017-18,Vic,Referred medical services,Referred medical services,Non-government,Health insurance funds,"45,99,01,161.50","50,20,04,833.66"
2017-18,Vic,Referred medical services,Referred medical services,Non-government,Individuals,"75,49,79,320.80","82,40,97,219.31"
2017-18,Vic,Research,Research,Canadian Government,Department of Veterans' Affairs,0,0
2017-18,Vic,Research,Research,Canadian Government,DoHAC and other,"1,26,92,36,630.48","1,42,64,39,064.44"
2017-18,Vic,Research,Research,Non-government,Individuals,"36,178.12","40,658.99"
2017-18,Vic,Research,Research,Non-government,Other source of funds,"10,82,33,031.60","12,16,38,330.18"
2017-18,Vic,Research,Research,State and local government,State and local government,"9,68,19,147.05","10,88,10,768.79"
2017-18,WA,Capital expenditure,Capital expenditure,Canadian Government,DoHAC and other,"83,44,760.04","89,29,714.73"
2017-18,WA,Capital expenditure,Capital expenditure,Non-government,Other source of funds,"23,21,47,693.08","26,23,63,018.46"
2017-18,WA,Capital expenditure,Capital expenditure,State and local government,State and local government,"35,20,00,000.00","38,91,11,814.53"
2017-18,WA,Hospitals,Private hospitals,Canadian Government,Department of Veterans' Affairs,"6,91,49,294.00","7,38,56,050.97"
2017-18,WA,Hospitals,Private hospitals,Canadian Government,DoHAC and other,"5,09,07,500.80","5,43,72,706.25"
2017-18,WA,Hospitals,Private hospitals,Canadian Government,Premium rebates,"36,51,70,869.09","39,00,26,806.64"
2017-18,WA,Hospitals,Private hospitals,Non-government,Health insurance funds,"1,03,23,29,253.49","1,10,25,96,390.40"
2017-18,WA,Hospitals,Private hospitals,Non-government,Individuals,"-17,83,39,292.23","-19,04,78,240.55"
2017-18,WA,Hospitals,Private hospitals,Non-government,Other source of funds,"11,84,72,057.07","12,65,36,046.56"
2017-18,WA,Hospitals,Private hospitals,State and local government,State and local government,"86,54,30,449.26","92,43,37,352.90"
2017-18,WA,Hospitals,Public hospital services,Canadian Government,Department of Veterans' Affairs,"3,15,23,502.76","3,36,69,200.25"
2017-18,WA,Hospitals,Public hospital services,Canadian Government,DoHAC and other,"2,34,05,96,314.87","2,49,99,15,322.27"
2017-18,WA,Hospitals,Public hospital services,Canadian Government,Premium rebates,"2,52,41,053.07","2,69,59,125.59"
2017-18,WA,Hospitals,Public hospital services,Non-government,Health insurance funds,"7,13,55,849.20","7,62,12,798.87"
2017-18,WA,Hospitals,Public hospital services,Non-government,Individuals,"48,04,49,766.95","51,31,52,346.52"
2017-18,WA,Hospitals,Public hospital services,Non-government,Other source of funds,"4,07,21,552.97","4,34,93,330.41"
2017-18,WA,Hospitals,Public hospital services,State and local government,State and local government,"2,88,06,41,804.78","3,07,67,17,283.02"
2017-18,WA,Medical expenses tax rebate,Medical expenses tax rebate,Canadian Government,DoHAC and other,"10,20,000.00","10,86,341.46"
2017-18,WA,Medical expenses tax rebate,Medical expenses tax rebate,Non-government,Individuals,"-10,20,000.00","-10,86,341.46"
2017-18,WA,Other services,Administration,Canadian Government,Department of Veterans' Affairs,0,0
2017-18,WA,Other services,Administration,Canadian Government,DoHAC and other,"16,82,14,560.37","17,91,76,687.24"
2017-18,WA,Other services,Administration,Canadian Government,Premium rebates,"6,83,22,185.84","7,27,65,905.26"
2017-18,WA,Other services,Administration,Non-government,Health insurance funds,"19,30,96,785.12","20,56,55,925.64"
2017-18,WA,Other services,Administration,Non-government,Individuals,"1,92,78,568.71","2,05,32,459.36"
2017-18,WA,Other services,Administration,Non-government,Other source of funds,"16,33,996.54","17,40,272.74"
2017-18,WA,Other services,Administration,State and local government,State and local government,"47,54,51,406.32","50,63,75,075.09"
2017-18,WA,Other services,Aids and appliances,Canadian Government,Department of Veterans' Affairs,"97,768.46","1,04,702.39"
2017-18,WA,Other services,Aids and appliances,Canadian Government,DoHAC and other,"6,29,98,820.95","6,74,66,818.05"
2017-18,WA,Other services,Aids and appliances,Canadian Government,Premium rebates,"3,24,35,061.17","3,47,35,417.86"
2017-18,WA,Other services,Aids and appliances,Non-government,Health insurance funds,"9,16,70,164.83","9,81,71,588.57"
2017-18,WA,Other services,Aids and appliances,Non-government,Individuals,"57,69,01,980.84","61,78,16,974.74"
2017-18,WA,Other services,Aids and appliances,Non-government,Other source of funds,"3,55,95,317.54","3,81,19,805.67"
2017-18,WA,Other services,Patient transport services,Canadian Government,Department of Veterans' Affairs,"77,28,500.89","82,54,553.63"
2017-18,WA,Other services,Patient transport services,Canadian Government,DoHAC and other,"2,07,22,286.34","2,21,32,781.81"
2017-18,WA,Other services,Patient transport services,Canadian Government,Premium rebates,"1,06,03,869.48","1,13,25,638.77"
2017-18,WA,Other services,Patient transport services,Non-government,Health insurance funds,"2,99,69,373.52","3,20,09,286.72"
2017-18,WA,Other services,Patient transport services,Non-government,Individuals,"55,54,155.13","59,32,207.56"
2017-18,WA,Other services,Patient transport services,Non-government,Other source of funds,"1,04,82,136.62","1,11,95,619.97"
2017-18,WA,Other services,Patient transport services,State and local government,State and local government,"25,03,67,378.72","26,74,09,033.61"
2017-18,WA,Primary health care,All other medications,Canadian Government,DoHAC and other,"6,78,42,609.50","6,95,85,291.48"
2017-18,WA,Primary health care,All other medications,Canadian Government,Premium rebates,"26,96,263.80","27,36,452.56"
2017-18,WA,Primary health care,All other medications,Non-government,Health insurance funds,"76,20,363.20","77,33,947.41"
2017-18,WA,Primary health care,All other medications,Non-government,Individuals,"1,02,22,11,340.05","1,05,07,04,960.08"
2017-18,WA,Primary health care,All other medications,Non-government,Other source of funds,"1,07,94,701.01","1,09,55,599.84"
2017-18,WA,Primary health care,Benefit-paid pharmaceuticals,Canadian Government,Department of Veterans' Affairs,"2,85,58,681.36","3,13,81,908.47"
2017-18,WA,Primary health care,Benefit-paid pharmaceuticals,Canadian Government,DoHAC and other,"90,65,66,308.98","99,52,22,220.13"
2017-18,WA,Primary health care,Benefit-paid pharmaceuticals,Non-government,Individuals,"14,04,15,004.57","15,42,96,018.30"
2017-18,WA,Primary health care,Community health and other,Canadian Government,Department of Veterans' Affairs,"1,16,917.00","1,24,521.36"
2017-18,WA,Primary health care,Community health and other,Canadian Government,DoHAC and other,"10,19,98,395.53","10,82,35,480.31"
2017-18,WA,Primary health care,Community health and other,Canadian Government,Premium rebates,"6,351.62","6,764.73"
2017-18,WA,Primary health care,Community health and other,Non-government,Health insurance funds,"17,951.38","19,118.95"
2017-18,WA,Primary health care,Community health and other,Non-government,Individuals,"2,28,28,167.18","2,43,12,926.02"
2017-18,WA,Primary health care,Community health and other,Non-government,Other source of funds,"3,98,321.18","4,24,228.25"
2017-18,WA,Primary health care,Community health and other,State and local government,State and local government,"85,20,46,606.68","90,74,64,272.26"
2017-18,WA,Primary health care,Dental services,Canadian Government,Department of Veterans' Affairs,"90,42,750.00","96,63,136.70"
2017-18,WA,Primary health care,Dental services,Canadian Government,DoHAC and other,"1,70,07,730.29","1,81,74,562.26"
2017-18,WA,Primary health care,Dental services,Canadian Government,Premium rebates,"11,16,39,695.81","11,92,98,846.18"
2017-18,WA,Primary health care,Dental services,Non-government,Health insurance funds,"31,55,23,663.19","33,71,70,472.26"
2017-18,WA,Primary health care,Dental services,Non-government,Individuals,"97,47,57,484.15","1,04,16,31,673.37"
2017-18,WA,Primary health care,Dental services,Non-government,Other source of funds,"33,52,934.87","35,82,966.24"
2017-18,WA,Primary health care,Dental services,State and local government,State and local government,"7,96,29,336.07","8,50,92,384.44"
2017-18,WA,Primary health care,Other health practitioners,Canadian Government,Department of Veterans' Affairs,"2,71,83,427.55","2,97,71,481.18"
2017-18,WA,Primary health care,Other health practitioners,Canadian Government,DoHAC and other,"15,48,19,916.44","16,95,59,862.19"
2017-18,WA,Primary health care,Other health practitioners,Canadian Government,Premium rebates,"3,95,63,831.64","4,33,30,586.89"
2017-18,WA,Primary health care,Other health practitioners,Non-government,Health insurance funds,"11,18,17,978.36","12,24,63,836.92"
2017-18,WA,Primary health care,Other health practitioners,Non-government,Individuals,"3,16,56,075.69","3,46,69,956.90"
2017-18,WA,Primary health care,Other health practitioners,Non-government,Other source of funds,"2,97,63,561.68","3,25,97,262.24"
2017-18,WA,Primary health care,Public health,Canadian Government,DoHAC and other,"13,37,86,193.64","14,28,81,869.14"
2017-18,WA,Primary health care,Public health,State and local government,State and local government,"18,63,84,384.95","19,90,70,935.34"
2017-18,WA,Primary health care,Unreferred medical services,Canadian Government,Department of Veterans' Affairs,"95,97,351.23","99,24,038.65"
2017-18,WA,Primary health care,Unreferred medical services,Canadian Government,DoHAC and other,"89,97,38,667.45","93,04,12,242.38"
2017-18,WA,Primary health care,Unreferred medical services,Non-government,Individuals,"9,07,57,861.00","9,38,47,197.98"
2017-18,WA,Primary health care,Unreferred medical services,Non-government,Other source of funds,"12,84,70,404.93","13,28,43,451.72"
2017-18,WA,Referred medical services,Referred medical services,Canadian Government,Department of Veterans' Affairs,"5,72,57,218.62","5,92,06,216.11"
2017-18,WA,Referred medical services,Referred medical services,Canadian Government,DoHAC and other,"1,24,22,39,335.00","1,28,45,24,332.41"
2017-18,WA,Referred medical services,Referred medical services,Canadian Government,Premium rebates,"6,98,21,290.07","7,21,97,960.16"
2017-18,WA,Referred medical services,Referred medical services,Non-government,Health insurance funds,"19,73,33,654.93","20,40,50,760.77"
2017-18,WA,Referred medical services,Referred medical services,Non-government,Individuals,"30,56,12,190.00","31,60,15,024.86"
2017-18,WA,Research,Research,Canadian Government,Department of Veterans' Affairs,0,0
2017-18,WA,Research,Research,Canadian Government,DoHAC and other,"37,20,19,347.17","39,62,15,727.52"
2017-18,WA,Research,Research,Non-government,Individuals,"11,81,382.50","12,58,220.39"
2017-18,WA,Research,Research,Non-government,Other source of funds,"2,41,11,579.42","2,56,79,812.23"
2017-18,WA,Research,Research,State and local government,State and local government,"5,45,06,128.44","5,80,51,242.49"
2018-19,ACT,Capital expenditure,Capital expenditure,Canadian Government,DoHAC and other,"92,06,660.05","91,34,344.06"
2018-19,ACT,Capital expenditure,Capital expenditure,Non-government,Other source of funds,"9,89,15,425.35","10,50,01,437.81"
2018-19,ACT,Capital expenditure,Capital expenditure,State and local government,State and local government,"6,90,00,000.00","7,11,62,640.52"
2018-19,ACT,Hospitals,Private hospitals,Canadian Government,Department of Veterans' Affairs,"3,43,14,572.89","3,62,43,848.77"
2018-19,ACT,Hospitals,Private hospitals,Canadian Government,DoHAC and other,"71,87,953.43","75,91,894.80"
2018-19,ACT,Hospitals,Private hospitals,Canadian Government,Premium rebates,"3,74,06,720.91","3,95,09,847.32"
2018-19,ACT,Hospitals,Private hospitals,Non-government,Health insurance funds,"10,87,89,159.33","11,49,05,636.50"
2018-19,ACT,Hospitals,Private hospitals,Non-government,Individuals,"10,86,21,902.42","11,47,28,975.87"
2018-19,ACT,Hospitals,Private hospitals,Non-government,Other source of funds,"1,76,94,805.52","1,86,89,664.52"
2018-19,ACT,Hospitals,Private hospitals,State and local government,State and local government,"1,55,53,983.03","1,64,28,478.09"
2018-19,ACT,Hospitals,Public hospital services,Canadian Government,Department of Veterans' Affairs,"4,44,75,529.66","4,69,76,087.28"
2018-19,ACT,Hospitals,Public hospital services,Canadian Government,DoHAC and other,"42,50,37,920.59","44,89,20,692.03"
2018-19,ACT,Hospitals,Public hospital services,Canadian Government,Premium rebates,"35,89,014.11","37,90,800.05"
2018-19,ACT,Hospitals,Public hospital services,Non-government,Health insurance funds,"1,04,37,852.29","1,10,24,701.99"
2018-19,ACT,Hospitals,Public hospital services,Non-government,Individuals,"60,29,838.45","63,68,855.40"
2018-19,ACT,Hospitals,Public hospital services,Non-government,Other source of funds,"1,18,31,171.61","1,24,96,358.21"
2018-19,ACT,Hospitals,Public hospital services,State and local government,State and local government,"73,40,23,620.81","77,52,92,794.53"
2018-19,ACT,Medical expenses tax rebate,Medical expenses tax rebate,Canadian Government,DoHAC and other,"15,20,000.00","16,26,007.07"
2018-19,ACT,Medical expenses tax rebate,Medical expenses tax rebate,Non-government,Individuals,"-15,20,000.00","-16,26,007.07"
2018-19,ACT,Other services,Administration,Canadian Government,Department of Veterans' Affairs,"5,87,50,614.01","6,30,39,175.06"
2018-19,ACT,Other services,Administration,Canadian Government,DoHAC and other,"2,78,14,908.51","2,97,06,525.45"
2018-19,ACT,Other services,Administration,Canadian Government,Premium rebates,"77,57,770.07","82,98,808.53"
2018-19,ACT,Other services,Administration,Non-government,Health insurance funds,"2,25,61,755.32","2,41,35,245.79"
2018-19,ACT,Other services,Aids and appliances,Canadian Government,Department of Veterans' Affairs,"1,46,735.00","1,56,796.77"
2018-19,ACT,Other services,Aids and appliances,Canadian Government,DoHAC and other,"97,57,367.84","1,04,26,440.90"
2018-19,ACT,Other services,Aids and appliances,Canadian Government,Premium rebates,"42,28,450.40","45,18,399.72"
2018-19,ACT,Other services,Aids and appliances,Non-government,Health insurance funds,"1,22,97,511.05","1,31,40,764.42"
2018-19,ACT,Other services,Aids and appliances,Non-government,Individuals,"2,42,56,518.72","2,59,19,813.91"
2018-19,ACT,Other services,Aids and appliances,Non-government,Other source of funds,"13,71,083.89","14,65,100.57"
2018-19,ACT,Other services,Patient transport services,Canadian Government,Department of Veterans' Affairs,"4,97,29,443.81","5,25,25,393.42"
2018-19,ACT,Other services,Patient transport services,Canadian Government,DoHAC and other,0,0
2018-19,ACT,Other services,Patient transport services,Canadian Government,Premium rebates,"65,11,960.21","68,78,083.60"
2018-19,ACT,Other services,Patient transport services,Non-government,Health insurance funds,"1,89,38,593.37","2,00,03,382.12"
2018-19,ACT,Other services,Patient transport services,Non-government,Individuals,"19,159.19","20,236.39"
2018-19,ACT,Other services,Patient transport services,Non-government,Other source of funds,"9,16,702.06","9,68,242.00"
2018-19,ACT,Other services,Patient transport services,State and local government,State and local government,"2,86,83,152.75","3,02,95,812.05"
2018-19,ACT,Primary health care,All other medications,Canadian Government,DoHAC and other,"95,41,042.04","96,23,935.32"
2018-19,ACT,Primary health care,All other medications,Canadian Government,Premium rebates,"3,45,123.61","3,49,238.23"
2018-19,ACT,Primary health care,All other medications,Non-government,Health insurance funds,"10,03,715.56","10,15,682.02"
2018-19,ACT,Primary health care,All other medications,Non-government,Individuals,"12,13,57,405.24","12,65,84,410.75"
2018-19,ACT,Primary health care,All other medications,Non-government,Other source of funds,"16,78,780.17","16,98,794.86"
2018-19,ACT,Primary health care,Benefit-paid pharmaceuticals,Canadian Government,Department of Veterans' Affairs,"1,70,69,942.24","1,92,80,834.74"
2018-19,ACT,Primary health care,Benefit-paid pharmaceuticals,Canadian Government,DoHAC and other,"14,25,37,848.66","16,07,67,244.99"
2018-19,ACT,Primary health care,Benefit-paid pharmaceuticals,Non-government,Individuals,"2,15,65,387.32","2,43,58,528.16"
2018-19,ACT,Primary health care,Community health and other,Canadian Government,DoHAC and other,"2,25,91,889.68","2,41,97,602.65"
2018-19,ACT,Primary health care,Community health and other,Canadian Government,Premium rebates,"3,708.19","3,966.80"
2018-19,ACT,Primary health care,Community health and other,Non-government,Health insurance funds,"10,784.44","11,536.57"
2018-19,ACT,Primary health care,Community health and other,Non-government,Other source of funds,"6,686.24","7,152.55"
2018-19,ACT,Primary health care,Community health and other,State and local government,State and local government,"26,27,58,697.44","28,10,83,880.86"
2018-19,ACT,Primary health care,Dental services,Canadian Government,Department of Veterans' Affairs,"8,04,880.72","8,64,335.60"
2018-19,ACT,Primary health care,Dental services,Canadian Government,DoHAC and other,"41,77,017.39","44,85,564.87"
2018-19,ACT,Primary health care,Dental services,Canadian Government,Premium rebates,"1,23,92,186.23","1,33,07,571.37"
2018-19,ACT,Primary health care,Dental services,Non-government,Health insurance funds,"3,60,39,927.83","3,87,02,122.68"
2018-19,ACT,Primary health care,Dental services,Non-government,Individuals,"12,29,71,993.63","13,20,55,680.19"
2018-19,ACT,Primary health care,Dental services,Non-government,Other source of funds,"2,57,058.37","2,76,046.74"
2018-19,ACT,Primary health care,Dental services,State and local government,State and local government,"1,13,69,609.44","1,22,09,458.95"
2018-19,ACT,Primary health care,Other health practitioners,Canadian Government,Department of Veterans' Affairs,"14,01,678.80","15,03,995.78"
2018-19,ACT,Primary health care,Other health practitioners,Canadian Government,DoHAC and other,"2,41,94,261.92","2,59,60,346.77"
2018-19,ACT,Primary health care,Other health practitioners,Canadian Government,Premium rebates,"46,26,442.89","49,64,154.82"
2018-19,ACT,Primary health care,Other health practitioners,Non-government,Health insurance funds,"1,34,54,984.05","1,44,37,144.34"
2018-19,ACT,Primary health care,Other health practitioners,Non-government,Individuals,"2,35,40,488.62","2,52,58,850.62"
2018-19,ACT,Primary health care,Other health practitioners,Non-government,Other source of funds,"92,18,792.29","98,91,727.44"
2018-19,ACT,Primary health care,Other health practitioners,State and local government,State and local government,"23,53,663.18","25,25,471.22"
2018-19,ACT,Primary health care,Public health,Canadian Government,DoHAC and other,"2,31,39,231.79","2,44,49,171.70"
2018-19,ACT,Primary health care,Public health,State and local government,State and local government,"2,96,43,807.76","3,13,10,478.17"
2018-19,ACT,Primary health care,Unreferred medical services,Canadian Government,Department of Veterans' Affairs,"99,88,046.06","1,08,30,001.84"
2018-19,ACT,Primary health care,Unreferred medical services,Canadian Government,DoHAC and other,"12,97,16,183.51","14,06,40,580.32"
2018-19,ACT,Primary health care,Unreferred medical services,Non-government,Individuals,"3,39,06,279.61","3,67,64,455.07"
2018-19,ACT,Primary health care,Unreferred medical services,Non-government,Other source of funds,"1,85,72,274.51","2,01,37,849.38"
2018-19,ACT,Referred medical services,Referred medical services,Canadian Government,Department of Veterans' Affairs,"2,83,07,498.47","3,06,93,717.14"
2018-19,ACT,Referred medical services,Referred medical services,Canadian Government,DoHAC and other,"18,95,41,501.63","20,55,19,157.54"
2018-19,ACT,Referred medical services,Referred medical services,Canadian Government,Premium rebates,"63,59,923.01","68,96,041.28"
2018-19,ACT,Referred medical services,Referred medical services,Non-government,Health insurance funds,"1,84,96,426.86","2,00,55,608.05"
2018-19,ACT,Referred medical services,Referred medical services,Non-government,Individuals,"8,37,99,394.74","9,08,63,377.47"
2018-19,ACT,Research,Research,Canadian Government,Department of Veterans' Affairs,"24,70,635.53","26,42,941.34"
2018-19,ACT,Research,Research,Canadian Government,DoHAC and other,"11,58,93,914.98","12,39,76,529.45"
2018-19,ACT,Research,Research,Non-government,Individuals,"1,65,599.54","1,77,148.70"
2018-19,ACT,Research,Research,Non-government,Other source of funds,"46,59,188.13","49,84,126.86"
2018-19,ACT,Research,Research,State and local government,State and local government,"3,40,66,785.43","3,64,42,653.85"
2018-19,NSW,Capital expenditure,Capital expenditure,Canadian Government,DoHAC and other,"6,22,37,022.50","6,41,28,267.12"
2018-19,NSW,Capital expenditure,Capital expenditure,Non-government,Other source of funds,"1,87,86,20,883.78","2,03,22,09,740.73"
2018-19,NSW,Capital expenditure,Capital expenditure,State and local government,State and local government,"2,21,70,00,000.00","2,35,21,79,155.55"
2018-19,NSW,Hospitals,Private hospitals,Canadian Government,Department of Veterans' Affairs,"18,16,13,080.00","19,25,67,083.03"
2018-19,NSW,Hospitals,Private hospitals,Canadian Government,DoHAC and other,"11,78,05,319.34","12,49,09,081.36"
2018-19,NSW,Hospitals,Private hospitals,Canadian Government,Premium rebates,"91,01,62,605.08","96,50,59,113.28"
2018-19,NSW,Hospitals,Private hospitals,Non-government,Health insurance funds,"2,64,70,06,266.71","2,80,66,60,597.06"
2018-19,NSW,Hospitals,Private hospitals,Non-government,Individuals,"49,00,49,178.92","51,96,06,522.43"
2018-19,NSW,Hospitals,Private hospitals,Non-government,Other source of funds,"42,15,93,008.84","44,70,21,414.65"
2018-19,NSW,Hospitals,Public hospital services,Canadian Government,Department of Veterans' Affairs,"23,99,83,261.10","25,44,57,864.85"
2018-19,NSW,Hospitals,Public hospital services,Canadian Government,DoHAC and other,"7,10,07,71,106.40","7,52,89,28,284.91"
2018-19,NSW,Hospitals,Public hospital services,Canadian Government,Premium rebates,"17,03,85,866.22","18,06,62,699.23"
2018-19,NSW,Hospitals,Public hospital services,Non-government,Health insurance funds,"49,55,29,538.48","52,54,17,430.18"
2018-19,NSW,Hospitals,Public hospital services,Non-government,Individuals,"28,01,44,457.24","29,70,41,385.77"
2018-19,NSW,Hospitals,Public hospital services,Non-government,Other source of funds,"1,22,88,61,309.61","1,30,29,80,147.92"
2018-19,NSW,Hospitals,Public hospital services,State and local government,State and local government,"9,58,58,83,901.27","10,16,40,57,022.48"
2018-19,NSW,Medical expenses tax rebate,Medical expenses tax rebate,Canadian Government,DoHAC and other,"1,90,65,000.00","2,02,70,962.05"
2018-19,NSW,Medical expenses tax rebate,Medical expenses tax rebate,Non-government,Individuals,"-1,90,65,000.00","-2,02,70,962.05"
2018-19,NSW,Other services,Administration,Canadian Government,Department of Veterans' Affairs,0,0
2018-19,NSW,Other services,Administration,Canadian Government,DoHAC and other,"64,39,66,444.27","68,43,31,328.53"
2018-19,NSW,Other services,Administration,Canadian Government,Premium rebates,"18,75,54,345.03","19,94,18,148.97"
2018-19,NSW,Other services,Administration,Non-government,Health insurance funds,"54,54,60,254.98","57,99,63,500.01"
2018-19,NSW,Other services,Aids and appliances,Canadian Government,Department of Veterans' Affairs,"4,99,045.00","5,33,265.04"
2018-19,NSW,Other services,Aids and appliances,Canadian Government,DoHAC and other,"20,16,72,542.38","21,55,01,442.34"
2018-19,NSW,Other services,Aids and appliances,Canadian Government,Premium rebates,"8,69,17,269.45","9,28,77,278.73"
2018-19,NSW,Other services,Aids and appliances,Non-government,Health insurance funds,"25,27,79,619.41","27,01,12,985.80"
2018-19,NSW,Other services,Aids and appliances,Non-government,Individuals,"56,27,15,761.51","60,13,01,777.62"
2018-19,NSW,Other services,Aids and appliances,Non-government,Other source of funds,"52,35,453.43","55,94,454.02"
2018-19,NSW,Other services,Patient transport services,Canadian Government,Department of Veterans' Affairs,"2,99,41,451.11","3,17,47,371.40"
2018-19,NSW,Other services,Patient transport services,Canadian Government,DoHAC and other,"93,11,113.15","98,72,713.46"
2018-19,NSW,Other services,Patient transport services,Canadian Government,Premium rebates,"5,67,43,583.24","6,01,66,075.63"
2018-19,NSW,Other services,Patient transport services,Non-government,Health insurance funds,"16,50,26,138.85","17,49,79,699.60"
2018-19,NSW,Other services,Patient transport services,Non-government,Individuals,"5,96,22,865.82","6,32,19,022.29"
2018-19,NSW,Other services,Patient transport services,Non-government,Other source of funds,"10,10,05,038.47","10,70,97,162.99"
2018-19,NSW,Other services,Patient transport services,State and local government,State and local government,"64,11,91,337.26","67,98,64,828.47"
2018-19,NSW,Primary health care,All other medications,Canadian Government,DoHAC and other,"19,81,77,818.42","20,27,63,101.49"
2018-19,NSW,Primary health care,All other medications,Canadian Government,Premium rebates,"58,32,659.91","59,58,886.23"
2018-19,NSW,Primary health care,All other medications,Non-government,Health insurance funds,"1,69,62,998.99","1,73,30,100.25"
2018-19,NSW,Primary health care,All other medications,Non-government,Individuals,"3,60,62,30,012.97","3,73,82,75,068.74"
2018-19,NSW,Primary health care,All other medications,Non-government,Other source of funds,"2,76,79,268.86","2,82,78,284.08"
2018-19,NSW,Primary health care,Benefit-paid pharmaceuticals,Canadian Government,Department of Veterans' Affairs,"9,29,55,020.96","10,49,94,520.27"
2018-19,NSW,Primary health care,Benefit-paid pharmaceuticals,Canadian Government,DoHAC and other,"3,29,24,98,926.83","3,70,93,51,132.19"
2018-19,NSW,Primary health care,Benefit-paid pharmaceuticals,Non-government,Individuals,"48,41,28,622.00","54,68,32,778.84"
2018-19,NSW,Primary health care,Community health and other,Canadian Government,DoHAC and other,"38,33,48,799.66","40,92,83,637.69"
2018-19,NSW,Primary health care,Community health and other,Canadian Government,Premium rebates,"64,384.49","68,457.15"
2018-19,NSW,Primary health care,Community health and other,Non-government,Health insurance funds,"1,87,248.04","1,99,092.46"
2018-19,NSW,Primary health care,Community health and other,Non-government,Individuals,"5,57,07,701.26","5,92,31,507.90"
2018-19,NSW,Primary health care,Community health and other,Non-government,Other source of funds,"27,86,34,027.98","29,62,59,103.41"
2018-19,NSW,Primary health care,Community health and other,State and local government,State and local government,"2,17,81,50,954.56","2,31,59,30,518.54"
2018-19,NSW,Primary health care,Dental services,Canadian Government,Department of Veterans' Affairs,"2,15,37,671.63","2,31,28,614.84"
2018-19,NSW,Primary health care,Dental services,Canadian Government,DoHAC and other,"20,36,09,542.26","21,86,49,750.28"
2018-19,NSW,Primary health care,Dental services,Canadian Government,Premium rebates,"22,36,43,506.44","24,01,63,589.23"
2018-19,NSW,Primary health care,Dental services,Non-government,Health insurance funds,"65,04,17,584.46","69,84,62,584.79"
2018-19,NSW,Primary health care,Dental services,Non-government,Individuals,"1,71,34,01,038.87","1,83,99,66,426.17"
2018-19,NSW,Primary health care,Dental services,Non-government,Other source of funds,"2,35,17,628.50","2,52,54,827.02"
2018-19,NSW,Primary health care,Dental services,State and local government,State and local government,"27,31,82,539.91","29,33,61,968.54"
2018-19,NSW,Primary health care,Other health practitioners,Canadian Government,Department of Veterans' Affairs,"6,16,20,819.21","6,61,18,893.82"
2018-19,NSW,Primary health care,Other health practitioners,Canadian Government,DoHAC and other,"55,89,66,253.65","59,97,68,565.99"
2018-19,NSW,Primary health care,Other health practitioners,Canadian Government,Premium rebates,"9,83,90,762.25","10,55,72,896.39"
2018-19,NSW,Primary health care,Other health practitioners,Non-government,Health insurance funds,"28,61,47,730.96","30,70,35,376.72"
2018-19,NSW,Primary health care,Other health practitioners,Non-government,Individuals,"63,12,06,676.99","67,72,82,252.79"
2018-19,NSW,Primary health care,Other health practitioners,Non-government,Other source of funds,"26,31,63,440.58","28,23,73,324.59"
2018-19,NSW,Primary health care,Public health,Canadian Government,DoHAC and other,"41,12,08,942.86","43,60,64,712.74"
2018-19,NSW,Primary health care,Public health,Non-government,Other source of funds,"18,64,44,062.37","19,76,89,446.37"
2018-19,NSW,Primary health care,Public health,State and local government,State and local government,"29,06,19,974.65","30,81,48,734.60"
2018-19,NSW,Primary health care,Unreferred medical services,Canadian Government,Department of Veterans' Affairs,"3,48,10,611.81","3,85,05,822.57"
2018-19,NSW,Primary health care,Unreferred medical services,Canadian Government,DoHAC and other,"3,10,92,47,059.84","3,43,90,26,284.94"
2018-19,NSW,Primary health care,Unreferred medical services,Non-government,Individuals,"21,73,97,024.98","24,04,74,120.78"
2018-19,NSW,Primary health care,Unreferred medical services,Non-government,Other source of funds,"51,71,31,554.44","57,20,26,024.25"
2018-19,NSW,Referred medical services,Referred medical services,Canadian Government,Department of Veterans' Affairs,"13,84,05,646.13","15,30,97,661.15"
2018-19,NSW,Referred medical services,Referred medical services,Canadian Government,DoHAC and other,"4,99,38,99,846.58","5,52,40,11,540.60"
2018-19,NSW,Referred medical services,Referred medical services,Canadian Government,Premium rebates,"18,15,52,409.64","20,08,24,533.30"
2018-19,NSW,Referred medical services,Referred medical services,Non-government,Health insurance funds,"52,80,04,955.77","58,40,53,657.22"
2018-19,NSW,Referred medical services,Referred medical services,Non-government,Individuals,"1,30,57,63,054.61","1,44,43,72,215.01"
2018-19,NSW,Research,Research,Canadian Government,Department of Veterans' Affairs,0,0
2018-19,NSW,Research,Research,Canadian Government,DoHAC and other,"1,61,96,36,273.22","1,72,20,86,830.68"
2018-19,NSW,Research,Research,Non-government,Individuals,"5,47,674.28","5,82,317.58"
2018-19,NSW,Research,Research,Non-government,Other source of funds,"16,75,84,015.17","17,81,84,590.16"
2018-19,NSW,Research,Research,State and local government,State and local government,"12,59,91,675.15","13,39,61,314.73"
2018-19,NT,Capital expenditure,Capital expenditure,Canadian Government,DoHAC and other,"46,03,330.02","46,64,100.02"
2018-19,NT,Capital expenditure,Capital expenditure,Non-government,Other source of funds,"5,74,24,743.47","6,36,93,021.91"
2018-19,NT,Capital expenditure,Capital expenditure,State and local government,State and local government,"2,50,00,000.00","2,62,62,230.19"
2018-19,NT,Hospitals,Private hospitals,Canadian Government,Department of Veterans' Affairs,"20,86,637.25","22,57,886.40"
2018-19,NT,Hospitals,Private hospitals,Canadian Government,DoHAC and other,"8,80,646.86","9,52,803.42"
2018-19,NT,Hospitals,Private hospitals,Canadian Government,Premium rebates,"1,32,26,943.80","1,43,12,471.64"
2018-19,NT,Hospitals,Private hospitals,Non-government,Health insurance funds,"3,84,67,635.25","4,16,24,652.46"
2018-19,NT,Hospitals,Private hospitals,Non-government,Individuals,"-89,53,110.55","-96,87,887.30"
2018-19,NT,Hospitals,Private hospitals,Non-government,Other source of funds,"1,06,35,437.40","1,15,08,281.77"
2018-19,NT,Hospitals,Public hospital services,Canadian Government,Department of Veterans' Affairs,"74,41,970.74","80,52,729.10"
2018-19,NT,Hospitals,Public hospital services,Canadian Government,DoHAC and other,"30,69,75,140.52","33,21,59,538.88"
2018-19,NT,Hospitals,Public hospital services,Canadian Government,Premium rebates,"16,58,367.33","17,94,468.60"
2018-19,NT,Hospitals,Public hospital services,Non-government,Health insurance funds,"48,22,993.92","52,18,814.32"
2018-19,NT,Hospitals,Public hospital services,Non-government,Individuals,"1,06,45,426.18","1,15,19,090.32"
2018-19,NT,Hospitals,Public hospital services,Non-government,Other source of funds,"3,49,94,668.26","3,78,66,661.02"
2018-19,NT,Hospitals,Public hospital services,State and local government,State and local government,"55,08,12,702.54","59,60,17,591.50"
2018-19,NT,Medical expenses tax rebate,Medical expenses tax rebate,Canadian Government,DoHAC and other,"2,20,000.00","2,35,343.13"
2018-19,NT,Medical expenses tax rebate,Medical expenses tax rebate,Non-government,Individuals,"-2,20,000.00","-2,35,343.13"
2018-19,NT,Other services,Administration,Canadian Government,Department of Veterans' Affairs,0,0
2018-19,NT,Other services,Administration,Canadian Government,DoHAC and other,"2,76,00,746.51","2,95,09,795.59"
2018-19,NT,Other services,Administration,Canadian Government,Premium rebates,"29,47,965.93","31,53,561.47"
2018-19,NT,Other services,Administration,Non-government,Health insurance funds,"85,73,505.71","91,71,434.78"
2018-19,NT,Other services,Administration,Non-government,Individuals,"76,700.03","82,049.20"
2018-19,NT,Other services,Administration,Non-government,Other source of funds,"13,78,539.32","14,74,680.71"
2018-19,NT,Other services,Administration,State and local government,State and local government,"1,99,52,925.25","2,13,44,472.01"
2018-19,NT,Other services,Aids and appliances,Canadian Government,Department of Veterans' Affairs,0,0
2018-19,NT,Other services,Aids and appliances,Canadian Government,DoHAC and other,"47,81,976.28","51,09,881.46"
2018-19,NT,Other services,Aids and appliances,Canadian Government,Premium rebates,"20,50,368.50","21,90,964.44"
2018-19,NT,Other services,Aids and appliances,Non-government,Health insurance funds,"59,63,042.46","63,71,934.60"
2018-19,NT,Other services,Aids and appliances,Non-government,Individuals,"1,71,90,659.94","1,83,69,441.71"
2018-19,NT,Other services,Aids and appliances,Non-government,Other source of funds,"24,81,809.82","26,51,990.15"
2018-19,NT,Other services,Patient transport services,Canadian Government,Department of Veterans' Affairs,0,0
2018-19,NT,Other services,Patient transport services,Canadian Government,DoHAC and other,"2,38,74,280.09","2,58,33,628.84"
2018-19,NT,Other services,Patient transport services,Canadian Government,Premium rebates,"2,96,788.92","3,21,146.22"
2018-19,NT,Other services,Patient transport services,Non-government,Health insurance funds,"8,63,144.83","9,33,982.64"
2018-19,NT,Other services,Patient transport services,Non-government,Individuals,"6,56,703.08","7,10,598.33"
2018-19,NT,Other services,Patient transport services,Non-government,Other source of funds,"47,21,564.39","51,09,060.53"
2018-19,NT,Other services,Patient transport services,State and local government,State and local government,"4,72,97,368.43","5,11,79,036.88"
2018-19,NT,Primary health care,All other medications,Canadian Government,DoHAC and other,"74,80,801.34","76,78,874.06"
2018-19,NT,Primary health care,All other medications,Canadian Government,Premium rebates,"87,419.61","89,930.16"
2018-19,NT,Primary health care,All other medications,Non-government,Health insurance funds,"2,54,240.58","2,61,541.94"
2018-19,NT,Primary health care,All other medications,Non-government,Individuals,"5,14,59,488.97","5,39,79,985.51"
2018-19,NT,Primary health care,All other medications,Non-government,Other source of funds,"2,64,348.21","2,71,939.85"
2018-19,NT,Primary health care,Benefit-paid pharmaceuticals,Canadian Government,Department of Veterans' Affairs,"10,12,602.43","11,43,754.31"
2018-19,NT,Primary health care,Benefit-paid pharmaceuticals,Canadian Government,DoHAC and other,"7,39,93,482.46","8,35,68,937.06"
2018-19,NT,Primary health care,Benefit-paid pharmaceuticals,Non-government,Individuals,"64,12,652.23","72,43,216.53"
2018-19,NT,Primary health care,Community health and other,Canadian Government,DoHAC and other,"12,29,78,703.54","13,15,10,696.30"
2018-19,NT,Primary health care,Community health and other,Canadian Government,Premium rebates,"1,656.87","1,772.42"
2018-19,NT,Primary health care,Community health and other,Non-government,Health insurance funds,"4,818.63","5,154.69"
2018-19,NT,Primary health care,Community health and other,Non-government,Individuals,"2,84,129.35","3,03,944.95"
2018-19,NT,Primary health care,Community health and other,Non-government,Other source of funds,"78,30,322.73","83,76,421.12"
2018-19,NT,Primary health care,Community health and other,State and local government,State and local government,"31,59,05,455.54","33,79,37,173.13"
2018-19,NT,Primary health care,Dental services,Canadian Government,Department of Veterans' Affairs,"3,31,913.25","3,56,431.00"
2018-19,NT,Primary health care,Dental services,Canadian Government,DoHAC and other,"16,44,022.45","17,65,462.97"
2018-19,NT,Primary health care,Dental services,Canadian Government,Premium rebates,"53,62,766.65","57,58,903.12"
2018-19,NT,Primary health care,Dental services,Non-government,Health insurance funds,"1,55,96,418.53","1,67,48,493.68"
2018-19,NT,Primary health care,Dental services,Non-government,Individuals,"8,61,07,864.41","9,24,68,474.08"
2018-19,NT,Primary health care,Dental services,Non-government,Other source of funds,"5,77,584.04","6,20,248.98"
2018-19,NT,Primary health care,Dental services,State and local government,State and local government,"1,56,63,066.83","1,68,20,065.14"
2018-19,NT,Primary health care,Other health practitioners,Canadian Government,Department of Veterans' Affairs,"8,18,693.38","8,78,454.73"
2018-19,NT,Primary health care,Other health practitioners,Canadian Government,DoHAC and other,"76,15,151.39","81,71,027.14"
2018-19,NT,Primary health care,Other health practitioners,Canadian Government,Premium rebates,"21,12,945.70","22,67,182.33"
2018-19,NT,Primary health care,Other health practitioners,Non-government,Health insurance funds,"61,45,034.38","65,93,597.44"
2018-19,NT,Primary health care,Other health practitioners,Non-government,Individuals,"3,18,74,340.31","3,42,01,040.32"
2018-19,NT,Primary health care,Other health practitioners,Non-government,Other source of funds,"94,09,086.40","1,00,95,912.26"
2018-19,NT,Primary health care,Other health practitioners,State and local government,State and local government,"14,55,519.94","15,61,767.11"
2018-19,NT,Primary health care,Public health,Canadian Government,DoHAC and other,"3,22,09,862.85","3,47,89,017.22"
2018-19,NT,Primary health care,Public health,Non-government,Individuals,"7,563.34","8,184.06"
2018-19,NT,Primary health care,Public health,Non-government,Other source of funds,"8,26,100.83","8,93,898.46"
2018-19,NT,Primary health care,Public health,State and local government,State and local government,"7,60,06,552.84","8,22,44,367.92"
2018-19,NT,Primary health care,Unreferred medical services,Canadian Government,Department of Veterans' Affairs,"3,92,325.83","4,05,082.05"
2018-19,NT,Primary health care,Unreferred medical services,Canadian Government,DoHAC and other,"27,66,59,250.47","28,56,60,868.52"
2018-19,NT,Primary health care,Unreferred medical services,Non-government,Individuals,"54,25,321.73","56,01,722.61"
2018-19,NT,Primary health care,Unreferred medical services,Non-government,Other source of funds,"1,59,15,515.22","1,64,32,998.05"
2018-19,NT,Referred medical services,Referred medical services,Canadian Government,Department of Veterans' Affairs,"21,21,026.24","21,89,990.05"
2018-19,NT,Referred medical services,Referred medical services,Canadian Government,DoHAC and other,"8,02,52,792.99","8,28,62,161.40"
2018-19,NT,Referred medical services,Referred medical services,Canadian Government,Premium rebates,"26,41,451.74","27,27,336.86"
2018-19,NT,Referred medical services,Referred medical services,Non-government,Health insurance funds,"76,82,077.11","79,31,854.95"
2018-19,NT,Referred medical services,Referred medical services,Non-government,Individuals,"1,33,25,215.26","1,37,58,476.14"
2018-19,NT,Research,Research,Canadian Government,Department of Veterans' Affairs,0,0
2018-19,NT,Research,Research,Canadian Government,DoHAC and other,"2,19,57,352.71","2,34,88,691.24"
2018-19,NT,Research,Research,Non-government,Individuals,"9,488.45","10,150.18"
2018-19,NT,Research,Research,Non-government,Other source of funds,"12,25,913.98","13,11,411.05"
2018-19,NT,Research,Research,State and local government,State and local government,"79,38,790.20","84,92,453.27"
2018-19,Qld,Capital expenditure,Capital expenditure,Canadian Government,DoHAC and other,"2,81,72,379.98","2,94,02,736.40"
2018-19,Qld,Capital expenditure,Capital expenditure,Non-government,Other source of funds,"1,18,04,20,486.82","1,31,74,93,841.89"
2018-19,Qld,Capital expenditure,Capital expenditure,State and local government,State and local government,"55,90,00,000.00","58,99,78,821.78"
2018-19,Qld,Hospitals,Private hospitals,Canadian Government,Department of Veterans' Affairs,"26,70,12,276.70","28,54,12,766.58"
2018-19,Qld,Hospitals,Private hospitals,Canadian Government,DoHAC and other,"14,25,97,535.28","15,24,23,405.08"
2018-19,Qld,Hospitals,Private hospitals,Canadian Government,Premium rebates,"64,53,13,118.57","68,97,83,274.23"
2018-19,Qld,Hospitals,Private hospitals,Non-government,Health insurance funds,"1,87,67,50,219.48","2,00,60,81,813.69"
2018-19,Qld,Hospitals,Private hospitals,Non-government,Individuals,"40,74,94,896.99","43,55,76,398.78"
2018-19,Qld,Hospitals,Private hospitals,Non-government,Other source of funds,"28,66,14,661.83","30,63,66,001.54"
2018-19,Qld,Hospitals,Private hospitals,State and local government,State and local government,"5,04,51,000.00","5,39,27,705.74"
2018-19,Qld,Hospitals,Public hospital services,Canadian Government,Department of Veterans' Affairs,"9,31,12,475.08","9,95,29,090.74"
2018-19,Qld,Hospitals,Public hospital services,Canadian Government,DoHAC and other,"5,16,62,46,125.53","5,52,21,98,293.31"
2018-19,Qld,Hospitals,Public hospital services,Canadian Government,Premium rebates,"4,31,91,020.33","4,61,67,422.55"
2018-19,Qld,Hospitals,Public hospital services,Non-government,Health insurance funds,"12,56,11,512.53","13,42,67,718.88"
2018-19,Qld,Hospitals,Public hospital services,Non-government,Individuals,"40,98,03,441.78","43,80,44,031.22"
2018-19,Qld,Hospitals,Public hospital services,Non-government,Other source of funds,"60,17,41,330.34","64,32,08,844.10"
2018-19,Qld,Hospitals,Public hospital services,State and local government,State and local government,"5,91,56,05,279.24","6,32,32,64,568.98"
2018-19,Qld,Medical expenses tax rebate,Medical expenses tax rebate,Canadian Government,DoHAC and other,"91,75,000.00","98,46,872.72"
2018-19,Qld,Medical expenses tax rebate,Medical expenses tax rebate,Non-government,Individuals,"-91,75,000.00","-98,46,872.72"
2018-19,Qld,Other services,Administration,Canadian Government,Department of Veterans' Affairs,0,0
2018-19,Qld,Other services,Administration,Canadian Government,DoHAC and other,"40,76,94,501.87","43,73,33,658.08"
2018-19,Qld,Other services,Administration,Canadian Government,Premium rebates,"11,54,81,386.11","12,39,37,930.24"
2018-19,Qld,Other services,Administration,Non-government,Health insurance funds,"33,58,52,023.59","36,04,46,008.44"
2018-19,Qld,Other services,Administration,State and local government,State and local government,"29,23,92,307.36","31,38,03,796.56"
2018-19,Qld,Other services,Aids and appliances,Canadian Government,Department of Veterans' Affairs,"7,43,669.00","7,94,663.17"
2018-19,Qld,Other services,Aids and appliances,Canadian Government,DoHAC and other,"12,43,39,605.45","13,28,65,703.97"
2018-19,Qld,Other services,Aids and appliances,Canadian Government,Premium rebates,"5,29,15,983.43","5,65,44,488.50"
2018-19,Qld,Other services,Aids and appliances,Non-government,Health insurance funds,"15,38,94,412.91","16,44,47,115.89"
2018-19,Qld,Other services,Aids and appliances,Non-government,Individuals,"56,28,38,231.84","60,14,32,645.88"
2018-19,Qld,Other services,Aids and appliances,Non-government,Other source of funds,"1,33,80,633.90","1,42,98,158.15"
2018-19,Qld,Other services,Patient transport services,Canadian Government,Department of Veterans' Affairs,"2,43,41,582.68","2,60,19,022.58"
2018-19,Qld,Other services,Patient transport services,Canadian Government,DoHAC and other,"3,30,07,446.01","3,52,82,072.41"
2018-19,Qld,Other services,Patient transport services,Canadian Government,Premium rebates,"1,53,127.25","1,63,679.64"
2018-19,Qld,Other services,Patient transport services,Non-government,Health insurance funds,"4,45,336.69","4,76,025.96"
2018-19,Qld,Other services,Patient transport services,Non-government,Other source of funds,"18,24,243.45","19,49,956.67"
2018-19,Qld,Other services,Patient transport services,State and local government,State and local government,"1,01,65,21,051.21","1,08,65,72,082.37"
2018-19,Qld,Primary health care,All other medications,Canadian Government,DoHAC and other,"14,66,81,763.92","15,20,09,167.05"
2018-19,Qld,Primary health care,All other medications,Canadian Government,Premium rebates,"34,49,043.49","35,67,808.97"
2018-19,Qld,Primary health care,All other medications,Non-government,Health insurance funds,"1,00,30,778.76","1,03,76,181.86"
2018-19,Qld,Primary health care,All other medications,Non-government,Individuals,"2,08,77,60,948.42","2,18,95,72,771.61"
2018-19,Qld,Primary health care,All other medications,Non-government,Other source of funds,"1,23,83,494.94","1,28,09,912.23"
2018-19,Qld,Primary health care,Benefit-paid pharmaceuticals,Canadian Government,Department of Veterans' Affairs,"8,73,53,753.64","9,86,67,778.92"
2018-19,Qld,Primary health care,Benefit-paid pharmaceuticals,Canadian Government,DoHAC and other,"1,79,51,10,125.01","2,02,37,35,916.50"
2018-19,Qld,Primary health care,Benefit-paid pharmaceuticals,Non-government,Individuals,"29,35,41,914.05","33,15,61,352.23"
2018-19,Qld,Primary health care,Community health and other,Canadian Government,DoHAC and other,"29,14,29,462.29","31,25,00,461.89"
2018-19,Qld,Primary health care,Community health and other,Canadian Government,Premium rebates,"38,824.99","41,668.09"
2018-19,Qld,Primary health care,Community health and other,Non-government,Health insurance funds,"1,12,913.88","1,21,182.41"
2018-19,Qld,Primary health care,Community health and other,Non-government,Individuals,"1,94,06,342.00","2,08,27,441.91"
2018-19,Qld,Primary health care,Community health and other,Non-government,Other source of funds,"2,16,12,813.94","2,31,95,490.78"
2018-19,Qld,Primary health care,Community health and other,State and local government,State and local government,"3,02,25,52,559.87","3,24,38,89,954.44"
2018-19,Qld,Primary health care,Dental services,Canadian Government,Department of Veterans' Affairs,"2,78,87,043.24","2,99,47,001.39"
2018-19,Qld,Primary health care,Dental services,Canadian Government,DoHAC and other,"9,95,78,241.60","10,69,33,878.62"
2018-19,Qld,Primary health care,Dental services,Canadian Government,Premium rebates,"14,53,91,016.13","15,61,30,749.48"
2018-19,Qld,Primary health care,Dental services,Non-government,Health insurance funds,"42,28,37,555.27","45,40,71,690.03"
2018-19,Qld,Primary health care,Dental services,Non-government,Individuals,"61,79,79,277.88","66,36,28,127.66"
2018-19,Qld,Primary health care,Dental services,Non-government,Other source of funds,"1,10,64,629.63","1,18,81,950.91"
2018-19,Qld,Primary health care,Dental services,State and local government,State and local government,"19,67,38,719.80","21,12,71,401.71"
2018-19,Qld,Primary health care,Other health practitioners,Canadian Government,Department of Veterans' Affairs,"9,67,38,452.56","10,37,99,974.67"
2018-19,Qld,Primary health care,Other health practitioners,Canadian Government,DoHAC and other,"37,26,89,428.09","39,98,94,273.38"
2018-19,Qld,Primary health care,Other health practitioners,Canadian Government,Premium rebates,"6,14,21,366.48","6,59,04,881.83"
2018-19,Qld,Primary health care,Other health practitioners,Non-government,Health insurance funds,"17,86,30,434.89","19,16,69,745.86"
2018-19,Qld,Primary health care,Other health practitioners,Non-government,Individuals,"48,97,32,266.21","52,54,80,772.96"
2018-19,Qld,Primary health care,Other health practitioners,Non-government,Other source of funds,"9,63,59,953.31","10,33,93,846.47"
2018-19,Qld,Primary health care,Public health,Canadian Government,DoHAC and other,"28,29,06,239.24","30,24,24,241.95"
2018-19,Qld,Primary health care,Public health,Non-government,Individuals,"1,20,65,682.20","1,28,97,158.81"
2018-19,Qld,Primary health care,Public health,State and local government,State and local government,"19,53,20,275.72","20,87,80,288.87"
2018-19,Qld,Primary health care,Unreferred medical services,Canadian Government,Department of Veterans' Affairs,"3,66,05,831.75","3,88,86,249.81"
2018-19,Qld,Primary health care,Unreferred medical services,Canadian Government,DoHAC and other,"2,10,87,39,102.74","2,24,01,07,430.25"
2018-19,Qld,Primary health care,Unreferred medical services,Non-government,Individuals,"17,64,94,732.35","18,74,89,750.25"
2018-19,Qld,Primary health care,Unreferred medical services,Non-government,Other source of funds,"19,60,07,984.24","20,82,18,610.96"
2018-19,Qld,Referred medical services,Referred medical services,Canadian Government,Department of Veterans' Affairs,"20,79,31,362.57","22,08,84,774.96"
2018-19,Qld,Referred medical services,Referred medical services,Canadian Government,DoHAC and other,"2,95,97,30,247.38","3,14,41,11,314.18"
2018-19,Qld,Referred medical services,Referred medical services,Canadian Government,Premium rebates,"12,45,34,266.79","13,22,92,325.48"
2018-19,Qld,Referred medical services,Referred medical services,Non-government,Health insurance funds,"36,21,80,321.14","38,47,42,915.84"
2018-19,Qld,Referred medical services,Referred medical services,Non-government,Individuals,"64,23,32,489.00","68,23,47,605.13"
2018-19,Qld,Research,Research,Canadian Government,Department of Veterans' Affairs,0,0
2018-19,Qld,Research,Research,Canadian Government,DoHAC and other,"91,88,47,507.96","98,61,33,455.65"
2018-19,Qld,Research,Research,Non-government,Other source of funds,"6,85,92,480.57","7,36,15,414.21"
2018-19,Qld,Research,Research,State and local government,State and local government,"24,67,06,140.09","26,47,72,093.68"
2018-19,SA,Capital expenditure,Capital expenditure,Canadian Government,DoHAC and other,"1,65,71,988.31","1,67,66,726.06"
2018-19,SA,Capital expenditure,Capital expenditure,Non-government,Other source of funds,"40,74,71,141.52","44,21,54,378.61"
2018-19,SA,Capital expenditure,Capital expenditure,State and local government,State and local government,"8,90,00,000.00","9,44,40,377.00"
2018-19,SA,Hospitals,Private hospitals,Canadian Government,Department of Veterans' Affairs,"3,81,87,119.03","4,06,41,885.36"
2018-19,SA,Hospitals,Private hospitals,Canadian Government,DoHAC and other,"5,23,92,246.16","5,57,59,517.93"
2018-19,SA,Hospitals,Private hospitals,Canadian Government,Premium rebates,"20,52,16,667.01","21,84,08,522.73"
2018-19,SA,Hospitals,Private hospitals,Non-government,Health insurance funds,"59,68,27,204.90","63,51,92,794.29"
2018-19,SA,Hospitals,Private hospitals,Non-government,Individuals,"16,00,33,174.40","17,03,20,518.89"
2018-19,SA,Hospitals,Private hospitals,Non-government,Other source of funds,"6,08,14,184.59","6,47,23,476.96"
2018-19,SA,Hospitals,Private hospitals,State and local government,State and local government,"2,15,17,429.30","2,29,00,625.06"
2018-19,SA,Hospitals,Public hospital services,Canadian Government,Department of Veterans' Affairs,"3,93,12,295.14","4,18,39,390.69"
2018-19,SA,Hospitals,Public hospital services,Canadian Government,DoHAC and other,"1,57,16,30,501.49","1,67,26,10,899.24"
2018-19,SA,Hospitals,Public hospital services,Canadian Government,Premium rebates,"2,45,90,510.99","2,61,71,252.35"
2018-19,SA,Hospitals,Public hospital services,Non-government,Health insurance funds,"7,15,16,052.54","7,61,13,288.53"
2018-19,SA,Hospitals,Public hospital services,Non-government,Individuals,"5,85,32,493.94","6,22,95,113.35"
2018-19,SA,Hospitals,Public hospital services,Non-government,Other source of funds,"20,98,01,240.84","22,32,87,804.78"
2018-19,SA,Hospitals,Public hospital services,State and local government,State and local government,"3,05,97,69,972.96","3,25,64,59,864.83"
2018-19,SA,Medical expenses tax rebate,Medical expenses tax rebate,Canadian Government,DoHAC and other,"23,30,000.00","24,89,240.02"
2018-19,SA,Medical expenses tax rebate,Medical expenses tax rebate,Non-government,Individuals,"-23,30,000.00","-24,89,240.02"
2018-19,SA,Other services,Administration,Canadian Government,Department of Veterans' Affairs,0,0
2018-19,SA,Other services,Administration,Canadian Government,DoHAC and other,"14,10,55,379.77","15,05,59,075.08"
2018-19,SA,Other services,Administration,Canadian Government,Premium rebates,"4,36,77,284.14","4,66,62,336.34"
2018-19,SA,Other services,Administration,Non-government,Health insurance funds,"12,70,25,703.08","13,57,07,066.01"
2018-19,SA,Other services,Aids and appliances,Canadian Government,Department of Veterans' Affairs,"1,86,860.00","1,99,673.19"
2018-19,SA,Other services,Aids and appliances,Canadian Government,DoHAC and other,"4,65,45,859.04","4,97,37,557.92"
2018-19,SA,Other services,Aids and appliances,Canadian Government,Premium rebates,"2,19,50,203.45","2,34,55,352.16"
2018-19,SA,Other services,Aids and appliances,Non-government,Health insurance funds,"6,38,37,303.09","6,82,14,694.62"
2018-19,SA,Other services,Aids and appliances,Non-government,Individuals,"18,64,55,515.35","19,92,40,967.64"
2018-19,SA,Other services,Aids and appliances,Non-government,Other source of funds,"2,10,17,357.59","2,24,58,540.08"
2018-19,SA,Other services,Patient transport services,Canadian Government,Department of Veterans' Affairs,"84,79,081.35","90,24,138.53"
2018-19,SA,Other services,Patient transport services,Canadian Government,DoHAC and other,"1,50,81,089.11","1,60,50,540.35"
2018-19,SA,Other services,Patient transport services,Canadian Government,Premium rebates,"86,57,869.99","92,14,420.16"
2018-19,SA,Other services,Patient transport services,Non-government,Health insurance funds,"2,51,79,496.48","2,67,98,099.35"
2018-19,SA,Other services,Patient transport services,Non-government,Individuals,"10,47,05,332.72","11,14,36,061.09"
2018-19,SA,Other services,Patient transport services,Non-government,Other source of funds,"1,38,92,685.70","1,47,85,743.31"
2018-19,SA,Other services,Patient transport services,State and local government,State and local government,"23,70,39,698.90","25,22,77,221.05"
2018-19,SA,Primary health care,All other medications,Canadian Government,DoHAC and other,"5,14,49,420.10","5,21,72,693.67"
2018-19,SA,Primary health care,All other medications,Canadian Government,Premium rebates,"15,24,562.64","15,46,885.86"
2018-19,SA,Primary health care,All other medications,Non-government,Health insurance funds,"44,33,852.62","44,98,774.76"
2018-19,SA,Primary health care,All other medications,Non-government,Individuals,"79,55,68,981.93","81,99,76,076.56"
2018-19,SA,Primary health care,All other medications,Non-government,Other source of funds,"31,66,105.86","32,12,465.18"
2018-19,SA,Primary health care,Benefit-paid pharmaceuticals,Canadian Government,Department of Veterans' Affairs,"2,13,11,211.08","2,40,71,431.11"
2018-19,SA,Primary health care,Benefit-paid pharmaceuticals,Canadian Government,DoHAC and other,"70,27,95,272.24","79,23,82,210.05"
2018-19,SA,Primary health care,Benefit-paid pharmaceuticals,Non-government,Individuals,"11,72,82,657.50","13,24,73,063.14"
2018-19,SA,Primary health care,Community health and other,Canadian Government,DoHAC and other,"9,20,23,534.18","9,82,21,433.53"
2018-19,SA,Primary health care,Community health and other,Canadian Government,Premium rebates,"13,285.07","14,193.01"
2018-19,SA,Primary health care,Community health and other,Non-government,Health insurance funds,"38,636.67","41,277.23"
2018-19,SA,Primary health care,Community health and other,Non-government,Individuals,"2,17,88,642.75","2,32,77,751.74"
2018-19,SA,Primary health care,Community health and other,Non-government,Other source of funds,"3,67,31,952.40","3,92,42,337.33"
2018-19,SA,Primary health care,Community health and other,State and local government,State and local government,"73,71,35,293.86","78,75,13,594.13"
2018-19,SA,Primary health care,Dental services,Canadian Government,Department of Veterans' Affairs,"65,34,015.42","70,16,669.61"
2018-19,SA,Primary health care,Dental services,Canadian Government,DoHAC and other,"3,56,00,731.16","3,82,30,481.86"
2018-19,SA,Primary health care,Dental services,Canadian Government,Premium rebates,"6,29,99,817.68","6,76,53,483.77"
2018-19,SA,Primary health care,Dental services,Non-government,Health insurance funds,"18,32,21,010.46","19,67,55,167.16"
2018-19,SA,Primary health care,Dental services,Non-government,Individuals,"16,61,89,726.47","17,84,65,817.49"
2018-19,SA,Primary health care,Dental services,Non-government,Other source of funds,"31,46,089.19","33,78,484.28"
2018-19,SA,Primary health care,Dental services,State and local government,State and local government,"7,27,20,664.86","7,80,92,389.82"
2018-19,SA,Primary health care,Other health practitioners,Canadian Government,Department of Veterans' Affairs,"1,64,89,626.67","1,76,93,303.80"
2018-19,SA,Primary health care,Other health practitioners,Canadian Government,DoHAC and other,"13,32,00,336.34","14,29,23,430.87"
2018-19,SA,Primary health care,Other health practitioners,Canadian Government,Premium rebates,"3,00,49,020.63","3,22,42,479.57"
2018-19,SA,Primary health care,Other health practitioners,Non-government,Health insurance funds,"8,73,90,918.38","9,37,70,107.68"
2018-19,SA,Primary health care,Other health practitioners,Non-government,Individuals,"-7,37,609.72","-7,91,452.29"
2018-19,SA,Primary health care,Other health practitioners,Non-government,Other source of funds,"3,73,89,261.40","4,01,18,528.71"
2018-19,SA,Primary health care,Public health,Canadian Government,DoHAC and other,"9,18,74,958.19","9,77,85,747.94"
2018-19,SA,Primary health care,Public health,Non-government,Individuals,"17,67,122.59","18,80,717.78"
2018-19,SA,Primary health care,Public health,Non-government,Other source of funds,"37,69,707.23","40,12,033.71"
2018-19,SA,Primary health care,Public health,State and local government,State and local government,"11,53,87,671.89","12,28,05,088.52"
2018-19,SA,Primary health care,Unreferred medical services,Canadian Government,Department of Veterans' Affairs,"68,15,367.22","72,08,163.33"
2018-19,SA,Primary health care,Unreferred medical services,Canadian Government,DoHAC and other,"68,80,47,972.99","72,76,87,920.91"
2018-19,SA,Primary health care,Unreferred medical services,Non-government,Individuals,"5,47,29,822.26","5,78,84,114.75"
2018-19,SA,Primary health care,Unreferred medical services,Non-government,Other source of funds,"7,25,45,357.29","7,67,26,428.35"
2018-19,SA,Referred medical services,Referred medical services,Canadian Government,Department of Veterans' Affairs,"3,78,46,059.62","4,00,27,275.21"
2018-19,SA,Referred medical services,Referred medical services,Canadian Government,DoHAC and other,"99,47,72,290.50","1,05,21,04,886.15"
2018-19,SA,Referred medical services,Referred medical services,Canadian Government,Premium rebates,"5,20,83,778.28","5,50,85,568.97"
2018-19,SA,Referred medical services,Referred medical services,Non-government,Health insurance funds,"15,14,74,128.61","16,02,04,171.71"
2018-19,SA,Referred medical services,Referred medical services,Non-government,Individuals,"16,88,95,952.36","17,86,30,082.91"
2018-19,SA,Research,Research,Canadian Government,Department of Veterans' Affairs,0,0
2018-19,SA,Research,Research,Canadian Government,DoHAC and other,"32,89,53,180.96","35,14,34,945.52"
2018-19,SA,Research,Research,Non-government,Individuals,"7,53,773.22","8,05,288.62"
2018-19,SA,Research,Research,Non-government,Other source of funds,"2,51,33,733.93","2,68,51,457.67"
2018-19,SA,Research,Research,State and local government,State and local government,"3,58,53,496.31","3,83,03,844.60"
2018-19,Tas,Capital expenditure,Capital expenditure,Canadian Government,DoHAC and other,"1,14,16,258.64","1,20,88,989.09"
2018-19,Tas,Capital expenditure,Capital expenditure,Non-government,Other source of funds,"12,43,01,900.33","14,31,04,084.71"
2018-19,Tas,Capital expenditure,Capital expenditure,State and local government,State and local government,"24,10,00,000.00","26,73,55,304.41"
2018-19,Tas,Hospitals,Private hospitals,Canadian Government,Department of Veterans' Affairs,"1,34,31,759.79","1,44,00,034.54"
2018-19,Tas,Hospitals,Private hospitals,Canadian Government,DoHAC and other,"1,18,39,906.67","1,26,93,378.53"
2018-19,Tas,Hospitals,Private hospitals,Canadian Government,Premium rebates,"6,86,71,798.46","7,36,22,242.01"
2018-19,Tas,Hospitals,Private hospitals,Non-government,Health insurance funds,"19,97,16,709.81","21,41,13,977.97"
2018-19,Tas,Hospitals,Private hospitals,Non-government,Individuals,"4,99,99,629.60","5,36,04,025.42"
2018-19,Tas,Hospitals,Private hospitals,Non-government,Other source of funds,"3,20,13,404.13","3,43,21,200.83"
2018-19,Tas,Hospitals,Private hospitals,State and local government,State and local government,"4,39,00,000.00","4,70,64,682.98"
2018-19,Tas,Hospitals,Public hospital services,Canadian Government,Department of Veterans' Affairs,"1,47,96,867.79","1,58,63,551.06"
2018-19,Tas,Hospitals,Public hospital services,Canadian Government,DoHAC and other,"57,68,86,660.35","61,84,64,213.14"
2018-19,Tas,Hospitals,Public hospital services,Canadian Government,Premium rebates,"71,03,070.85","76,15,120.22"
2018-19,Tas,Hospitals,Public hospital services,Non-government,Health insurance funds,"2,06,57,707.68","2,21,46,889.82"
2018-19,Tas,Hospitals,Public hospital services,Non-government,Individuals,"2,52,15,778.45","2,70,33,544.84"
2018-19,Tas,Hospitals,Public hospital services,Non-government,Other source of funds,"3,71,49,546.66","3,98,27,599.92"
2018-19,Tas,Hospitals,Public hospital services,State and local government,State and local government,"81,24,69,232.32","87,10,38,880.41"
2018-19,Tas,Medical expenses tax rebate,Medical expenses tax rebate,Canadian Government,DoHAC and other,"6,10,000.00","6,52,542.31"
2018-19,Tas,Medical expenses tax rebate,Medical expenses tax rebate,Non-government,Individuals,"-6,10,000.00","-6,52,542.31"
2018-19,Tas,Other services,Administration,Canadian Government,Department of Veterans' Affairs,0,0
2018-19,Tas,Other services,Administration,Canadian Government,DoHAC and other,"4,38,56,002.67","4,69,08,011.28"
2018-19,Tas,Other services,Administration,Canadian Government,Premium rebates,"1,25,49,708.97","1,34,24,944.39"
2018-19,Tas,Other services,Administration,Non-government,Health insurance funds,"3,64,98,047.81","3,90,43,476.10"
2018-19,Tas,Other services,Administration,Non-government,Individuals,"8,18,551.37","8,75,638.37"
2018-19,Tas,Other services,Administration,Non-government,Other source of funds,"5,86,044.56","6,26,916.18"
2018-19,Tas,Other services,Administration,State and local government,State and local government,"22,33,76,400.71","23,89,55,004.02"
2018-19,Tas,Other services,Aids and appliances,Canadian Government,Department of Veterans' Affairs,"29,764.00","31,804.95"
2018-19,Tas,Other services,Aids and appliances,Canadian Government,DoHAC and other,"1,47,53,177.94","1,57,64,818.99"
2018-19,Tas,Other services,Aids and appliances,Canadian Government,Premium rebates,"63,73,063.40","68,10,071.11"
2018-19,Tas,Other services,Aids and appliances,Non-government,Health insurance funds,"1,85,34,642.79","1,98,05,582.89"
2018-19,Tas,Other services,Aids and appliances,Non-government,Individuals,"5,60,43,516.47","5,98,86,479.79"
2018-19,Tas,Other services,Aids and appliances,Non-government,Other source of funds,"45,59,726.85","48,72,392.15"
2018-19,Tas,Other services,Patient transport services,Canadian Government,Department of Veterans' Affairs,"10,99,341.89","11,78,591.74"
2018-19,Tas,Other services,Patient transport services,Canadian Government,DoHAC and other,"27,21,868.05","29,18,083.30"
2018-19,Tas,Other services,Patient transport services,Canadian Government,Premium rebates,"38,647.03","41,433.04"
2018-19,Tas,Other services,Patient transport services,Non-government,Health insurance funds,"1,12,396.34","1,20,498.81"
2018-19,Tas,Other services,Patient transport services,Non-government,Individuals,"40,62,080.04","43,54,909.10"
2018-19,Tas,Other services,Patient transport services,Non-government,Other source of funds,"28,67,107.74","30,73,793.10"
2018-19,Tas,Other services,Patient transport services,State and local government,State and local government,"10,34,82,889.80","11,09,42,810.98"
2018-19,Tas,Primary health care,All other medications,Canadian Government,DoHAC and other,"1,80,64,672.67","1,85,12,698.93"
2018-19,Tas,Primary health care,All other medications,Canadian Government,Premium rebates,"8,14,899.96","8,28,117.47"
2018-19,Tas,Primary health care,All other medications,Non-government,Health insurance funds,"23,69,955.96","24,08,396.18"
2018-19,Tas,Primary health care,All other medications,Non-government,Individuals,"32,23,07,522.25","33,13,77,369.37"
2018-19,Tas,Primary health care,All other medications,Non-government,Other source of funds,"76,20,695.36","77,44,301.52"
2018-19,Tas,Primary health care,Benefit-paid pharmaceuticals,Canadian Government,Department of Veterans' Affairs,"89,06,559.97","1,00,60,134.27"
2018-19,Tas,Primary health care,Benefit-paid pharmaceuticals,Canadian Government,DoHAC and other,"26,09,86,567.91","29,46,14,812.60"
2018-19,Tas,Primary health care,Benefit-paid pharmaceuticals,Non-government,Individuals,"3,89,35,398.44","4,39,78,296.58"
2018-19,Tas,Primary health care,Community health and other,Canadian Government,DoHAC and other,"2,75,73,232.91","2,94,94,999.80"
2018-19,Tas,Primary health care,Community health and other,Canadian Government,Premium rebates,"10,846.49","11,602.94"
2018-19,Tas,Primary health care,Community health and other,Non-government,Health insurance funds,"31,544.60","33,744.57"
2018-19,Tas,Primary health care,Community health and other,Non-government,Individuals,"11,65,733.70","12,47,033.70"
2018-19,Tas,Primary health care,Community health and other,Non-government,Other source of funds,"12,01,934.46","12,85,759.17"
2018-19,Tas,Primary health care,Community health and other,State and local government,State and local government,"16,32,07,717.35","17,45,90,066.95"
2018-19,Tas,Primary health care,Dental services,Canadian Government,Department of Veterans' Affairs,"17,01,940.17","18,27,658.97"
2018-19,Tas,Primary health care,Dental services,Canadian Government,DoHAC and other,"56,53,504.01","60,71,116.62"
2018-19,Tas,Primary health care,Dental services,Canadian Government,Premium rebates,"1,37,99,082.97","1,48,18,392.66"
2018-19,Tas,Primary health care,Dental services,Non-government,Health insurance funds,"4,01,31,575.27","4,30,96,011.65"
2018-19,Tas,Primary health care,Dental services,Non-government,Individuals,"9,25,16,846.11","9,93,50,873.98"
2018-19,Tas,Primary health care,Dental services,Non-government,Other source of funds,"17,78,362.49","19,09,726.45"
2018-19,Tas,Primary health care,Dental services,State and local government,State and local government,"2,72,33,976.83","2,92,45,694.32"
2018-19,Tas,Primary health care,Other health practitioners,Canadian Government,Department of Veterans' Affairs,"54,33,723.82","58,30,364.04"
2018-19,Tas,Primary health care,Other health practitioners,Canadian Government,DoHAC and other,"3,84,16,164.38","4,12,20,391.51"
2018-19,Tas,Primary health care,Other health practitioners,Canadian Government,Premium rebates,"52,23,142.23","56,04,410.83"
2018-19,Tas,Primary health care,Other health practitioners,Non-government,Health insurance funds,"1,51,90,351.84","1,62,99,187.08"
2018-19,Tas,Primary health care,Other health practitioners,Non-government,Individuals,"3,91,20,934.99","4,19,76,607.58"
2018-19,Tas,Primary health care,Other health practitioners,Non-government,Other source of funds,"32,75,071.70","35,14,138.90"
2018-19,Tas,Primary health care,Other health practitioners,State and local government,State and local government,"34,24,287.12","36,74,246.45"
2018-19,Tas,Primary health care,Public health,Canadian Government,DoHAC and other,"2,87,87,609.10","3,08,60,274.86"
2018-19,Tas,Primary health care,Public health,State and local government,State and local government,"2,14,23,840.02","2,29,68,251.46"
2018-19,Tas,Primary health care,Unreferred medical services,Canadian Government,Department of Veterans' Affairs,"28,86,961.82","30,86,935.74"
2018-19,Tas,Primary health care,Unreferred medical services,Canadian Government,DoHAC and other,"22,00,82,068.52","23,53,25,611.22"
2018-19,Tas,Primary health care,Unreferred medical services,Non-government,Individuals,"2,83,74,951.98","3,03,40,426.70"
2018-19,Tas,Primary health care,Unreferred medical services,Non-government,Other source of funds,"1,99,05,544.65","2,12,84,360.89"
2018-19,Tas,Referred medical services,Referred medical services,Canadian Government,Department of Veterans' Affairs,"1,30,58,278.52","1,39,62,798.68"
2018-19,Tas,Referred medical services,Referred medical services,Canadian Government,DoHAC and other,"28,70,26,778.63","30,69,08,534.80"
2018-19,Tas,Referred medical services,Referred medical services,Canadian Government,Premium rebates,"1,41,85,027.75","1,51,67,595.53"
2018-19,Tas,Referred medical services,Referred medical services,Non-government,Health insurance funds,"4,12,54,010.16","4,41,11,590.81"
2018-19,Tas,Referred medical services,Referred medical services,Non-government,Individuals,"5,06,95,398.30","5,42,06,964.55"
2018-19,Tas,Research,Research,Canadian Government,Department of Veterans' Affairs,0,0
2018-19,Tas,Research,Research,Canadian Government,DoHAC and other,"6,67,86,049.06","7,14,43,807.72"
2018-19,Tas,Research,Research,Non-government,Other source of funds,"26,23,340.78","28,06,296.48"
2018-19,Tas,Research,Research,State and local government,State and local government,"50,52,125.30","54,04,468.05"
2018-19,Vic,Capital expenditure,Capital expenditure,Canadian Government,DoHAC and other,"4,27,18,903.10","4,38,59,931.79"
2018-19,Vic,Capital expenditure,Capital expenditure,Non-government,Other source of funds,"1,52,59,11,992.07","1,64,93,20,257.32"
2018-19,Vic,Capital expenditure,Capital expenditure,State and local government,State and local government,"97,10,00,000.00","1,01,88,61,570.10"
2018-19,Vic,Hospitals,Private hospitals,Canadian Government,Department of Veterans' Affairs,"15,45,15,990.20","16,63,59,253.43"
2018-19,Vic,Hospitals,Private hospitals,Canadian Government,DoHAC and other,"10,69,12,803.98","11,51,05,135.71"
2018-19,Vic,Hospitals,Private hospitals,Canadian Government,Premium rebates,"75,86,45,893.74","81,67,94,199.32"
2018-19,Vic,Hospitals,Private hospitals,Non-government,Health insurance funds,"2,20,63,53,484.22","2,37,54,64,946.76"
2018-19,Vic,Hospitals,Private hospitals,Non-government,Individuals,"68,04,75,598.72","73,26,32,347.19"
2018-19,Vic,Hospitals,Private hospitals,Non-government,Other source of funds,"40,66,75,224.13","43,78,45,860.39"
2018-19,Vic,Hospitals,Public hospital services,Canadian Government,Department of Veterans' Affairs,"8,30,08,978.81","8,93,71,408.91"
2018-19,Vic,Hospitals,Public hospital services,Canadian Government,DoHAC and other,"5,84,91,31,820.31","6,29,72,82,029.31"
2018-19,Vic,Hospitals,Public hospital services,Canadian Government,Premium rebates,"6,75,80,579.84","7,27,60,461.84"
2018-19,Vic,Hospitals,Public hospital services,Non-government,Health insurance funds,"19,65,43,142.23","21,16,07,681.29"
2018-19,Vic,Hospitals,Public hospital services,Non-government,Individuals,"38,32,21,549.07","41,25,94,519.95"
2018-19,Vic,Hospitals,Public hospital services,Non-government,Other source of funds,"47,83,22,583.85","51,49,84,810.60"
2018-19,Vic,Hospitals,Public hospital services,State and local government,State and local government,"8,70,85,45,982.55","9,37,60,34,197.02"
2018-19,Vic,Medical expenses tax rebate,Medical expenses tax rebate,Canadian Government,DoHAC and other,"1,30,20,000.00","1,41,10,501.41"
2018-19,Vic,Medical expenses tax rebate,Medical expenses tax rebate,Non-government,Individuals,"-1,30,20,000.00","-1,41,10,501.41"
2018-19,Vic,Other services,Administration,Canadian Government,Department of Veterans' Affairs,0,0
2018-19,Vic,Other services,Administration,Canadian Government,DoHAC and other,"49,56,26,429.96","53,66,06,389.24"
2018-19,Vic,Other services,Administration,Canadian Government,Premium rebates,"13,64,68,901.03","14,78,98,972.39"
2018-19,Vic,Other services,Administration,Non-government,Health insurance funds,"39,68,89,560.43","43,01,31,390.34"
2018-19,Vic,Other services,Administration,State and local government,State and local government,"-4,00,000.00","-4,33,502.35"
2018-19,Vic,Other services,Aids and appliances,Canadian Government,Department of Veterans' Affairs,"2,12,390.00","2,26,953.81"
2018-19,Vic,Other services,Aids and appliances,Canadian Government,DoHAC and other,"16,00,54,780.44","17,10,29,906.35"
2018-19,Vic,Other services,Aids and appliances,Canadian Government,Premium rebates,"5,40,09,587.98","5,77,13,082.67"
2018-19,Vic,Other services,Aids and appliances,Non-government,Health insurance funds,"15,70,74,919.42","16,78,45,713.10"
2018-19,Vic,Other services,Aids and appliances,Non-government,Individuals,"93,74,41,686.71","1,00,17,23,056.63"
2018-19,Vic,Other services,Aids and appliances,Non-government,Other source of funds,"3,89,03,620.78","4,15,71,283.28"
2018-19,Vic,Other services,Patient transport services,Canadian Government,Department of Veterans' Affairs,"2,30,61,011.78","2,48,28,580.51"
2018-19,Vic,Other services,Patient transport services,Canadian Government,DoHAC and other,"8,15,572.63","8,78,084.22"
2018-19,Vic,Other services,Patient transport services,Canadian Government,Premium rebates,"1,27,37,365.89","1,37,13,653.05"
2018-19,Vic,Other services,Patient transport services,Non-government,Health insurance funds,"3,70,43,806.39","3,98,83,121.27"
2018-19,Vic,Other services,Patient transport services,Non-government,Individuals,"31,56,51,000.00","33,98,44,857.71"
2018-19,Vic,Other services,Patient transport services,Non-government,Other source of funds,"97,18,541.30","1,04,63,443.13"
2018-19,Vic,Other services,Patient transport services,State and local government,State and local government,"74,66,38,197.42","80,38,66,143.19"
2018-19,Vic,Primary health care,All other medications,Canadian Government,DoHAC and other,"19,81,50,135.33","20,35,89,295.60"
2018-19,Vic,Primary health care,All other medications,Canadian Government,Premium rebates,"27,14,512.13","27,89,556.57"
2018-19,Vic,Primary health care,All other medications,Non-government,Health insurance funds,"78,94,557.07","81,12,807.19"
2018-19,Vic,Primary health care,All other medications,Non-government,Individuals,"2,72,33,75,387.47","2,83,98,35,912.90"
2018-19,Vic,Primary health care,All other medications,Non-government,Other source of funds,"2,86,37,613.21","2,94,29,318.52"
2018-19,Vic,Primary health care,Benefit-paid pharmaceuticals,Canadian Government,Department of Veterans' Affairs,"5,35,86,909.13","6,05,27,465.43"
2018-19,Vic,Primary health care,Benefit-paid pharmaceuticals,Canadian Government,DoHAC and other,"2,25,75,16,172.49","2,54,61,62,423.57"
2018-19,Vic,Primary health care,Benefit-paid pharmaceuticals,Non-government,Individuals,"37,30,65,839.66","42,13,85,186.74"
2018-19,Vic,Primary health care,Community health and other,Canadian Government,DoHAC and other,"29,12,99,501.66","31,54,98,267.75"
2018-19,Vic,Primary health care,Community health and other,Canadian Government,Premium rebates,"47,278.77","51,238.64"
2018-19,Vic,Primary health care,Community health and other,Non-government,Health insurance funds,"1,37,499.82","1,49,016.24"
2018-19,Vic,Primary health care,Community health and other,Non-government,Individuals,"1,13,05,268.38","1,22,52,150.96"
2018-19,Vic,Primary health care,Community health and other,Non-government,Other source of funds,"1,71,62,518.18","1,85,99,979.80"
2018-19,Vic,Primary health care,Community health and other,State and local government,State and local government,"85,70,04,795.39","92,87,83,976.52"
2018-19,Vic,Primary health care,Dental services,Canadian Government,Department of Veterans' Affairs,"1,18,46,265.12","1,27,21,324.20"
2018-19,Vic,Primary health care,Dental services,Canadian Government,DoHAC and other,"10,66,08,215.50","11,44,83,140.02"
2018-19,Vic,Primary health care,Dental services,Canadian Government,Premium rebates,"14,41,15,239.29","15,47,60,733.64"
2018-19,Vic,Primary health care,Dental services,Non-government,Health insurance funds,"41,91,27,241.01","45,00,87,302.53"
2018-19,Vic,Primary health care,Dental services,Non-government,Individuals,"2,25,40,42,297.76","2,42,05,43,735.49"
2018-19,Vic,Primary health care,Dental services,Non-government,Other source of funds,"1,28,58,113.27","1,38,07,915.47"
2018-19,Vic,Primary health care,Dental services,State and local government,State and local government,"16,72,87,870.18","17,96,45,078.80"
2018-19,Vic,Primary health care,Other health practitioners,Canadian Government,Department of Veterans' Affairs,"4,25,74,297.76","4,56,82,052.09"
2018-19,Vic,Primary health care,Other health practitioners,Canadian Government,DoHAC and other,"48,77,34,381.28","52,33,37,050.38"
2018-19,Vic,Primary health care,Other health practitioners,Canadian Government,Premium rebates,"7,09,13,074.84","7,60,89,447.13"
2018-19,Vic,Primary health care,Other health practitioners,Non-government,Health insurance funds,"20,62,34,965.54","22,12,89,297.40"
2018-19,Vic,Primary health care,Other health practitioners,Non-government,Individuals,"81,82,68,101.35","87,79,98,416.79"
2018-19,Vic,Primary health care,Other health practitioners,Non-government,Other source of funds,"15,93,33,687.77","17,09,64,412.98"
2018-19,Vic,Primary health care,Public health,Canadian Government,DoHAC and other,"34,14,16,695.10","36,76,53,456.39"
2018-19,Vic,Primary health care,Public health,Non-government,Individuals,"13,50,090.69","14,53,571.75"
2018-19,Vic,Primary health care,Public health,Non-government,Other source of funds,"12,12,170.89","13,05,080.75"
2018-19,Vic,Primary health care,Public health,State and local government,State and local government,"36,43,38,794.70","39,22,64,449.80"
2018-19,Vic,Primary health care,Unreferred medical services,Canadian Government,Department of Veterans' Affairs,"1,76,40,663.44","1,90,08,057.62"
2018-19,Vic,Primary health care,Unreferred medical services,Canadian Government,DoHAC and other,"2,35,67,27,607.28","2,53,93,32,216.73"
2018-19,Vic,Primary health care,Unreferred medical services,Non-government,Individuals,"22,84,18,249.47","24,61,23,807.16"
2018-19,Vic,Primary health care,Unreferred medical services,Non-government,Other source of funds,"24,44,74,551.82","26,34,24,693.89"
2018-19,Vic,Referred medical services,Referred medical services,Canadian Government,Department of Veterans' Affairs,"9,21,26,708.20","9,92,67,795.87"
2018-19,Vic,Referred medical services,Referred medical services,Canadian Government,DoHAC and other,"3,58,07,44,002.97","3,85,83,00,939.24"
2018-19,Vic,Referred medical services,Referred medical services,Canadian Government,Premium rebates,"16,18,48,200.12","17,43,93,662.89"
2018-19,Vic,Referred medical services,Referred medical services,Non-government,Health insurance funds,"47,06,99,628.39","50,71,85,327.07"
2018-19,Vic,Referred medical services,Referred medical services,Non-government,Individuals,"80,36,62,563.72","86,59,57,471.93"
2018-19,Vic,Research,Research,Canadian Government,Department of Veterans' Affairs,0,0
2018-19,Vic,Research,Research,Canadian Government,DoHAC and other,"1,41,96,51,785.35","1,53,85,55,953.91"
2018-19,Vic,Research,Research,Non-government,Individuals,"55,200.63","59,824.01"
2018-19,Vic,Research,Research,Non-government,Other source of funds,"11,54,62,853.19","12,51,33,544.77"
2018-19,Vic,Research,Research,State and local government,State and local government,"10,31,00,920.14","11,17,36,227.27"
2018-19,WA,Capital expenditure,Capital expenditure,Canadian Government,DoHAC and other,"1,30,73,457.40","1,39,47,354.50"
2018-19,WA,Capital expenditure,Capital expenditure,Non-government,Other source of funds,"60,90,27,426.64","67,95,57,750.09"
2018-19,WA,Capital expenditure,Capital expenditure,State and local government,State and local government,"20,60,00,000.00","22,44,01,524.94"
2018-19,WA,Hospitals,Private hospitals,Canadian Government,Department of Veterans' Affairs,"6,69,34,732.53","7,02,32,079.65"
2018-19,WA,Hospitals,Private hospitals,Canadian Government,DoHAC and other,"6,81,98,376.52","7,15,58,291.97"
2018-19,WA,Hospitals,Private hospitals,Canadian Government,Premium rebates,"35,07,19,688.77","36,79,96,885.73"
2018-19,WA,Hospitals,Private hospitals,Non-government,Health insurance funds,"1,01,99,90,503.73","1,07,02,37,402.88"
2018-19,WA,Hospitals,Private hospitals,Non-government,Individuals,"33,45,34,596.18","35,10,14,481.09"
2018-19,WA,Hospitals,Private hospitals,Non-government,Other source of funds,"17,76,94,582.57","18,64,48,195.21"
2018-19,WA,Hospitals,Private hospitals,State and local government,State and local government,"96,37,68,508.33","1,01,12,45,792.54"
2018-19,WA,Hospitals,Public hospital services,Canadian Government,Department of Veterans' Affairs,"5,70,15,159.26","5,98,23,847.13"
2018-19,WA,Hospitals,Public hospital services,Canadian Government,DoHAC and other,"2,48,16,53,763.26","2,60,39,29,341.96"
2018-19,WA,Hospitals,Public hospital services,Canadian Government,Premium rebates,"2,41,21,249.46","2,53,09,513.45"
2018-19,WA,Hospitals,Public hospital services,Non-government,Health insurance funds,"7,01,51,309.37","7,36,07,111.90"
2018-19,WA,Hospitals,Public hospital services,Non-government,Individuals,"27,09,76,019.01","28,43,24,873.39"
2018-19,WA,Hospitals,Public hospital services,Non-government,Other source of funds,"4,00,00,068.29","4,19,70,556.64"
2018-19,WA,Hospitals,Public hospital services,State and local government,State and local government,"3,09,45,36,781.38","3,24,69,80,237.46"
2018-19,WA,Medical expenses tax rebate,Medical expenses tax rebate,Canadian Government,DoHAC and other,"42,50,000.00","44,60,487.98"
2018-19,WA,Medical expenses tax rebate,Medical expenses tax rebate,Non-government,Individuals,"-42,50,000.00","-44,60,487.98"
2018-19,WA,Other services,Administration,Canadian Government,Department of Veterans' Affairs,0,0
2018-19,WA,Other services,Administration,Canadian Government,DoHAC and other,"19,53,43,235.67","20,50,77,085.51"
2018-19,WA,Other services,Administration,Canadian Government,Premium rebates,"6,72,15,384.54","7,05,44,332.95"
2018-19,WA,Other services,Administration,Non-government,Health insurance funds,"19,54,81,052.63","20,51,62,561.46"
2018-19,WA,Other services,Administration,Non-government,Individuals,"1,21,31,240.86","1,27,32,059.78"
2018-19,WA,Other services,Administration,Non-government,Other source of funds,"17,90,750.58","18,79,440.34"
2018-19,WA,Other services,Administration,State and local government,State and local government,"53,43,21,821.79","56,07,84,956.52"
2018-19,WA,Other services,Aids and appliances,Canadian Government,Department of Veterans' Affairs,"1,77,200.00","1,89,350.79"
2018-19,WA,Other services,Aids and appliances,Canadian Government,DoHAC and other,"6,25,55,761.64","6,68,45,276.51"
2018-19,WA,Other services,Aids and appliances,Canadian Government,Premium rebates,"3,31,08,498.36","3,53,78,783.18"
2018-19,WA,Other services,Aids and appliances,Non-government,Health insurance funds,"9,62,88,731.44","10,28,91,351.80"
2018-19,WA,Other services,Aids and appliances,Non-government,Individuals,"58,75,56,696.25","62,78,46,081.58"
2018-19,WA,Other services,Aids and appliances,Non-government,Other source of funds,"3,54,11,225.26","3,78,39,410.50"
2018-19,WA,Other services,Patient transport services,Canadian Government,Department of Veterans' Affairs,"68,70,404.51","72,08,855.23"
2018-19,WA,Other services,Patient transport services,Canadian Government,DoHAC and other,"4,01,68,238.01","4,21,47,010.75"
2018-19,WA,Other services,Patient transport services,Canadian Government,Premium rebates,"1,11,53,554.38","1,17,03,002.16"
2018-19,WA,Other services,Patient transport services,Non-government,Health insurance funds,"3,24,37,641.55","3,40,35,588.69"
2018-19,WA,Other services,Patient transport services,Non-government,Individuals,"32,49,672.29","34,09,758.05"
2018-19,WA,Other services,Patient transport services,Non-government,Other source of funds,"95,89,440.41","1,00,61,836.62"
2018-19,WA,Other services,Patient transport services,State and local government,State and local government,"26,34,06,511.73","27,63,82,476.09"
2018-19,WA,Primary health care,All other medications,Canadian Government,DoHAC and other,"10,25,79,783.00","10,45,98,537.96"
2018-19,WA,Primary health care,All other medications,Canadian Government,Premium rebates,"27,27,006.94","27,34,446.54"
2018-19,WA,Primary health care,All other medications,Non-government,Health insurance funds,"79,30,895.44","79,52,531.86"
2018-19,WA,Primary health care,All other medications,Non-government,Individuals,"1,06,51,09,965.90","1,08,90,17,725.69"
2018-19,WA,Primary health care,All other medications,Non-government,Other source of funds,"1,19,38,824.27","1,19,71,394.80"
2018-19,WA,Primary health care,Benefit-paid pharmaceuticals,Canadian Government,Department of Veterans' Affairs,"2,71,48,011.35","3,06,64,211.55"
2018-19,WA,Primary health care,Benefit-paid pharmaceuticals,Canadian Government,DoHAC and other,"90,22,94,453.71","1,01,65,22,753.89"
2018-19,WA,Primary health care,Benefit-paid pharmaceuticals,Non-government,Individuals,"14,40,29,979.58","16,26,84,688.31"
2018-19,WA,Primary health care,Community health and other,Canadian Government,DoHAC and other,"12,90,98,342.71","13,52,60,611.38"
2018-19,WA,Primary health care,Community health and other,Canadian Government,Premium rebates,"7,323.92","7,686.65"
2018-19,WA,Primary health care,Community health and other,Non-government,Health insurance funds,"21,299.99","22,354.91"
2018-19,WA,Primary health care,Community health and other,Non-government,Individuals,"2,41,97,799.34","2,53,96,233.69"
2018-19,WA,Primary health care,Community health and other,Non-government,Other source of funds,"3,22,355.97","3,38,321.16"
2018-19,WA,Primary health care,Community health and other,State and local government,State and local government,"86,78,10,984.25","91,07,90,698.09"
2018-19,WA,Primary health care,Dental services,Canadian Government,Department of Veterans' Affairs,"89,71,392.04","96,34,090.20"
2018-19,WA,Primary health care,Dental services,Canadian Government,DoHAC and other,"1,44,67,627.36","1,55,36,321.01"
2018-19,WA,Primary health care,Dental services,Canadian Government,Premium rebates,"11,06,92,939.85","11,88,69,598.13"
2018-19,WA,Primary health care,Dental services,Non-government,Health insurance funds,"32,19,25,888.65","34,57,05,887.53"
2018-19,WA,Primary health care,Dental services,Non-government,Individuals,"99,79,87,927.46","1,07,17,07,229.41"
2018-19,WA,Primary health care,Dental services,Non-government,Other source of funds,"34,80,951.90","37,38,082.61"
2018-19,WA,Primary health care,Dental services,State and local government,State and local government,"7,59,72,385.11","8,15,84,307.91"
2018-19,WA,Primary health care,Other health practitioners,Canadian Government,Department of Veterans' Affairs,"3,13,04,642.38","3,35,89,756.71"
2018-19,WA,Primary health care,Other health practitioners,Canadian Government,DoHAC and other,"16,66,51,553.66","17,88,16,453.95"
2018-19,WA,Primary health care,Other health practitioners,Canadian Government,Premium rebates,"4,01,78,420.37","4,31,11,285.19"
2018-19,WA,Primary health care,Other health practitioners,Non-government,Health insurance funds,"11,68,50,033.08","12,53,79,620.54"
2018-19,WA,Primary health care,Other health practitioners,Non-government,Individuals,"62,22,493.93","66,76,711.22"
2018-19,WA,Primary health care,Other health practitioners,Non-government,Other source of funds,"3,24,85,812.81","3,48,57,147.88"
2018-19,WA,Primary health care,Public health,Canadian Government,DoHAC and other,"15,02,76,315.53","15,76,46,834.95"
2018-19,WA,Primary health care,Public health,State and local government,State and local government,"19,69,60,542.36","20,66,63,237.11"
2018-19,WA,Primary health care,Unreferred medical services,Canadian Government,Department of Veterans' Affairs,"84,30,274.15","86,94,610.98"
2018-19,WA,Primary health care,Unreferred medical services,Canadian Government,DoHAC and other,"91,36,27,063.12","94,23,09,387.46"
2018-19,WA,Primary health care,Unreferred medical services,Non-government,Individuals,"8,86,89,633.86","9,14,70,556.11"
2018-19,WA,Primary health care,Unreferred medical services,Non-government,Other source of funds,"12,46,33,577.44","12,85,41,545.86"
2018-19,WA,Referred medical services,Referred medical services,Canadian Government,Department of Veterans' Affairs,"5,02,94,507.14","5,18,71,524.75"
2018-19,WA,Referred medical services,Referred medical services,Canadian Government,DoHAC and other,"1,30,15,93,901.44","1,34,24,06,240.85"
2018-19,WA,Referred medical services,Referred medical services,Canadian Government,Premium rebates,"6,89,18,883.13","7,10,79,880.39"
2018-19,WA,Referred medical services,Referred medical services,Non-government,Health insurance funds,"20,04,35,300.81","20,67,20,082.51"
2018-19,WA,Referred medical services,Referred medical services,Non-government,Individuals,"31,30,96,411.18","32,29,13,756.66"
2018-19,WA,Research,Research,Canadian Government,Department of Veterans' Affairs,0,0
2018-19,WA,Research,Research,Canadian Government,DoHAC and other,"37,67,87,728.44","39,54,48,737.63"
2018-19,WA,Research,Research,Non-government,Individuals,"6,55,933.14","6,88,419.27"
2018-19,WA,Research,Research,Non-government,Other source of funds,"2,51,52,726.52","2,63,98,455.15"
2018-19,WA,Research,Research,State and local government,State and local government,"5,11,08,587.85","5,36,39,821.63"
2019-20,ACT,Capital expenditure,Capital expenditure,Canadian Government,DoHAC and other,"56,31,733.54","56,02,399.94"
2019-20,ACT,Capital expenditure,Capital expenditure,Non-government,Other source of funds,"10,70,38,465.12","11,31,53,684.50"
2019-20,ACT,Capital expenditure,Capital expenditure,State and local government,State and local government,"10,30,00,000.00","10,53,35,631.14"
2019-20,ACT,Hospitals,Private hospitals,Canadian Government,Department of Veterans' Affairs,"3,23,99,354.96","3,34,39,890.26"
2019-20,ACT,Hospitals,Private hospitals,Canadian Government,DoHAC and other,"2,18,29,253.21","2,30,49,007.47"
2019-20,ACT,Hospitals,Private hospitals,Canadian Government,Premium rebates,"4,17,46,200.79","4,30,86,918.71"
2019-20,ACT,Hospitals,Private hospitals,Non-government,Health insurance funds,"11,48,60,180.61","11,85,49,021.72"
2019-20,ACT,Hospitals,Private hospitals,Non-government,Individuals,"2,36,48,257.84","2,44,07,743.55"
2019-20,ACT,Hospitals,Private hospitals,Non-government,Other source of funds,"1,75,32,922.20","1,80,96,008.24"
2019-20,ACT,Hospitals,Private hospitals,State and local government,State and local government,"1,11,46,990.34","1,15,04,986.26"
2019-20,ACT,Hospitals,Public hospital services,Canadian Government,Department of Veterans' Affairs,"5,21,63,834.43","5,38,39,124.30"
2019-20,ACT,Hospitals,Public hospital services,Canadian Government,DoHAC and other,"45,41,76,016.53","46,87,85,758.55"
2019-20,ACT,Hospitals,Public hospital services,Canadian Government,Premium rebates,"38,52,164.60","39,75,880.43"
2019-20,ACT,Hospitals,Public hospital services,Non-government,Health insurance funds,"1,05,98,816.48","1,09,39,207.30"
2019-20,ACT,Hospitals,Public hospital services,Non-government,Individuals,"1,00,41,584.69","1,03,64,079.48"
2019-20,ACT,Hospitals,Public hospital services,Non-government,Other source of funds,"1,45,72,187.82","1,50,40,187.14"
2019-20,ACT,Hospitals,Public hospital services,State and local government,State and local government,"84,95,89,008.14","87,68,74,346.25"
2019-20,ACT,Medical expenses tax rebate,Medical expenses tax rebate,Canadian Government,DoHAC and other,"1,21,600.00","1,26,367.34"
2019-20,ACT,Medical expenses tax rebate,Medical expenses tax rebate,Non-government,Individuals,"-1,21,600.00","-1,26,367.34"
2019-20,ACT,Other services,Administration,Canadian Government,Department of Veterans' Affairs,"5,12,73,945.82","5,49,29,950.52"
2019-20,ACT,Other services,Administration,Canadian Government,DoHAC and other,"3,38,14,982.40","3,51,12,146.70"
2019-20,ACT,Other services,Administration,Canadian Government,Premium rebates,"86,09,433.40","89,46,966.74"
2019-20,ACT,Other services,Administration,Non-government,Health insurance funds,"2,36,87,929.83","2,46,16,616.50"
2019-20,ACT,Other services,Aids and appliances,Canadian Government,Department of Veterans' Affairs,"1,20,856.21","1,29,623.05"
2019-20,ACT,Other services,Aids and appliances,Canadian Government,DoHAC and other,"97,29,512.06","1,04,35,285.57"
2019-20,ACT,Other services,Aids and appliances,Canadian Government,Premium rebates,"40,96,417.28","43,93,569.16"
2019-20,ACT,Other services,Aids and appliances,Non-government,Health insurance funds,"1,12,70,851.47","1,20,88,432.90"
2019-20,ACT,Other services,Aids and appliances,Non-government,Individuals,"2,21,57,130.69","2,37,64,396.90"
2019-20,ACT,Other services,Aids and appliances,Non-government,Other source of funds,"17,75,884.05","19,04,705.72"
2019-20,ACT,Other services,Patient transport services,Canadian Government,Department of Veterans' Affairs,"4,71,09,678.09","4,86,22,649.05"
2019-20,ACT,Other services,Patient transport services,Canadian Government,DoHAC and other,"1,62,266.51","1,67,477.85"
2019-20,ACT,Other services,Patient transport services,Canadian Government,Premium rebates,"73,11,410.49","75,46,223.21"
2019-20,ACT,Other services,Patient transport services,Non-government,Health insurance funds,"2,01,16,559.42","2,07,62,621.36"
2019-20,ACT,Other services,Patient transport services,Non-government,Individuals,"27,275.36","28,151.33"
2019-20,ACT,Other services,Patient transport services,Non-government,Other source of funds,"8,86,412.78","9,14,880.75"
2019-20,ACT,Other services,Patient transport services,State and local government,State and local government,"3,46,34,950.16","3,57,47,283.68"
2019-20,ACT,Primary health care,All other medications,Canadian Government,DoHAC and other,"1,20,78,951.63","1,20,53,134.79"
2019-20,ACT,Primary health care,All other medications,Canadian Government,Premium rebates,"3,21,867.84","3,21,393.04"
2019-20,ACT,Primary health care,All other medications,Non-government,Health insurance funds,"8,85,584.75","8,84,278.37"
2019-20,ACT,Primary health care,All other medications,Non-government,Individuals,"12,47,19,298.70","12,81,39,509.31"
2019-20,ACT,Primary health care,All other medications,Non-government,Other source of funds,"15,68,488.01","15,66,174.25"
2019-20,ACT,Primary health care,Benefit-paid pharmaceuticals,Canadian Government,Department of Veterans' Affairs,"1,89,26,163.36","2,09,09,437.55"
2019-20,ACT,Primary health care,Benefit-paid pharmaceuticals,Canadian Government,DoHAC and other,"15,30,79,712.46","16,88,32,610.31"
2019-20,ACT,Primary health care,Benefit-paid pharmaceuticals,Non-government,Individuals,"2,24,77,614.94","2,48,33,046.02"
2019-20,ACT,Primary health care,Community health and other,Canadian Government,DoHAC and other,"2,72,94,717.21","2,84,23,176.65"
2019-20,ACT,Primary health care,Community health and other,Canadian Government,Premium rebates,"3,106.53","3,228.32"
2019-20,ACT,Primary health care,Community health and other,Non-government,Health insurance funds,"8,547.27","8,882.37"
2019-20,ACT,Primary health care,Community health and other,Non-government,Other source of funds,"10,648.92","11,066.41"
2019-20,ACT,Primary health care,Community health and other,State and local government,State and local government,"29,54,71,796.68","30,70,79,817.25"
2019-20,ACT,Primary health care,Dental services,Canadian Government,Department of Veterans' Affairs,"23,20,131.43","24,14,796.65"
2019-20,ACT,Primary health care,Dental services,Canadian Government,DoHAC and other,"93,26,537.81","97,07,075.98"
2019-20,ACT,Primary health care,Dental services,Canadian Government,Premium rebates,"1,19,78,095.68","1,24,66,821.87"
2019-20,ACT,Primary health care,Dental services,Non-government,Health insurance funds,"3,29,56,441.70","3,43,01,119.26"
2019-20,ACT,Primary health care,Dental services,Non-government,Individuals,"11,37,38,100.98","11,83,78,804.39"
2019-20,ACT,Primary health care,Dental services,Non-government,Other source of funds,"2,16,704.08","2,25,545.97"
2019-20,ACT,Primary health care,Dental services,State and local government,State and local government,"1,52,33,598.15","1,58,55,154.25"
2019-20,ACT,Primary health care,Other health practitioners,Canadian Government,Department of Veterans' Affairs,"7,77,69,272.90","8,33,14,483.48"
2019-20,ACT,Primary health care,Other health practitioners,Canadian Government,DoHAC and other,"3,88,93,519.00","4,16,66,757.65"
2019-20,ACT,Primary health care,Other health practitioners,Canadian Government,Premium rebates,"45,33,414.78","48,56,662.50"
2019-20,ACT,Primary health care,Other health practitioners,Non-government,Health insurance funds,"1,24,73,203.10","1,33,62,584.41"
2019-20,ACT,Primary health care,Other health practitioners,Non-government,Individuals,"1,54,35,434.63","1,65,36,033.01"
2019-20,ACT,Primary health care,Other health practitioners,Non-government,Other source of funds,"90,67,720.73","97,14,279.70"
2019-20,ACT,Primary health care,Other health practitioners,State and local government,State and local government,"26,92,600.13","28,84,591.57"
2019-20,ACT,Primary health care,Public health,Canadian Government,DoHAC and other,"2,93,83,952.26","3,03,30,271.98"
2019-20,ACT,Primary health care,Public health,State and local government,State and local government,"4,18,14,654.00","4,31,57,570.35"
2019-20,ACT,Primary health care,Unreferred medical services,Canadian Government,Department of Veterans' Affairs,"1,07,47,915.76","1,15,06,355.15"
2019-20,ACT,Primary health care,Unreferred medical services,Canadian Government,DoHAC and other,"14,64,38,878.14","15,67,65,100.50"
2019-20,ACT,Primary health care,Unreferred medical services,Non-government,Individuals,"3,24,45,200.06","3,47,34,733.97"
2019-20,ACT,Primary health care,Unreferred medical services,Non-government,Other source of funds,"1,89,13,440.70","2,02,48,090.01"
2019-20,ACT,Referred medical services,Referred medical services,Canadian Government,Department of Veterans' Affairs,"3,04,61,073.88","3,26,10,595.58"
2019-20,ACT,Referred medical services,Referred medical services,Canadian Government,DoHAC and other,"20,97,10,329.19","22,45,08,786.59"
2019-20,ACT,Referred medical services,Referred medical services,Canadian Government,Premium rebates,"66,61,503.56","71,31,580.44"
2019-20,ACT,Referred medical services,Referred medical services,Non-government,Health insurance funds,"1,83,28,410.43","1,96,21,776.39"
2019-20,ACT,Referred medical services,Referred medical services,Non-government,Individuals,"8,58,59,999.83","9,19,18,812.26"
2019-20,ACT,Research,Research,Canadian Government,Department of Veterans' Affairs,"22,24,000.00","23,11,192.05"
2019-20,ACT,Research,Research,Canadian Government,DoHAC and other,"12,57,44,115.78","13,06,73,921.20"
2019-20,ACT,Research,Research,Non-government,Individuals,"2,36,961.92","2,46,252.02"
2019-20,ACT,Research,Research,Non-government,Other source of funds,"51,20,249.31","53,20,988.99"
2019-20,ACT,Research,Research,State and local government,State and local government,"3,35,43,735.47","3,48,58,819.58"
2019-20,NSW,Capital expenditure,Capital expenditure,Canadian Government,DoHAC and other,"3,80,70,519.08","3,89,51,010.63"
2019-20,NSW,Capital expenditure,Capital expenditure,Non-government,Other source of funds,"2,03,38,00,822.71","2,18,41,24,268.41"
2019-20,NSW,Capital expenditure,Capital expenditure,State and local government,State and local government,"2,43,60,00,000.00","2,56,08,16,900.49"
2019-20,NSW,Hospitals,Private hospitals,Canadian Government,Department of Veterans' Affairs,"17,77,68,453.10","18,39,26,042.41"
2019-20,NSW,Hospitals,Private hospitals,Canadian Government,DoHAC and other,"31,04,49,381.94","33,03,71,821.73"
2019-20,NSW,Hospitals,Private hospitals,Canadian Government,Premium rebates,"95,30,24,683.25","98,60,35,796.86"
2019-20,NSW,Hospitals,Private hospitals,Non-government,Health insurance funds,"2,62,21,44,893.60","2,71,29,71,421.49"
2019-20,NSW,Hospitals,Private hospitals,Non-government,Individuals,"32,13,64,169.16","33,24,95,663.74"
2019-20,NSW,Hospitals,Private hospitals,Non-government,Other source of funds,"41,44,71,762.42","42,88,28,341.72"
2019-20,NSW,Hospitals,Private hospitals,State and local government,State and local government,"5,44,33,985.24","5,63,19,483.60"
2019-20,NSW,Hospitals,Public hospital services,Canadian Government,Department of Veterans' Affairs,"19,95,83,309.50","20,64,96,527.41"
2019-20,NSW,Hospitals,Public hospital services,Canadian Government,DoHAC and other,"8,00,77,80,110.71","8,28,60,31,090.38"
2019-20,NSW,Hospitals,Public hospital services,Canadian Government,Premium rebates,"16,75,09,085.69","17,33,11,308.40"
2019-20,NSW,Hospitals,Public hospital services,Non-government,Health insurance funds,"46,08,83,229.35","47,68,47,420.95"
2019-20,NSW,Hospitals,Public hospital services,Non-government,Individuals,"9,87,15,100.13","10,21,34,419.11"
2019-20,NSW,Hospitals,Public hospital services,Non-government,Other source of funds,"89,26,86,299.05","92,36,07,396.22"
2019-20,NSW,Hospitals,Public hospital services,State and local government,State and local government,"10,09,25,46,701.12","10,44,21,34,924.38"
2019-20,NSW,Medical expenses tax rebate,Medical expenses tax rebate,Canadian Government,DoHAC and other,"15,25,200.00","15,76,721.35"
2019-20,NSW,Medical expenses tax rebate,Medical expenses tax rebate,Non-government,Individuals,"-15,25,200.00","-15,76,721.35"
2019-20,NSW,Other services,Administration,Canadian Government,Department of Veterans' Affairs,0,0
2019-20,NSW,Other services,Administration,Canadian Government,DoHAC and other,"64,63,45,062.45","66,80,65,511.37"
2019-20,NSW,Other services,Administration,Canadian Government,Premium rebates,"19,93,40,422.02","20,60,74,153.94"
2019-20,NSW,Other services,Administration,Non-government,Health insurance funds,"54,84,63,727.00","56,69,90,865.97"
2019-20,NSW,Other services,Aids and appliances,Canadian Government,Department of Veterans' Affairs,"6,67,069.12","7,15,457.95"
2019-20,NSW,Other services,Aids and appliances,Canadian Government,DoHAC and other,"19,80,76,385.49","21,24,44,738.70"
2019-20,NSW,Other services,Aids and appliances,Canadian Government,Premium rebates,"8,54,65,847.89","9,16,65,493.98"
2019-20,NSW,Other services,Aids and appliances,Non-government,Health insurance funds,"23,51,50,086.40","25,22,07,745.71"
2019-20,NSW,Other services,Aids and appliances,Non-government,Individuals,"52,74,58,850.83","56,57,20,428.83"
2019-20,NSW,Other services,Aids and appliances,Non-government,Other source of funds,"66,84,171.87","71,69,038.06"
2019-20,NSW,Other services,Patient transport services,Canadian Government,Department of Veterans' Affairs,"2,52,03,323.65","2,60,76,322.84"
2019-20,NSW,Other services,Patient transport services,Canadian Government,DoHAC and other,"3,30,82,683.14","3,42,28,609.61"
2019-20,NSW,Other services,Patient transport services,Canadian Government,Premium rebates,"5,99,62,451.86","6,20,39,446.66"
2019-20,NSW,Other services,Patient transport services,Non-government,Health insurance funds,"16,49,80,235.78","17,06,94,863.54"
2019-20,NSW,Other services,Patient transport services,Non-government,Individuals,"6,25,21,305.61","6,46,86,934.64"
2019-20,NSW,Other services,Patient transport services,Non-government,Other source of funds,"9,88,87,240.12","10,23,12,521.72"
2019-20,NSW,Other services,Patient transport services,State and local government,State and local government,"68,17,74,900.71","70,53,90,394.72"
2019-20,NSW,Primary health care,All other medications,Canadian Government,DoHAC and other,"24,51,84,700.66","24,78,36,531.05"
2019-20,NSW,Primary health care,All other medications,Canadian Government,Premium rebates,"54,31,229.01","54,72,058.46"
2019-20,NSW,Primary health care,All other medications,Non-government,Health insurance funds,"1,49,43,442.36","1,50,55,780.18"
2019-20,NSW,Primary health care,All other medications,Non-government,Individuals,"3,66,93,04,354.21","3,74,73,88,953.55"
2019-20,NSW,Primary health care,All other medications,Non-government,Other source of funds,"3,04,18,864.79","3,06,47,539.61"
2019-20,NSW,Primary health care,Benefit-paid pharmaceuticals,Canadian Government,Department of Veterans' Affairs,"9,42,54,688.56","10,41,31,644.96"
2019-20,NSW,Primary health care,Benefit-paid pharmaceuticals,Canadian Government,DoHAC and other,"3,49,88,78,661.26","3,85,39,75,003.87"
2019-20,NSW,Primary health care,Benefit-paid pharmaceuticals,Non-government,Individuals,"49,26,38,365.26","54,42,61,979.24"
2019-20,NSW,Primary health care,Community health and other,Canadian Government,DoHAC and other,"46,30,08,217.63","48,15,99,996.57"
2019-20,NSW,Primary health care,Community health and other,Canadian Government,Premium rebates,"60,714.70","62,765.65"
2019-20,NSW,Primary health care,Community health and other,Non-government,Health insurance funds,"1,67,049.98","1,72,692.93"
2019-20,NSW,Primary health care,Community health and other,Non-government,Individuals,"56,14,335.99","58,03,988.61"
2019-20,NSW,Primary health care,Community health and other,Non-government,Other source of funds,"22,46,75,562.47","23,22,65,117.01"
2019-20,NSW,Primary health care,Community health and other,State and local government,State and local government,"1,50,65,13,150.15","1,55,73,09,080.18"
2019-20,NSW,Primary health care,Dental services,Canadian Government,Department of Veterans' Affairs,"2,03,78,152.60","2,12,09,615.07"
2019-20,NSW,Primary health care,Dental services,Canadian Government,DoHAC and other,"19,57,70,249.53","20,37,57,998.56"
2019-20,NSW,Primary health care,Dental services,Canadian Government,Premium rebates,"21,56,80,896.96","22,44,81,035.75"
2019-20,NSW,Primary health care,Dental services,Non-government,Health insurance funds,"59,34,22,785.94","61,76,35,421.13"
2019-20,NSW,Primary health care,Dental services,Non-government,Individuals,"1,56,88,15,156.35","1,63,28,25,420.12"
2019-20,NSW,Primary health care,Dental services,Non-government,Other source of funds,"1,72,60,389.61","1,79,64,642.17"
2019-20,NSW,Primary health care,Dental services,State and local government,State and local government,"24,47,73,984.13","25,47,61,169.19"
2019-20,NSW,Primary health care,Other health practitioners,Canadian Government,Department of Veterans' Affairs,"6,08,55,992.00","6,51,95,228.80"
2019-20,NSW,Primary health care,Other health practitioners,Canadian Government,DoHAC and other,"60,56,52,280.84","64,88,37,324.40"
2019-20,NSW,Primary health care,Other health practitioners,Canadian Government,Premium rebates,"9,47,02,497.06","10,14,55,103.45"
2019-20,NSW,Primary health care,Other health practitioners,Non-government,Health insurance funds,"26,05,63,732.97","27,91,42,803.03"
2019-20,NSW,Primary health care,Other health practitioners,Non-government,Individuals,"50,29,22,335.07","53,87,82,388.15"
2019-20,NSW,Primary health care,Other health practitioners,Non-government,Other source of funds,"28,29,15,530.16","30,30,88,358.50"
2019-20,NSW,Primary health care,Public health,Canadian Government,DoHAC and other,"55,32,68,522.78","57,24,68,427.10"
2019-20,NSW,Primary health care,Public health,Non-government,Individuals,"32,76,389.18","33,89,877.59"
2019-20,NSW,Primary health care,Public health,Non-government,Other source of funds,"13,11,31,107.95","13,56,73,260.92"
2019-20,NSW,Primary health care,Public health,State and local government,State and local government,"58,42,57,126.36","60,44,94,774.68"
2019-20,NSW,Primary health care,Unreferred medical services,Canadian Government,Department of Veterans' Affairs,"3,74,58,930.52","4,08,68,118.65"
2019-20,NSW,Primary health care,Unreferred medical services,Canadian Government,DoHAC and other,"3,24,63,55,724.50","3,54,15,18,722.55"
2019-20,NSW,Primary health care,Unreferred medical services,Non-government,Individuals,"20,96,02,686.13","22,86,78,911.20"
2019-20,NSW,Primary health care,Unreferred medical services,Non-government,Other source of funds,"55,33,54,798.43","60,37,16,370.00"
2019-20,NSW,Referred medical services,Referred medical services,Canadian Government,Department of Veterans' Affairs,"14,89,35,258.86","16,24,90,059.00"
2019-20,NSW,Referred medical services,Referred medical services,Canadian Government,DoHAC and other,"5,08,74,13,088.72","5,55,04,25,461.77"
2019-20,NSW,Referred medical services,Referred medical services,Canadian Government,Premium rebates,"18,21,62,688.41","19,87,41,562.03"
2019-20,NSW,Referred medical services,Referred medical services,Non-government,Health insurance funds,"50,12,01,040.86","54,68,16,028.14"
2019-20,NSW,Referred medical services,Referred medical services,Non-government,Individuals,"1,25,61,37,863.69","1,37,04,60,676.29"
2019-20,NSW,Research,Research,Canadian Government,Department of Veterans' Affairs,0,0
2019-20,NSW,Research,Research,Canadian Government,DoHAC and other,"1,75,60,08,685.05","1,81,53,26,768.16"
2019-20,NSW,Research,Research,Non-government,Individuals,"15,40,898.20","15,92,949.84"
2019-20,NSW,Research,Research,Non-government,Other source of funds,"16,17,81,861.71","16,72,46,863.10"
2019-20,NSW,Research,Research,State and local government,State and local government,"36,44,98,536.32","37,68,11,319.66"
2019-20,NT,Capital expenditure,Capital expenditure,Canadian Government,DoHAC and other,"28,15,866.77","28,52,783.24"
2019-20,NT,Capital expenditure,Capital expenditure,Non-government,Other source of funds,"6,12,91,489.41","6,68,86,163.43"
2019-20,NT,Capital expenditure,Capital expenditure,State and local government,State and local government,"3,00,00,000.00","3,12,88,177.88"
2019-20,NT,Hospitals,Private hospitals,Canadian Government,Department of Veterans' Affairs,"24,20,239.58","25,51,771.57"
2019-20,NT,Hospitals,Private hospitals,Canadian Government,DoHAC and other,"84,84,573.18","89,97,166.74"
2019-20,NT,Hospitals,Private hospitals,Canadian Government,Premium rebates,"1,34,45,023.11","1,41,75,715.51"
2019-20,NT,Hospitals,Private hospitals,Non-government,Health insurance funds,"3,69,92,534.71","3,90,02,956.27"
2019-20,NT,Hospitals,Private hospitals,Non-government,Individuals,"-93,87,511.12","-98,97,691.21"
2019-20,NT,Hospitals,Private hospitals,Non-government,Other source of funds,"94,99,428.80","1,00,15,691.25"
2019-20,NT,Hospitals,Public hospital services,Canadian Government,Department of Veterans' Affairs,"1,27,75,655.24","1,34,69,969.73"
2019-20,NT,Hospitals,Public hospital services,Canadian Government,DoHAC and other,"34,20,39,627.78","36,11,30,019.74"
2019-20,NT,Hospitals,Public hospital services,Canadian Government,Premium rebates,"18,83,492.37","19,85,853.93"
2019-20,NT,Hospitals,Public hospital services,Non-government,Health insurance funds,"51,82,226.63","54,63,863.46"
2019-20,NT,Hospitals,Public hospital services,Non-government,Individuals,"1,02,25,615.74","1,07,81,344.04"
2019-20,NT,Hospitals,Public hospital services,Non-government,Other source of funds,"4,12,25,519.08","4,34,65,989.29"
2019-20,NT,Hospitals,Public hospital services,State and local government,State and local government,"53,24,00,887.61","56,13,35,109.89"
2019-20,NT,Medical expenses tax rebate,Medical expenses tax rebate,Canadian Government,DoHAC and other,"17,600.00","18,290.01"
2019-20,NT,Medical expenses tax rebate,Medical expenses tax rebate,Non-government,Individuals,"-17,600.00","-18,290.01"
2019-20,NT,Other services,Administration,Canadian Government,Department of Veterans' Affairs,0,0
2019-20,NT,Other services,Administration,Canadian Government,DoHAC and other,"3,11,76,999.98","3,23,93,554.04"
2019-20,NT,Other services,Administration,Canadian Government,Premium rebates,"30,94,953.05","32,16,290.86"
2019-20,NT,Other services,Administration,Non-government,Health insurance funds,"85,15,430.37","88,49,278.31"
2019-20,NT,Other services,Administration,Non-government,Individuals,"1,47,625.41","1,53,413.07"
2019-20,NT,Other services,Administration,Non-government,Other source of funds,"18,86,595.97","19,60,560.08"
2019-20,NT,Other services,Administration,State and local government,State and local government,"88,73,146.34","92,21,018.57"
2019-20,NT,Other services,Aids and appliances,Canadian Government,Department of Veterans' Affairs,0,0
2019-20,NT,Other services,Aids and appliances,Canadian Government,DoHAC and other,"47,04,144.91","50,45,381.02"
2019-20,NT,Other services,Aids and appliances,Canadian Government,Premium rebates,"20,19,706.66","21,66,215.08"
2019-20,NT,Other services,Aids and appliances,Non-government,Health insurance funds,"55,57,005.59","59,60,107.76"
2019-20,NT,Other services,Aids and appliances,Non-government,Individuals,"1,64,05,028.12","1,75,95,039.94"
2019-20,NT,Other services,Aids and appliances,Non-government,Other source of funds,"21,61,268.09","23,18,045.30"
2019-20,NT,Other services,Patient transport services,Canadian Government,Department of Veterans' Affairs,0,0
2019-20,NT,Other services,Patient transport services,Canadian Government,DoHAC and other,"90,25,096.04","95,15,580.08"
2019-20,NT,Other services,Patient transport services,Canadian Government,Premium rebates,"3,42,228.87","3,60,827.87"
2019-20,NT,Other services,Patient transport services,Non-government,Health insurance funds,"9,41,605.92","9,92,779.08"
2019-20,NT,Other services,Patient transport services,Non-government,Individuals,"3,85,224.84","4,06,160.54"
2019-20,NT,Other services,Patient transport services,Non-government,Other source of funds,"44,33,945.90","46,74,916.15"
2019-20,NT,Other services,Patient transport services,State and local government,State and local government,"4,53,85,549.49","4,78,52,103.57"
2019-20,NT,Primary health care,All other medications,Canadian Government,DoHAC and other,"82,80,828.26","83,29,239.79"
2019-20,NT,Primary health care,All other medications,Canadian Government,Premium rebates,"75,520.42","75,878.01"
2019-20,NT,Primary health care,All other medications,Non-government,Health insurance funds,"2,07,786.30","2,08,770.18"
2019-20,NT,Primary health care,All other medications,Non-government,Individuals,"5,24,86,793.11","5,37,94,605.36"
2019-20,NT,Primary health care,All other medications,Non-government,Other source of funds,"2,45,045.92","2,46,206.22"
2019-20,NT,Primary health care,Benefit-paid pharmaceuticals,Canadian Government,Department of Veterans' Affairs,"11,28,359.22","12,46,600.07"
2019-20,NT,Primary health care,Benefit-paid pharmaceuticals,Canadian Government,DoHAC and other,"8,41,60,065.04","9,29,39,752.39"
2019-20,NT,Primary health care,Benefit-paid pharmaceuticals,Non-government,Individuals,"69,99,333.54","77,32,794.26"
2019-20,NT,Primary health care,Community health and other,Canadian Government,DoHAC and other,"12,31,19,810.23","12,79,48,333.38"
2019-20,NT,Primary health care,Community health and other,Canadian Government,Premium rebates,"1,303.78","1,354.90"
2019-20,NT,Primary health care,Community health and other,Non-government,Health insurance funds,"3,587.22","3,727.85"
2019-20,NT,Primary health care,Community health and other,Non-government,Individuals,"3,37,840.25","3,51,085.30"
2019-20,NT,Primary health care,Community health and other,Non-government,Other source of funds,"11,58,326.80","12,03,739.07"
2019-20,NT,Primary health care,Community health and other,State and local government,State and local government,"36,17,72,266.53","37,59,26,068.42"
2019-20,NT,Primary health care,Dental services,Canadian Government,Department of Veterans' Affairs,"3,11,701.00","3,24,418.92"
2019-20,NT,Primary health care,Dental services,Canadian Government,DoHAC and other,"47,20,088.58","49,12,676.03"
2019-20,NT,Primary health care,Dental services,Canadian Government,Premium rebates,"52,56,764.27","54,71,248.98"
2019-20,NT,Primary health care,Dental services,Non-government,Health insurance funds,"1,44,63,421.39","1,50,53,553.00"
2019-20,NT,Primary health care,Dental services,Non-government,Individuals,"7,85,84,413.34","8,17,90,787.91"
2019-20,NT,Primary health care,Dental services,Non-government,Other source of funds,"1,28,248.10","1,33,480.83"
2019-20,NT,Primary health care,Dental services,State and local government,State and local government,"1,02,20,224.41","1,06,37,226.54"
2019-20,NT,Primary health care,Other health practitioners,Canadian Government,Department of Veterans' Affairs,"11,24,896.29","12,05,105.18"
2019-20,NT,Primary health care,Other health practitioners,Canadian Government,DoHAC and other,"1,93,80,123.31","2,07,61,991.24"
2019-20,NT,Primary health care,Other health practitioners,Canadian Government,Premium rebates,"21,26,917.50","22,78,573.87"
2019-20,NT,Primary health care,Other health practitioners,Non-government,Health insurance funds,"58,51,984.69","62,69,250.87"
2019-20,NT,Primary health care,Other health practitioners,Non-government,Individuals,"2,91,84,410.33","3,12,65,356.89"
2019-20,NT,Primary health care,Other health practitioners,Non-government,Other source of funds,"94,64,645.66","1,01,39,506.71"
2019-20,NT,Primary health care,Other health practitioners,State and local government,State and local government,"16,21,375.72","17,36,985.26"
2019-20,NT,Primary health care,Public health,Canadian Government,DoHAC and other,"3,97,78,596.78","4,18,52,300.76"
2019-20,NT,Primary health care,Public health,Non-government,Individuals,"14,956.87","15,769.72"
2019-20,NT,Primary health care,Public health,Non-government,Other source of funds,"2,23,269.52","2,35,403.47"
2019-20,NT,Primary health care,Public health,State and local government,State and local government,"8,94,54,009.27","9,43,15,537.96"
2019-20,NT,Primary health care,Unreferred medical services,Canadian Government,Department of Veterans' Affairs,"4,22,173.16","4,30,897.12"
2019-20,NT,Primary health care,Unreferred medical services,Canadian Government,DoHAC and other,"29,33,02,853.87","29,93,67,469.78"
2019-20,NT,Primary health care,Unreferred medical services,Non-government,Individuals,"54,37,965.95","55,50,338.39"
2019-20,NT,Primary health care,Unreferred medical services,Non-government,Other source of funds,"1,32,34,638.54","1,35,08,124.73"
2019-20,NT,Primary health care,Unreferred medical services,State and local government,State and local government,"-2,00,000.00","-2,04,132.88"
2019-20,NT,Referred medical services,Referred medical services,Canadian Government,Department of Veterans' Affairs,"22,82,389.49","23,29,553.75"
2019-20,NT,Referred medical services,Referred medical services,Canadian Government,DoHAC and other,"9,02,88,923.17","9,21,54,691.82"
2019-20,NT,Referred medical services,Referred medical services,Canadian Government,Premium rebates,"26,33,161.67","26,87,574.44"
2019-20,NT,Referred medical services,Referred medical services,Non-government,Health insurance funds,"72,44,861.07","73,94,571.96"
2019-20,NT,Referred medical services,Referred medical services,Non-government,Individuals,"1,21,11,907.00","1,23,62,192.59"
2019-20,NT,Research,Research,Canadian Government,Department of Veterans' Affairs,0,0
2019-20,NT,Research,Research,Canadian Government,DoHAC and other,"2,40,00,154.51","2,49,41,081.97"
2019-20,NT,Research,Research,Non-government,Individuals,"5,051.43","5,249.48"
2019-20,NT,Research,Research,Non-government,Other source of funds,"12,38,049.67","12,86,587.48"
2019-20,NT,Research,Research,State and local government,State and local government,"81,49,455.15","84,68,955.02"
2019-20,Qld,Capital expenditure,Capital expenditure,Canadian Government,DoHAC and other,"1,72,33,104.78","1,79,39,864.15"
2019-20,Qld,Capital expenditure,Capital expenditure,Non-government,Other source of funds,"1,28,39,23,943.37","1,41,82,56,795.25"
2019-20,Qld,Capital expenditure,Capital expenditure,State and local government,State and local government,"71,20,00,000.00","74,62,37,818.72"
2019-20,Qld,Hospitals,Private hospitals,Canadian Government,Department of Veterans' Affairs,"27,21,31,907.00","28,39,75,584.76"
2019-20,Qld,Hospitals,Private hospitals,Canadian Government,DoHAC and other,"26,64,78,277.09","28,59,14,011.08"
2019-20,Qld,Hospitals,Private hospitals,Canadian Government,Premium rebates,"67,75,32,396.76","70,70,19,844.48"
2019-20,Qld,Hospitals,Private hospitals,Non-government,Health insurance funds,"1,86,41,57,503.62","1,94,52,89,043.88"
2019-20,Qld,Hospitals,Private hospitals,Non-government,Individuals,"23,16,51,857.76","24,17,33,769.82"
2019-20,Qld,Hospitals,Private hospitals,Non-government,Other source of funds,"28,36,28,291.67","29,59,72,313.10"
2019-20,Qld,Hospitals,Private hospitals,State and local government,State and local government,"1,84,74,912.08","1,92,78,974.01"
2019-20,Qld,Hospitals,Public hospital services,Canadian Government,Department of Veterans' Affairs,"8,65,01,616.90","9,02,66,325.30"
2019-20,Qld,Hospitals,Public hospital services,Canadian Government,DoHAC and other,"5,57,79,85,353.15","5,83,13,72,146.00"
2019-20,Qld,Hospitals,Public hospital services,Canadian Government,Premium rebates,"4,27,62,826.80","4,46,23,943.15"
2019-20,Qld,Hospitals,Public hospital services,Non-government,Health insurance funds,"11,76,57,317.71","12,27,77,979.13"
2019-20,Qld,Hospitals,Public hospital services,Non-government,Individuals,"31,20,80,798.18","32,56,63,124.67"
2019-20,Qld,Hospitals,Public hospital services,Non-government,Other source of funds,"71,37,27,449.62","74,47,90,172.17"
2019-20,Qld,Hospitals,Public hospital services,State and local government,State and local government,"6,34,81,52,894.48","6,62,44,36,106.17"
2019-20,Qld,Medical expenses tax rebate,Medical expenses tax rebate,Canadian Government,DoHAC and other,"7,34,000.00","7,66,746.89"
2019-20,Qld,Medical expenses tax rebate,Medical expenses tax rebate,Non-government,Individuals,"-7,34,000.00","-7,66,746.89"
2019-20,Qld,Other services,Administration,Canadian Government,Department of Veterans' Affairs,0,0
2019-20,Qld,Other services,Administration,Canadian Government,DoHAC and other,"41,02,97,024.70","42,85,72,187.19"
2019-20,Qld,Other services,Administration,Canadian Government,Premium rebates,"12,37,60,903.46","12,92,82,408.37"
2019-20,Qld,Other services,Administration,Non-government,Health insurance funds,"34,05,14,812.18","35,57,06,638.97"
2019-20,Qld,Other services,Administration,State and local government,State and local government,"31,22,30,136.40","32,61,60,062.44"
2019-20,Qld,Other services,Aids and appliances,Canadian Government,Department of Veterans' Affairs,"12,01,663.65","12,88,831.68"
2019-20,Qld,Other services,Aids and appliances,Canadian Government,DoHAC and other,"12,29,85,414.35","13,19,06,709.38"
2019-20,Qld,Other services,Aids and appliances,Canadian Government,Premium rebates,"5,19,99,878.40","5,57,71,921.28"
2019-20,Qld,Other services,Aids and appliances,Non-government,Health insurance funds,"14,30,72,071.50","15,34,50,441.71"
2019-20,Qld,Other services,Aids and appliances,Non-government,Individuals,"51,97,78,406.36","55,74,82,849.10"
2019-20,Qld,Other services,Aids and appliances,Non-government,Other source of funds,"1,36,32,680.38","1,46,21,587.60"
2019-20,Qld,Other services,Patient transport services,Canadian Government,Department of Veterans' Affairs,"2,97,86,736.96","3,10,83,110.17"
2019-20,Qld,Other services,Patient transport services,Canadian Government,DoHAC and other,"1,99,44,908.40","2,08,12,947.25"
2019-20,Qld,Other services,Patient transport services,Canadian Government,Premium rebates,"1,78,936.45","1,86,724.09"
2019-20,Qld,Other services,Patient transport services,Non-government,Health insurance funds,"4,92,324.39","5,13,751.25"
2019-20,Qld,Other services,Patient transport services,Non-government,Other source of funds,"18,39,690.43","19,19,757.12"
2019-20,Qld,Other services,Patient transport services,State and local government,State and local government,"1,10,96,81,868.89","1,15,79,77,251.15"
2019-20,Qld,Primary health care,All other medications,Canadian Government,DoHAC and other,"15,31,46,358.25","15,57,24,065.88"
2019-20,Qld,Primary health care,All other medications,Canadian Government,Premium rebates,"33,54,675.07","33,90,039.23"
2019-20,Qld,Primary health care,All other medications,Non-government,Health insurance funds,"92,30,027.57","93,27,328.25"
2019-20,Qld,Primary health care,All other medications,Non-government,Individuals,"2,13,26,87,881.74","2,18,65,33,505.84"
2019-20,Qld,Primary health care,All other medications,Non-government,Other source of funds,"1,19,68,243.77","1,20,94,410.05"
2019-20,Qld,Primary health care,Benefit-paid pharmaceuticals,Canadian Government,Department of Veterans' Affairs,"8,82,96,123.23","9,75,48,681.09"
2019-20,Qld,Primary health care,Benefit-paid pharmaceuticals,Canadian Government,DoHAC and other,"1,89,79,83,661.88","2,09,12,88,976.61"
2019-20,Qld,Primary health care,Benefit-paid pharmaceuticals,Non-government,Individuals,"30,14,93,534.11","33,30,87,065.84"
2019-20,Qld,Primary health care,Community health and other,Canadian Government,DoHAC and other,"34,46,69,047.55","36,00,16,542.80"
2019-20,Qld,Primary health care,Community health and other,Canadian Government,Premium rebates,"32,623.27","34,078.74"
2019-20,Qld,Primary health care,Community health and other,Non-government,Health insurance funds,"89,759.43","93,763.98"
2019-20,Qld,Primary health care,Community health and other,Non-government,Individuals,"1,58,46,471.00","1,65,53,450.06"
2019-20,Qld,Primary health care,Community health and other,Non-government,Other source of funds,"2,55,67,777.73","2,67,08,466.00"
2019-20,Qld,Primary health care,Community health and other,State and local government,State and local government,"3,19,20,07,260.18","3,33,44,86,929.89"
2019-20,Qld,Primary health care,Dental services,Canadian Government,Department of Veterans' Affairs,"2,95,42,870.61","3,07,48,268.79"
2019-20,Qld,Primary health care,Dental services,Canadian Government,DoHAC and other,"7,64,90,164.07","7,96,11,089.80"
2019-20,Qld,Primary health care,Dental services,Canadian Government,Premium rebates,"14,28,13,447.95","14,86,40,473.80"
2019-20,Qld,Primary health care,Dental services,Non-government,Health insurance funds,"39,29,35,838.77","40,89,68,273.56"
2019-20,Qld,Primary health care,Dental services,Non-government,Individuals,"55,74,82,211.14","58,02,28,411.19"
2019-20,Qld,Primary health care,Dental services,Non-government,Other source of funds,"1,13,89,555.79","1,18,54,268.58"
2019-20,Qld,Primary health care,Dental services,State and local government,State and local government,"20,90,75,395.53","21,76,06,018.89"
2019-20,Qld,Primary health care,Other health practitioners,Canadian Government,Department of Veterans' Affairs,"10,46,16,211.89","11,20,75,699.47"
2019-20,Qld,Primary health care,Other health practitioners,Canadian Government,DoHAC and other,"40,98,95,121.04","43,91,22,021.05"
2019-20,Qld,Primary health care,Other health practitioners,Canadian Government,Premium rebates,"5,98,91,083.31","6,41,61,518.87"
2019-20,Qld,Primary health care,Other health practitioners,Non-government,Health insurance funds,"16,47,83,872.88","17,65,33,516.95"
2019-20,Qld,Primary health care,Other health practitioners,Non-government,Individuals,"40,65,90,392.32","43,55,81,654.06"
2019-20,Qld,Primary health care,Other health practitioners,Non-government,Other source of funds,"11,49,77,338.40","12,31,75,609.13"
2019-20,Qld,Primary health care,Public health,Canadian Government,DoHAC and other,"36,11,27,556.74","37,68,58,020.56"
2019-20,Qld,Primary health care,Public health,Non-government,Individuals,"98,52,371.10","1,02,81,164.29"
2019-20,Qld,Primary health care,Public health,State and local government,State and local government,"22,88,85,854.94","23,88,47,385.50"
2019-20,Qld,Primary health care,Unreferred medical services,Canadian Government,Department of Veterans' Affairs,"3,93,90,727.04","4,11,99,192.05"
2019-20,Qld,Primary health care,Unreferred medical services,Canadian Government,DoHAC and other,"2,24,70,31,032.66","2,35,01,85,378.15"
2019-20,Qld,Primary health care,Unreferred medical services,Non-government,Individuals,"17,18,76,309.30","17,97,67,310.89"
2019-20,Qld,Primary health care,Unreferred medical services,Non-government,Other source of funds,"19,60,06,784.05","20,50,05,638.24"
2019-20,Qld,Referred medical services,Referred medical services,Canadian Government,Department of Veterans' Affairs,"22,37,50,346.71","23,40,22,933.73"
2019-20,Qld,Referred medical services,Referred medical services,Canadian Government,DoHAC and other,"3,12,03,68,131.30","3,26,36,27,141.22"
2019-20,Qld,Referred medical services,Referred medical services,Canadian Government,Premium rebates,"12,68,27,736.41","13,26,50,516.03"
2019-20,Qld,Referred medical services,Referred medical services,Non-government,Health insurance funds,"34,89,52,873.15","36,49,73,624.87"
2019-20,Qld,Referred medical services,Referred medical services,Non-government,Individuals,"64,29,49,428.36","67,24,67,836.02"
2019-20,Qld,Research,Research,Canadian Government,Department of Veterans' Affairs,0,0
2019-20,Qld,Research,Research,Canadian Government,DoHAC and other,"99,80,97,727.03","1,04,26,27,149.08"
2019-20,Qld,Research,Research,Non-government,Other source of funds,"7,46,25,113.62","7,79,54,460.13"
2019-20,Qld,Research,Research,State and local government,State and local government,"26,44,73,393.52","27,62,72,686.36"
2019-20,SA,Capital expenditure,Capital expenditure,Canadian Government,DoHAC and other,"1,01,37,120.51","1,01,97,549.96"
2019-20,SA,Capital expenditure,Capital expenditure,Non-government,Other source of funds,"44,02,55,590.96","47,07,52,441.52"
2019-20,SA,Capital expenditure,Capital expenditure,State and local government,State and local government,"18,40,00,000.00","19,34,91,345.66"
2019-20,SA,Hospitals,Private hospitals,Canadian Government,Department of Veterans' Affairs,"3,72,75,956.10","3,87,89,685.40"
2019-20,SA,Hospitals,Private hospitals,Canadian Government,DoHAC and other,"9,46,97,310.80","10,18,07,379.87"
2019-20,SA,Hospitals,Private hospitals,Canadian Government,Premium rebates,"21,07,30,330.22","21,92,87,821.68"
2019-20,SA,Hospitals,Private hospitals,Non-government,Health insurance funds,"57,98,01,834.13","60,33,46,851.31"
2019-20,SA,Hospitals,Private hospitals,Non-government,Individuals,"12,71,02,483.45","13,22,63,954.11"
2019-20,SA,Hospitals,Private hospitals,Non-government,Other source of funds,"5,95,82,793.81","6,20,02,375.50"
2019-20,SA,Hospitals,Private hospitals,State and local government,State and local government,"6,73,15,695.43","7,00,49,300.45"
2019-20,SA,Hospitals,Public hospital services,Canadian Government,Department of Veterans' Affairs,"5,01,91,034.52","5,22,29,228.78"
2019-20,SA,Hospitals,Public hospital services,Canadian Government,DoHAC and other,"1,65,76,91,937.32","1,72,90,39,463.73"
2019-20,SA,Hospitals,Public hospital services,Canadian Government,Premium rebates,"2,55,80,214.65","2,66,18,994.72"
2019-20,SA,Hospitals,Public hospital services,Non-government,Health insurance funds,"7,03,81,208.79","7,32,39,300.42"
2019-20,SA,Hospitals,Public hospital services,Non-government,Individuals,"5,73,00,815.74","5,96,27,729.20"
2019-20,SA,Hospitals,Public hospital services,Non-government,Other source of funds,"23,90,40,287.86","24,87,47,410.80"
2019-20,SA,Hospitals,Public hospital services,State and local government,State and local government,"3,03,72,29,121.99","3,16,05,67,144.82"
2019-20,SA,Medical expenses tax rebate,Medical expenses tax rebate,Canadian Government,DoHAC and other,"1,86,400.00","1,94,081.14"
2019-20,SA,Medical expenses tax rebate,Medical expenses tax rebate,Non-government,Individuals,"-1,86,400.00","-1,94,081.14"
2019-20,SA,Other services,Administration,Canadian Government,Department of Veterans' Affairs,0,0
2019-20,SA,Other services,Administration,Canadian Government,DoHAC and other,"13,89,23,800.93","14,45,62,577.90"
2019-20,SA,Other services,Administration,Canadian Government,Premium rebates,"7,10,82,154.40","7,40,11,294.66"
2019-20,SA,Other services,Administration,Non-government,Health insurance funds,"19,55,74,901.10","20,36,34,115.44"
2019-20,SA,Other services,Administration,State and local government,State and local government,0,0
2019-20,SA,Other services,Aids and appliances,Canadian Government,Department of Veterans' Affairs,"2,28,164.51","2,44,715.44"
2019-20,SA,Other services,Aids and appliances,Canadian Government,DoHAC and other,"4,56,47,018.31","4,89,58,228.17"
2019-20,SA,Other services,Aids and appliances,Canadian Government,Premium rebates,"2,10,88,190.12","2,26,17,915.95"
2019-20,SA,Other services,Aids and appliances,Non-government,Health insurance funds,"5,80,21,886.52","6,22,30,762.60"
2019-20,SA,Other services,Aids and appliances,Non-government,Individuals,"16,67,01,137.47","17,87,93,547.26"
2019-20,SA,Other services,Aids and appliances,Non-government,Other source of funds,"2,60,99,510.17","2,79,92,754.43"
2019-20,SA,Other services,Patient transport services,Canadian Government,Department of Veterans' Affairs,"77,16,334.86","80,29,685.43"
2019-20,SA,Other services,Patient transport services,Canadian Government,DoHAC and other,"59,18,226.95","61,58,558.64"
2019-20,SA,Other services,Patient transport services,Canadian Government,Premium rebates,"1,23,28,044.29","1,28,28,670.53"
2019-20,SA,Other services,Patient transport services,Non-government,Health insurance funds,"3,39,19,287.65","3,52,96,706.91"
2019-20,SA,Other services,Patient transport services,Non-government,Individuals,"11,33,41,524.81","11,79,44,180.39"
2019-20,SA,Other services,Patient transport services,Non-government,Other source of funds,"1,24,16,764.83","1,29,20,993.90"
2019-20,SA,Other services,Patient transport services,State and local government,State and local government,"22,79,65,467.99","23,72,22,856.54"
2019-20,SA,Primary health care,All other medications,Canadian Government,DoHAC and other,"5,63,81,589.62","5,66,96,798.65"
2019-20,SA,Primary health care,All other medications,Canadian Government,Premium rebates,"14,40,762.29","14,48,663.30"
2019-20,SA,Primary health care,All other medications,Non-government,Health insurance funds,"39,64,102.44","39,85,841.24"
2019-20,SA,Primary health care,All other medications,Non-government,Individuals,"81,35,42,208.53","82,96,20,333.99"
2019-20,SA,Primary health care,All other medications,Non-government,Other source of funds,"32,48,203.45","32,66,016.32"
2019-20,SA,Primary health care,Benefit-paid pharmaceuticals,Canadian Government,Department of Veterans' Affairs,"2,24,54,384.07","2,48,07,380.78"
2019-20,SA,Primary health care,Benefit-paid pharmaceuticals,Canadian Government,DoHAC and other,"73,90,90,197.82","81,48,07,213.29"
2019-20,SA,Primary health care,Benefit-paid pharmaceuticals,Non-government,Individuals,"11,86,57,009.76","13,10,91,087.38"
2019-20,SA,Primary health care,Community health and other,Canadian Government,DoHAC and other,"10,34,75,277.96","10,77,13,080.65"
2019-20,SA,Primary health care,Community health and other,Canadian Government,Premium rebates,"12,426.11","12,938.16"
2019-20,SA,Primary health care,Community health and other,Non-government,Health insurance funds,"34,189.09","35,597.95"
2019-20,SA,Primary health care,Community health and other,Non-government,Individuals,"2,03,15,343.54","2,11,52,494.45"
2019-20,SA,Primary health care,Community health and other,Non-government,Other source of funds,"4,23,35,855.60","4,40,80,423.70"
2019-20,SA,Primary health care,Community health and other,State and local government,State and local government,"75,82,04,511.83","78,94,55,802.02"
2019-20,SA,Primary health care,Dental services,Canadian Government,Department of Veterans' Affairs,"70,85,440.00","73,74,537.72"
2019-20,SA,Primary health care,Dental services,Canadian Government,DoHAC and other,"3,58,33,238.95","3,72,95,293.92"
2019-20,SA,Primary health care,Dental services,Canadian Government,Premium rebates,"6,16,47,228.22","6,41,62,537.51"
2019-20,SA,Primary health care,Dental services,Non-government,Health insurance funds,"16,96,15,716.70","17,65,36,319.63"
2019-20,SA,Primary health care,Dental services,Non-government,Individuals,"14,94,49,920.84","15,55,47,725.81"
2019-20,SA,Primary health care,Dental services,Non-government,Other source of funds,"28,74,030.19","29,91,295.39"
2019-20,SA,Primary health care,Dental services,State and local government,State and local government,"7,48,75,800.80","7,79,30,857.82"
2019-20,SA,Primary health care,Other health practitioners,Canadian Government,Department of Veterans' Affairs,"1,75,90,789.54","1,88,45,071.97"
2019-20,SA,Primary health care,Other health practitioners,Canadian Government,DoHAC and other,"14,26,51,214.62","15,28,22,725.75"
2019-20,SA,Primary health care,Other health practitioners,Canadian Government,Premium rebates,"3,00,80,292.95","3,22,25,118.96"
2019-20,SA,Primary health care,Other health practitioners,Non-government,Health insurance funds,"8,27,62,690.15","8,86,63,948.17"
2019-20,SA,Primary health care,Other health practitioners,Non-government,Individuals,"-1,44,31,498.38","-1,54,60,512.72"
2019-20,SA,Primary health care,Other health practitioners,Non-government,Other source of funds,"4,30,16,884.01","4,60,84,132.44"
2019-20,SA,Primary health care,Public health,Canadian Government,DoHAC and other,"12,17,06,839.77","12,66,44,348.84"
2019-20,SA,Primary health care,Public health,Non-government,Individuals,"20,26,261.87","21,08,545.79"
2019-20,SA,Primary health care,Public health,Non-government,Other source of funds,"50,16,222.24","52,19,924.66"
2019-20,SA,Primary health care,Public health,State and local government,State and local government,"15,15,09,725.58","15,76,62,343.39"
2019-20,SA,Primary health care,Unreferred medical services,Canadian Government,Department of Veterans' Affairs,"73,33,866.13","76,23,286.72"
2019-20,SA,Primary health care,Unreferred medical services,Canadian Government,DoHAC and other,"72,23,81,874.98","75,08,77,553.49"
2019-20,SA,Primary health care,Unreferred medical services,Non-government,Individuals,"5,13,83,780.17","5,34,11,567.91"
2019-20,SA,Primary health care,Unreferred medical services,Non-government,Other source of funds,"8,17,84,897.17","8,50,12,421.72"
2019-20,SA,Referred medical services,Referred medical services,Canadian Government,Department of Veterans' Affairs,"4,07,25,308.86","4,23,32,475.20"
2019-20,SA,Referred medical services,Referred medical services,Canadian Government,DoHAC and other,"1,02,44,92,188.39","1,06,49,22,314.19"
2019-20,SA,Referred medical services,Referred medical services,Canadian Government,Premium rebates,"5,26,79,654.71","5,47,58,582.29"
2019-20,SA,Referred medical services,Referred medical services,Non-government,Health insurance funds,"14,49,42,402.89","15,06,62,348.49"
2019-20,SA,Referred medical services,Referred medical services,Non-government,Individuals,"16,90,39,939.34","17,57,10,859.91"
2019-20,SA,Research,Research,Canadian Government,Department of Veterans' Affairs,0,0
2019-20,SA,Research,Research,Canadian Government,DoHAC and other,"35,59,96,100.32","37,06,65,921.75"
2019-20,SA,Research,Research,Non-government,Individuals,"7,42,398.92","7,72,991.55"
2019-20,SA,Research,Research,Non-government,Other source of funds,"2,75,21,895.81","2,86,56,013.00"
2019-20,SA,Research,Research,State and local government,State and local government,"3,72,74,946.59","3,88,10,965.69"
2019-20,Tas,Capital expenditure,Capital expenditure,Canadian Government,DoHAC and other,"69,83,349.70","73,05,328.03"
2019-20,Tas,Capital expenditure,Capital expenditure,Non-government,Other source of funds,"13,45,39,239.59","14,77,00,735.75"
2019-20,Tas,Capital expenditure,Capital expenditure,State and local government,State and local government,"8,90,00,000.00","9,64,50,189.50"
2019-20,Tas,Hospitals,Private hospitals,Canadian Government,Department of Veterans' Affairs,"1,40,25,318.00","1,47,26,615.14"
2019-20,Tas,Hospitals,Private hospitals,Canadian Government,DoHAC and other,"2,42,34,149.45","2,60,48,766.03"
2019-20,Tas,Hospitals,Private hospitals,Canadian Government,Premium rebates,"7,15,64,172.14","7,51,42,540.15"
2019-20,Tas,Hospitals,Private hospitals,Non-government,Health insurance funds,"19,69,01,121.08","20,67,46,615.70"
2019-20,Tas,Hospitals,Private hospitals,Non-government,Individuals,"4,06,96,642.84","4,27,31,565.63"
2019-20,Tas,Hospitals,Private hospitals,Non-government,Other source of funds,"3,25,23,123.77","3,41,49,352.40"
2019-20,Tas,Hospitals,Private hospitals,State and local government,State and local government,"4,75,00,000.00","4,98,75,105.80"
2019-20,Tas,Hospitals,Public hospital services,Canadian Government,Department of Veterans' Affairs,"98,84,634.52","1,03,78,888.26"
2019-20,Tas,Hospitals,Public hospital services,Canadian Government,DoHAC and other,"63,22,80,600.89","66,42,29,643.97"
2019-20,Tas,Hospitals,Public hospital services,Canadian Government,Premium rebates,"69,57,833.67","73,05,740.85"
2019-20,Tas,Hospitals,Public hospital services,Non-government,Health insurance funds,"1,91,43,730.86","2,01,00,960.04"
2019-20,Tas,Hospitals,Public hospital services,Non-government,Individuals,"2,72,23,199.58","2,85,84,420.20"
2019-20,Tas,Hospitals,Public hospital services,Non-government,Other source of funds,"2,92,56,663.51","3,07,19,561.85"
2019-20,Tas,Hospitals,Public hospital services,State and local government,State and local government,"87,09,85,899.50","91,45,37,134.48"
2019-20,Tas,Medical expenses tax rebate,Medical expenses tax rebate,Canadian Government,DoHAC and other,"48,800.00","50,713.21"
2019-20,Tas,Medical expenses tax rebate,Medical expenses tax rebate,Non-government,Individuals,"-48,800.00","-50,713.21"
2019-20,Tas,Other services,Administration,Canadian Government,Department of Veterans' Affairs,0,0
2019-20,Tas,Other services,Administration,Canadian Government,DoHAC and other,"4,26,84,889.59","4,43,68,188.82"
2019-20,Tas,Other services,Administration,Canadian Government,Premium rebates,"1,33,82,119.32","1,39,06,766.10"
2019-20,Tas,Other services,Administration,Non-government,Health insurance funds,"3,68,19,461.73","3,82,62,970.88"
2019-20,Tas,Other services,Administration,Non-government,Individuals,"8,38,713.89","8,71,595.72"
2019-20,Tas,Other services,Administration,Non-government,Other source of funds,"5,40,909.69","5,62,116.08"
2019-20,Tas,Other services,Administration,State and local government,State and local government,"18,54,10,926.68","19,26,79,972.91"
2019-20,Tas,Other services,Aids and appliances,Canadian Government,Department of Veterans' Affairs,"35,348.25","37,912.39"
2019-20,Tas,Other services,Aids and appliances,Canadian Government,DoHAC and other,"1,44,33,150.16","1,54,80,123.02"
2019-20,Tas,Other services,Aids and appliances,Canadian Government,Premium rebates,"61,77,477.26","66,25,588.10"
2019-20,Tas,Other services,Aids and appliances,Non-government,Health insurance funds,"1,69,96,664.13","1,82,29,592.90"
2019-20,Tas,Other services,Aids and appliances,Non-government,Individuals,"4,85,71,463.90","5,20,94,811.46"
2019-20,Tas,Other services,Aids and appliances,Non-government,Other source of funds,"67,99,476.65","72,92,706.99"
2019-20,Tas,Other services,Patient transport services,Canadian Government,Department of Veterans' Affairs,"26,24,812.22","27,56,058.68"
2019-20,Tas,Other services,Patient transport services,Canadian Government,DoHAC and other,"33,42,114.62","35,09,227.79"
2019-20,Tas,Other services,Patient transport services,Canadian Government,Premium rebates,"49,265.99","51,729.40"
2019-20,Tas,Other services,Patient transport services,Non-government,Health insurance funds,"1,35,550.08","1,42,327.88"
2019-20,Tas,Other services,Patient transport services,Non-government,Individuals,"42,32,675.47","44,44,318.67"
2019-20,Tas,Other services,Patient transport services,Non-government,Other source of funds,"26,43,282.21","27,75,452.20"
2019-20,Tas,Other services,Patient transport services,State and local government,State and local government,"12,66,90,493.24","13,30,25,300.09"
2019-20,Tas,Primary health care,All other medications,Canadian Government,DoHAC and other,"1,94,10,196.36","1,96,37,001.40"
2019-20,Tas,Primary health care,All other medications,Canadian Government,Premium rebates,"5,22,706.42","5,23,842.30"
2019-20,Tas,Primary health care,All other medications,Non-government,Health insurance funds,"14,38,170.48","14,41,295.75"
2019-20,Tas,Primary health care,All other medications,Non-government,Individuals,"33,19,97,728.06","33,63,89,386.79"
2019-20,Tas,Primary health care,All other medications,Non-government,Other source of funds,"56,68,278.14","56,80,595.78"
2019-20,Tas,Primary health care,Benefit-paid pharmaceuticals,Canadian Government,Department of Veterans' Affairs,"84,50,124.93","93,35,614.20"
2019-20,Tas,Primary health care,Benefit-paid pharmaceuticals,Canadian Government,DoHAC and other,"27,24,94,289.32","30,07,40,577.78"
2019-20,Tas,Primary health care,Benefit-paid pharmaceuticals,Non-government,Individuals,"3,92,86,475.20","4,34,03,308.10"
2019-20,Tas,Primary health care,Community health and other,Canadian Government,DoHAC and other,"3,15,56,604.31","3,28,23,546.99"
2019-20,Tas,Primary health care,Community health and other,Canadian Government,Premium rebates,"13,443.41","13,970.46"
2019-20,Tas,Primary health care,Community health and other,Non-government,Health insurance funds,"36,988.09","38,438.21"
2019-20,Tas,Primary health care,Community health and other,Non-government,Individuals,"12,64,144.09","13,13,704.93"
2019-20,Tas,Primary health care,Community health and other,Non-government,Other source of funds,"12,47,819.10","12,96,739.92"
2019-20,Tas,Primary health care,Community health and other,State and local government,State and local government,"17,00,35,376.71","17,66,80,257.60"
2019-20,Tas,Primary health care,Dental services,Canadian Government,Department of Veterans' Affairs,"17,23,915.00","17,94,253.59"
2019-20,Tas,Primary health care,Dental services,Canadian Government,DoHAC and other,"54,11,560.07","56,32,360.72"
2019-20,Tas,Primary health care,Dental services,Canadian Government,Premium rebates,"1,36,42,245.77","1,41,98,872.05"
2019-20,Tas,Primary health care,Dental services,Non-government,Health insurance funds,"3,75,35,171.65","3,90,66,668.99"
2019-20,Tas,Primary health care,Dental services,Non-government,Individuals,"8,53,21,732.63","8,88,03,001.02"
2019-20,Tas,Primary health care,Dental services,Non-government,Other source of funds,"13,18,418.78","13,72,212.46"
2019-20,Tas,Primary health care,Dental services,State and local government,State and local government,"2,48,00,000.00","2,58,11,881.19"
2019-20,Tas,Primary health care,Other health practitioners,Canadian Government,Department of Veterans' Affairs,"53,74,211.29","57,57,410.62"
2019-20,Tas,Primary health care,Other health practitioners,Canadian Government,DoHAC and other,"3,87,83,258.39","4,15,48,635.09"
2019-20,Tas,Primary health care,Other health practitioners,Canadian Government,Premium rebates,"51,63,047.66","55,31,190.32"
2019-20,Tas,Primary health care,Other health practitioners,Non-government,Health insurance funds,"1,42,05,570.23","1,52,18,475.14"
2019-20,Tas,Primary health care,Other health practitioners,Non-government,Individuals,"3,27,51,675.89","3,50,86,980.48"
2019-20,Tas,Primary health care,Other health practitioners,Non-government,Other source of funds,"35,11,563.46","37,61,949.74"
2019-20,Tas,Primary health care,Other health practitioners,State and local government,State and local government,"37,17,466.06","39,82,533.89"
2019-20,Tas,Primary health care,Public health,Canadian Government,DoHAC and other,"4,43,64,454.10","4,65,73,342.38"
2019-20,Tas,Primary health care,Public health,State and local government,State and local government,"8,98,71,209.61","9,43,64,970.27"
2019-20,Tas,Primary health care,Unreferred medical services,Canadian Government,Department of Veterans' Affairs,"31,06,595.85","32,36,291.62"
2019-20,Tas,Primary health care,Unreferred medical services,Canadian Government,DoHAC and other,"22,95,74,393.84","23,91,57,309.01"
2019-20,Tas,Primary health care,Unreferred medical services,Non-government,Individuals,"2,70,76,441.43","2,82,06,842.79"
2019-20,Tas,Primary health care,Unreferred medical services,Non-government,Other source of funds,"2,03,24,065.03","2,11,72,564.67"
2019-20,Tas,Referred medical services,Referred medical services,Canadian Government,Department of Veterans' Affairs,"1,40,51,725.10","1,46,38,363.82"
2019-20,Tas,Referred medical services,Referred medical services,Canadian Government,DoHAC and other,"29,52,36,481.98","30,75,62,168.18"
2019-20,Tas,Referred medical services,Referred medical services,Canadian Government,Premium rebates,"1,46,00,805.89","1,52,10,367.93"
2019-20,Tas,Referred medical services,Referred medical services,Non-government,Health insurance funds,"4,01,72,546.71","4,18,49,691.08"
2019-20,Tas,Referred medical services,Referred medical services,Non-government,Individuals,"5,02,51,998.98","5,23,49,945.57"
2019-20,Tas,Research,Research,Canadian Government,Department of Veterans' Affairs,0,0
2019-20,Tas,Research,Research,Canadian Government,DoHAC and other,"7,28,71,802.39","7,57,28,745.67"
2019-20,Tas,Research,Research,Non-government,Other source of funds,"27,15,666.37","28,22,134.23"
2019-20,Tas,Research,Research,State and local government,State and local government,"56,00,950.60","58,20,536.20"
2019-20,Vic,Capital expenditure,Capital expenditure,Canadian Government,DoHAC and other,"2,61,31,243.92","2,66,39,215.07"
2019-20,Vic,Capital expenditure,Capital expenditure,Non-government,Other source of funds,"1,66,49,01,125.80","1,77,55,87,507.74"
2019-20,Vic,Capital expenditure,Capital expenditure,State and local government,State and local government,"93,20,00,000.00","96,65,09,453.65"
2019-20,Vic,Hospitals,Private hospitals,Canadian Government,Department of Veterans' Affairs,"14,46,72,351.00","15,08,03,093.01"
2019-20,Vic,Hospitals,Private hospitals,Canadian Government,DoHAC and other,"32,45,23,836.03","34,44,45,641.25"
2019-20,Vic,Hospitals,Private hospitals,Canadian Government,Premium rebates,"78,27,75,978.06","81,59,47,468.93"
2019-20,Vic,Hospitals,Private hospitals,Non-government,Health insurance funds,"2,15,37,23,895.90","2,24,49,91,684.57"
2019-20,Vic,Hospitals,Private hospitals,Non-government,Individuals,"53,60,23,083.06","55,87,37,991.67"
2019-20,Vic,Hospitals,Private hospitals,Non-government,Other source of funds,"40,50,40,248.51","42,22,04,532.14"
2019-20,Vic,Hospitals,Private hospitals,State and local government,State and local government,0,0
2019-20,Vic,Hospitals,Public hospital services,Canadian Government,Department of Veterans' Affairs,"8,80,93,750.85","9,18,26,876.46"
2019-20,Vic,Hospitals,Public hospital services,Canadian Government,DoHAC and other,"6,52,02,69,141.15","6,81,04,21,858.42"
2019-20,Vic,Hospitals,Public hospital services,Canadian Government,Premium rebates,"6,77,45,559.85","7,06,16,395.54"
2019-20,Vic,Hospitals,Public hospital services,Non-government,Health insurance funds,"18,63,94,620.14","19,42,93,415.73"
2019-20,Vic,Hospitals,Public hospital services,Non-government,Individuals,"49,55,56,544.29","51,65,56,613.08"
2019-20,Vic,Hospitals,Public hospital services,Non-government,Other source of funds,"48,98,32,639.15","51,05,90,147.52"
2019-20,Vic,Hospitals,Public hospital services,State and local government,State and local government,"10,15,14,00,493.36","10,58,15,83,710.78"
2019-20,Vic,Medical expenses tax rebate,Medical expenses tax rebate,Canadian Government,DoHAC and other,"10,41,600.00","10,86,796.89"
2019-20,Vic,Medical expenses tax rebate,Medical expenses tax rebate,Non-government,Individuals,"-10,41,600.00","-10,86,796.89"
2019-20,Vic,Other services,Administration,Canadian Government,Department of Veterans' Affairs,0,0
2019-20,Vic,Other services,Administration,Canadian Government,DoHAC and other,"48,22,66,260.91","50,29,68,441.50"
2019-20,Vic,Other services,Administration,Canadian Government,Premium rebates,"14,42,86,122.15","15,05,46,955.53"
2019-20,Vic,Other services,Administration,Non-government,Health insurance funds,"39,69,87,743.41","41,42,13,752.94"
2019-20,Vic,Other services,Administration,State and local government,State and local government,"-4,00,000.00","-4,17,356.72"
2019-20,Vic,Other services,Aids and appliances,Canadian Government,Department of Veterans' Affairs,"2,81,978.83","3,02,433.42"
2019-20,Vic,Other services,Aids and appliances,Canadian Government,DoHAC and other,"15,82,15,574.61","16,96,92,446.30"
2019-20,Vic,Other services,Aids and appliances,Canadian Government,Premium rebates,"5,15,83,217.84","5,53,25,036.39"
2019-20,Vic,Other services,Aids and appliances,Non-government,Health insurance funds,"14,19,25,674.77","15,22,20,885.99"
2019-20,Vic,Other services,Aids and appliances,Non-government,Individuals,"85,27,08,125.16","91,45,63,108.53"
2019-20,Vic,Other services,Aids and appliances,Non-government,Other source of funds,"3,72,55,438.99","3,99,57,928.26"
2019-20,Vic,Other services,Patient transport services,Canadian Government,Department of Veterans' Affairs,"1,90,36,818.42","1,98,43,536.65"
2019-20,Vic,Other services,Patient transport services,Canadian Government,DoHAC and other,"2,33,99,189.15","2,43,90,770.41"
2019-20,Vic,Other services,Patient transport services,Canadian Government,Premium rebates,"1,40,68,637.50","1,46,64,820.43"
2019-20,Vic,Other services,Patient transport services,Non-government,Health insurance funds,"3,87,08,342.62","4,03,48,675.84"
2019-20,Vic,Other services,Patient transport services,Non-government,Individuals,"31,93,95,525.00","33,29,30,464.80"
2019-20,Vic,Other services,Patient transport services,Non-government,Other source of funds,"90,34,296.32","94,17,140.31"
2019-20,Vic,Other services,Patient transport services,State and local government,State and local government,"76,35,18,352.36","79,58,73,767.91"
2019-20,Vic,Primary health care,All other medications,Canadian Government,DoHAC and other,"18,47,76,588.72","18,63,66,026.91"
2019-20,Vic,Primary health care,All other medications,Canadian Government,Premium rebates,"26,22,366.56","26,37,663.18"
2019-20,Vic,Primary health care,All other medications,Non-government,Health insurance funds,"72,15,159.50","72,57,246.49"
2019-20,Vic,Primary health care,All other medications,Non-government,Individuals,"2,77,58,28,413.42","2,83,40,74,325.63"
2019-20,Vic,Primary health care,All other medications,Non-government,Other source of funds,"3,03,56,904.31","3,05,33,980.20"
2019-20,Vic,Primary health care,Benefit-paid pharmaceuticals,Canadian Government,Department of Veterans' Affairs,"5,31,01,388.36","5,86,65,887.12"
2019-20,Vic,Primary health care,Benefit-paid pharmaceuticals,Canadian Government,DoHAC and other,"2,37,49,97,367.78","2,61,74,31,525.38"
2019-20,Vic,Primary health care,Benefit-paid pharmaceuticals,Non-government,Individuals,"38,11,55,118.95","42,10,96,394.58"
2019-20,Vic,Primary health care,Community health and other,Canadian Government,DoHAC and other,"33,70,39,134.23","35,22,09,188.85"
2019-20,Vic,Primary health care,Community health and other,Canadian Government,Premium rebates,"39,758.64","41,483.84"
2019-20,Vic,Primary health care,Community health and other,Non-government,Health insurance funds,"1,09,391.61","1,14,138.31"
2019-20,Vic,Primary health care,Community health and other,Non-government,Individuals,"1,15,36,721.56","1,20,37,320.58"
2019-20,Vic,Primary health care,Community health and other,Non-government,Other source of funds,"2,00,41,836.16","2,09,11,487.35"
2019-20,Vic,Primary health care,Community health and other,State and local government,State and local government,"92,02,37,480.82","96,02,26,711.38"
2019-20,Vic,Primary health care,Dental services,Canadian Government,Department of Veterans' Affairs,"1,18,27,917.00","1,23,10,515.66"
2019-20,Vic,Primary health care,Dental services,Canadian Government,DoHAC and other,"10,33,64,537.41","10,75,81,980.94"
2019-20,Vic,Primary health care,Dental services,Canadian Government,Premium rebates,"13,98,69,764.30","14,55,76,682.97"
2019-20,Vic,Primary health care,Dental services,Non-government,Health insurance funds,"38,48,36,609.86","40,05,38,582.66"
2019-20,Vic,Primary health care,Dental services,Non-government,Individuals,"2,05,13,85,566.41","2,13,50,85,504.34"
2019-20,Vic,Primary health care,Dental services,Non-government,Other source of funds,"1,13,42,878.61","1,18,05,686.90"
2019-20,Vic,Primary health care,Dental services,State and local government,State and local government,"18,95,97,044.73","19,73,32,919.03"
2019-20,Vic,Primary health care,Other health practitioners,Canadian Government,Department of Veterans' Affairs,"4,12,73,868.19","4,42,16,833.74"
2019-20,Vic,Primary health care,Other health practitioners,Canadian Government,DoHAC and other,"50,64,71,554.28","54,25,84,678.63"
2019-20,Vic,Primary health care,Other health practitioners,Canadian Government,Premium rebates,"6,80,26,573.49","7,28,77,096.85"
2019-20,Vic,Primary health care,Other health practitioners,Non-government,Health insurance funds,"18,71,67,798.93","20,05,13,492.17"
2019-20,Vic,Primary health care,Other health practitioners,Non-government,Individuals,"66,95,83,264.22","71,73,26,801.80"
2019-20,Vic,Primary health care,Other health practitioners,Non-government,Other source of funds,"16,96,75,090.97","18,17,73,495.32"
2019-20,Vic,Primary health care,Public health,Canadian Government,DoHAC and other,"44,59,40,064.10","46,48,35,636.20"
2019-20,Vic,Primary health care,Public health,Non-government,Individuals,"21,92,939.09","22,85,868.69"
2019-20,Vic,Primary health care,Public health,Non-government,Other source of funds,"18,22,229.74","18,99,449.89"
2019-20,Vic,Primary health care,Public health,State and local government,State and local government,"29,19,03,603.45","30,42,73,525.35"
2019-20,Vic,Primary health care,Unreferred medical services,Canadian Government,Department of Veterans' Affairs,"1,89,82,728.31","2,00,86,928.99"
2019-20,Vic,Primary health care,Unreferred medical services,Canadian Government,DoHAC and other,"2,50,19,00,698.35","2,64,73,44,457.78"
2019-20,Vic,Primary health care,Unreferred medical services,Non-government,Individuals,"21,38,27,479.94","22,62,65,547.16"
2019-20,Vic,Primary health care,Unreferred medical services,Non-government,Other source of funds,"25,64,51,196.19","27,13,68,629.71"
2019-20,Vic,Referred medical services,Referred medical services,Canadian Government,Department of Veterans' Affairs,"9,91,35,515.90","10,49,02,100.31"
2019-20,Vic,Referred medical services,Referred medical services,Canadian Government,DoHAC and other,"3,67,87,98,827.99","3,89,27,89,785.18"
2019-20,Vic,Referred medical services,Referred medical services,Canadian Government,Premium rebates,"16,14,37,810.30","17,08,28,438.38"
2019-20,Vic,Referred medical services,Referred medical services,Non-government,Health insurance funds,"44,41,78,768.25","47,00,16,071.19"
2019-20,Vic,Referred medical services,Referred medical services,Non-government,Individuals,"77,93,59,113.80","82,46,93,422.78"
2019-20,Vic,Research,Research,Canadian Government,Department of Veterans' Affairs,0,0
2019-20,Vic,Research,Research,Canadian Government,DoHAC and other,"1,54,13,86,396.94","1,60,82,69,914.64"
2019-20,Vic,Research,Research,Non-government,Individuals,"68,715.48","71,697.17"
2019-20,Vic,Research,Research,Non-government,Other source of funds,"12,64,51,265.56","13,19,38,212.55"
2019-20,Vic,Research,Research,State and local government,State and local government,"18,04,80,826.00","18,83,12,212.43"
2019-20,WA,Capital expenditure,Capital expenditure,Canadian Government,DoHAC and other,"79,97,061.71","85,39,308.04"
2019-20,WA,Capital expenditure,Capital expenditure,Non-government,Other source of funds,"66,12,88,323.03","72,16,62,202.11"
2019-20,WA,Capital expenditure,Capital expenditure,State and local government,State and local government,"15,70,00,000.00","16,96,17,469.46"
2019-20,WA,Hospitals,Private hospitals,Canadian Government,Department of Veterans' Affairs,"7,14,43,805.00","7,36,92,706.88"
2019-20,WA,Hospitals,Private hospitals,Canadian Government,DoHAC and other,"11,55,99,806.03","12,34,65,189.31"
2019-20,WA,Hospitals,Private hospitals,Canadian Government,Premium rebates,"36,06,42,191.37","37,19,94,454.89"
2019-20,WA,Hospitals,Private hospitals,Non-government,Health insurance funds,"99,22,68,193.20","1,02,35,02,725.03"
2019-20,WA,Hospitals,Private hospitals,Non-government,Individuals,"24,43,10,530.09","25,20,00,915.69"
2019-20,WA,Hospitals,Private hospitals,Non-government,Other source of funds,"17,82,98,173.89","18,39,10,628.29"
2019-20,WA,Hospitals,Private hospitals,State and local government,State and local government,"90,20,29,866.45","93,04,23,884.08"
2019-20,WA,Hospitals,Public hospital services,Canadian Government,Department of Veterans' Affairs,"4,95,24,634.58","5,10,83,566.72"
2019-20,WA,Hospitals,Public hospital services,Canadian Government,DoHAC and other,"2,58,94,00,708.64","2,67,59,40,986.11"
2019-20,WA,Hospitals,Public hospital services,Canadian Government,Premium rebates,"2,68,28,428.45","2,76,72,931.39"
2019-20,WA,Hospitals,Public hospital services,Non-government,Health insurance funds,"7,38,15,534.79","7,61,39,093.77"
2019-20,WA,Hospitals,Public hospital services,Non-government,Individuals,"26,94,59,543.88","27,79,41,567.95"
2019-20,WA,Hospitals,Public hospital services,Non-government,Other source of funds,"4,18,67,124.26","4,31,85,013.95"
2019-20,WA,Hospitals,Public hospital services,State and local government,State and local government,"3,28,33,29,787.28","3,38,66,82,156.58"
2019-20,WA,Medical expenses tax rebate,Medical expenses tax rebate,Canadian Government,DoHAC and other,"3,40,000.00","3,50,082.17"
2019-20,WA,Medical expenses tax rebate,Medical expenses tax rebate,Non-government,Individuals,"-3,40,000.00","-3,50,082.17"
2019-20,WA,Other services,Administration,Canadian Government,Department of Veterans' Affairs,0,0
2019-20,WA,Other services,Administration,Canadian Government,DoHAC and other,"18,97,66,104.41","19,55,35,663.79"
2019-20,WA,Other services,Administration,Canadian Government,Premium rebates,"4,69,40,172.29","4,83,32,110.24"
2019-20,WA,Other services,Administration,Non-government,Health insurance funds,"12,91,50,834.44","13,29,80,601.96"
2019-20,WA,Other services,Administration,Non-government,Individuals,"1,03,65,914.10","1,06,73,299.19"
2019-20,WA,Other services,Administration,Non-government,Other source of funds,"16,10,598.04","16,58,357.83"
2019-20,WA,Other services,Administration,State and local government,State and local government,"47,86,48,896.06","49,28,42,486.08"
2019-20,WA,Other services,Aids and appliances,Canadian Government,Department of Veterans' Affairs,"2,69,818.65","2,89,391.15"
2019-20,WA,Other services,Aids and appliances,Canadian Government,DoHAC and other,"6,18,59,759.82","6,63,47,033.13"
2019-20,WA,Other services,Aids and appliances,Canadian Government,Premium rebates,"3,26,41,741.85","3,50,09,556.04"
2019-20,WA,Other services,Aids and appliances,Non-government,Health insurance funds,"8,98,10,241.24","9,63,25,027.27"
2019-20,WA,Other services,Aids and appliances,Non-government,Individuals,"55,12,56,258.61","59,12,44,087.62"
2019-20,WA,Other services,Aids and appliances,Non-government,Other source of funds,"3,68,96,195.45","3,95,72,625.39"
2019-20,WA,Other services,Patient transport services,Canadian Government,Department of Veterans' Affairs,"70,49,287.19","72,71,184.04"
2019-20,WA,Other services,Patient transport services,Canadian Government,DoHAC and other,"1,47,87,549.96","1,52,53,031.17"
2019-20,WA,Other services,Patient transport services,Canadian Government,Premium rebates,"1,19,34,503.27","1,23,10,176.53"
2019-20,WA,Other services,Patient transport services,Non-government,Health insurance funds,"3,28,36,501.90","3,38,70,126.44"
2019-20,WA,Other services,Patient transport services,Non-government,Individuals,"31,16,341.66","32,14,437.60"
2019-20,WA,Other services,Patient transport services,Non-government,Other source of funds,"1,07,47,218.56","1,10,85,518.57"
2019-20,WA,Other services,Patient transport services,State and local government,State and local government,"27,28,82,024.59","28,14,71,781.21"
2019-20,WA,Primary health care,All other medications,Canadian Government,DoHAC and other,"7,87,71,736.20","7,94,67,110.96"
2019-20,WA,Primary health care,All other medications,Canadian Government,Premium rebates,"26,85,124.85","26,64,609.39"
2019-20,WA,Primary health care,All other medications,Non-government,Health insurance funds,"73,87,832.16","73,31,386.09"
2019-20,WA,Primary health care,All other medications,Non-government,Individuals,"1,08,52,92,619.92","1,09,63,27,452.86"
2019-20,WA,Primary health care,All other medications,Non-government,Other source of funds,"1,30,71,154.09","1,29,71,285.11"
2019-20,WA,Primary health care,Benefit-paid pharmaceuticals,Canadian Government,Department of Veterans' Affairs,"2,73,98,834.21","3,02,69,960.25"
2019-20,WA,Primary health care,Benefit-paid pharmaceuticals,Canadian Government,DoHAC and other,"97,33,17,927.05","1,07,20,31,006.56"
2019-20,WA,Primary health care,Benefit-paid pharmaceuticals,Non-government,Individuals,"14,72,41,120.24","16,26,70,529.09"
2019-20,WA,Primary health care,Community health and other,Canadian Government,DoHAC and other,"14,23,14,599.70","14,65,38,729.06"
2019-20,WA,Primary health care,Community health and other,Canadian Government,Premium rebates,"8,176.71","8,419.18"
2019-20,WA,Primary health care,Community health and other,Non-government,Health insurance funds,"22,497.34","23,164.46"
2019-20,WA,Primary health care,Community health and other,Non-government,Individuals,"1,97,15,964.53","2,03,00,610.85"
2019-20,WA,Primary health care,Community health and other,Non-government,Other source of funds,"6,07,165.74","6,25,170.29"
2019-20,WA,Primary health care,Community health and other,State and local government,State and local government,"93,75,36,632.43","96,53,05,277.19"
2019-20,WA,Primary health care,Dental services,Canadian Government,Department of Veterans' Affairs,"91,17,452.00","94,89,459.18"
2019-20,WA,Primary health care,Dental services,Canadian Government,DoHAC and other,"1,66,74,981.50","1,73,55,348.52"
2019-20,WA,Primary health care,Dental services,Canadian Government,Premium rebates,"10,29,92,049.24","10,71,94,295.89"
2019-20,WA,Primary health care,Dental services,Non-government,Health insurance funds,"28,33,71,544.02","29,49,33,573.63"
2019-20,WA,Primary health care,Dental services,Non-government,Individuals,"90,53,10,740.82","94,22,48,922.53"
2019-20,WA,Primary health care,Dental services,Non-government,Other source of funds,"34,24,103.77","35,63,812.89"
2019-20,WA,Primary health care,Dental services,State and local government,State and local government,"8,85,26,140.20","9,21,38,153.74"
2019-20,WA,Primary health care,Other health practitioners,Canadian Government,Department of Veterans' Affairs,"3,27,93,964.39","3,51,32,284.29"
2019-20,WA,Primary health care,Other health practitioners,Canadian Government,DoHAC and other,"17,55,02,769.02","18,80,16,706.41"
2019-20,WA,Primary health care,Other health practitioners,Canadian Government,Premium rebates,"4,07,63,013.32","4,36,69,553.19"
2019-20,WA,Primary health care,Other health practitioners,Non-government,Health insurance funds,"11,21,55,046.02","12,01,52,077.82"
2019-20,WA,Primary health care,Other health practitioners,Non-government,Individuals,"-2,46,18,975.58","-2,63,74,391.30"
2019-20,WA,Primary health care,Other health practitioners,Non-government,Other source of funds,"3,32,82,044.13","3,56,55,165.76"
2019-20,WA,Primary health care,Public health,Canadian Government,DoHAC and other,"18,44,56,592.71","19,02,50,213.14"
2019-20,WA,Primary health care,Public health,State and local government,State and local government,"24,67,73,789.78","25,45,41,713.66"
2019-20,WA,Primary health care,Unreferred medical services,Canadian Government,Department of Veterans' Affairs,"90,71,631.81","93,24,690.00"
2019-20,WA,Primary health care,Unreferred medical services,Canadian Government,DoHAC and other,"96,08,35,240.00","98,76,62,958.48"
2019-20,WA,Primary health care,Unreferred medical services,Non-government,Individuals,"8,31,59,936.42","8,54,79,728.89"
2019-20,WA,Primary health care,Unreferred medical services,Non-government,Other source of funds,"13,65,53,102.40","14,03,62,326.80"
2019-20,WA,Referred medical services,Referred medical services,Canadian Government,Department of Veterans' Affairs,"5,41,20,808.29","5,56,30,538.20"
2019-20,WA,Referred medical services,Referred medical services,Canadian Government,DoHAC and other,"1,35,91,71,930.59","1,39,70,86,784.11"
2019-20,WA,Referred medical services,Referred medical services,Canadian Government,Premium rebates,"6,82,05,716.28","7,01,08,352.50"
2019-20,WA,Referred medical services,Referred medical services,Non-government,Health insurance funds,"18,76,60,691.05","19,28,95,589.93"
2019-20,WA,Referred medical services,Referred medical services,Non-government,Individuals,"28,81,32,042.97","29,61,69,645.84"
2019-20,WA,Research,Research,Canadian Government,Department of Veterans' Affairs,0,0
2019-20,WA,Research,Research,Canadian Government,DoHAC and other,"41,14,97,997.55","42,37,00,331.91"
2019-20,WA,Research,Research,Non-government,Individuals,"6,91,903.55","7,12,420.88"
2019-20,WA,Research,Research,Non-government,Other source of funds,"2,70,62,004.24","2,78,64,485.97"
2019-20,WA,Research,Research,State and local government,State and local government,"5,14,21,567.73","5,29,46,394.50"
2020-21,ACT,Capital expenditure,Capital expenditure,Canadian Government,DoHAC and other,"61,21,449.50","62,09,632.45"
2020-21,ACT,Capital expenditure,Capital expenditure,Non-government,Other source of funds,"9,94,58,562.31","10,47,52,921.80"
2020-21,ACT,Capital expenditure,Capital expenditure,State and local government,State and local government,"17,00,00,000.00","17,41,33,582.64"
2020-21,ACT,Hospitals,Private hospitals,Canadian Government,Department of Veterans' Affairs,"1,75,26,269.00","1,77,97,338.88"
2020-21,ACT,Hospitals,Private hospitals,Canadian Government,DoHAC and other,"2,34,08,049.97","2,42,00,532.59"
2020-21,ACT,Hospitals,Private hospitals,Canadian Government,Premium rebates,"4,36,42,554.74","4,43,17,551.92"
2020-21,ACT,Hospitals,Private hospitals,Non-government,Health insurance funds,"12,62,77,133.40","12,82,30,197.55"
2020-21,ACT,Hospitals,Private hospitals,Non-government,Individuals,"13,64,25,825.53","13,85,35,854.33"
2020-21,ACT,Hospitals,Private hospitals,Non-government,Other source of funds,"1,76,44,467.38","1,79,17,365.37"
2020-21,ACT,Hospitals,Private hospitals,State and local government,State and local government,"1,07,33,316.96","1,08,99,323.71"
2020-21,ACT,Hospitals,Public hospital services,Canadian Government,Department of Veterans' Affairs,"1,24,52,480.00","1,26,45,076.17"
2020-21,ACT,Hospitals,Public hospital services,Canadian Government,DoHAC and other,"47,77,03,971.42","48,51,13,355.04"
2020-21,ACT,Hospitals,Public hospital services,Canadian Government,Premium rebates,"25,99,388.35","26,39,591.76"
2020-21,ACT,Hospitals,Public hospital services,Non-government,Health insurance funds,"75,21,175.39","76,37,501.59"
2020-21,ACT,Hospitals,Public hospital services,Non-government,Individuals,"1,10,48,596.75","1,12,19,479.77"
2020-21,ACT,Hospitals,Public hospital services,Non-government,Other source of funds,"1,73,34,527.72","1,76,02,632.04"
2020-21,ACT,Hospitals,Public hospital services,State and local government,State and local government,"92,92,28,724.11","94,36,00,631.83"
2020-21,ACT,Medical expenses tax rebate,Medical expenses tax rebate,Canadian Government,DoHAC and other,0,0
2020-21,ACT,Medical expenses tax rebate,Medical expenses tax rebate,Non-government,Individuals,0,0
2020-21,ACT,Other services,Administration,Canadian Government,Department of Veterans' Affairs,"13,75,65,714.00","14,43,80,167.18"
2020-21,ACT,Other services,Administration,Canadian Government,DoHAC and other,"2,78,47,563.28","2,84,35,114.07"
2020-21,ACT,Other services,Administration,Canadian Government,Premium rebates,"95,46,821.67","97,50,234.07"
2020-21,ACT,Other services,Administration,Non-government,Health insurance funds,"2,76,23,160.04","2,82,11,721.68"
2020-21,ACT,Other services,Aids and appliances,Canadian Government,Department of Veterans' Affairs,"2,62,714.00","2,74,096.43"
2020-21,ACT,Other services,Aids and appliances,Canadian Government,DoHAC and other,"1,04,38,054.68","1,08,90,297.16"
2020-21,ACT,Other services,Aids and appliances,Canadian Government,Premium rebates,"45,45,226.85","47,42,154.80"
2020-21,ACT,Other services,Aids and appliances,Non-government,Health insurance funds,"1,31,51,343.26","1,37,21,142.55"
2020-21,ACT,Other services,Aids and appliances,Non-government,Individuals,"2,74,66,701.06","2,86,56,732.11"
2020-21,ACT,Other services,Aids and appliances,Non-government,Other source of funds,"17,93,897.64","18,71,620.62"
2020-21,ACT,Other services,Patient transport services,Canadian Government,DoHAC and other,"3,86,748.42","3,92,730.06"
2020-21,ACT,Other services,Patient transport services,Canadian Government,Premium rebates,"67,30,745.63","68,34,846.64"
2020-21,ACT,Other services,Patient transport services,Non-government,Health insurance funds,"1,94,75,011.68","1,97,76,221.78"
2020-21,ACT,Other services,Patient transport services,Non-government,Individuals,"30,282.92","30,751.29"
2020-21,ACT,Other services,Patient transport services,Non-government,Other source of funds,"13,21,370.91","13,41,807.88"
2020-21,ACT,Other services,Patient transport services,State and local government,State and local government,"3,50,36,702.34","3,55,78,597.18"
2020-21,ACT,Primary health care,All other medications,Canadian Government,DoHAC and other,"95,93,565.42","95,45,831.43"
2020-21,ACT,Primary health care,All other medications,Canadian Government,Premium rebates,"2,51,167.09","2,49,912.75"
2020-21,ACT,Primary health care,All other medications,Non-government,Health insurance funds,"7,26,737.00","7,23,107.65"
2020-21,ACT,Primary health care,All other medications,Non-government,Individuals,"13,08,61,024.60","13,28,90,234.87"
2020-21,ACT,Primary health care,All other medications,Non-government,Other source of funds,"18,51,397.43","18,42,151.47"
2020-21,ACT,Primary health care,Benefit-paid pharmaceuticals,Canadian Government,Department of Veterans' Affairs,"81,03,877.10","86,77,018.87"
2020-21,ACT,Primary health care,Benefit-paid pharmaceuticals,Canadian Government,DoHAC and other,"16,66,12,055.39","17,82,08,578.04"
2020-21,ACT,Primary health care,Benefit-paid pharmaceuticals,Non-government,Individuals,"2,29,17,219.64","2,45,38,026.04"
2020-21,ACT,Primary health care,Community health and other,Canadian Government,Department of Veterans' Affairs,"1,94,247.42","1,98,386.22"
2020-21,ACT,Primary health care,Community health and other,Canadian Government,DoHAC and other,"4,36,76,182.02","4,45,48,977.96"
2020-21,ACT,Primary health care,Community health and other,Canadian Government,Premium rebates,"4,812.13","4,914.66"
2020-21,ACT,Primary health care,Community health and other,Non-government,Health insurance funds,"13,923.61","14,220.28"
2020-21,ACT,Primary health care,Community health and other,Non-government,Other source of funds,"17,442.92","17,814.58"
2020-21,ACT,Primary health care,Community health and other,State and local government,State and local government,"31,33,51,743.66","32,01,49,240.10"
2020-21,ACT,Primary health care,Dental services,Canadian Government,Department of Veterans' Affairs,"24,66,130.00","24,97,277.93"
2020-21,ACT,Primary health care,Dental services,Canadian Government,DoHAC and other,"1,15,43,878.97","1,16,89,681.47"
2020-21,ACT,Primary health care,Dental services,Canadian Government,Premium rebates,"1,40,55,889.31","1,42,33,419.21"
2020-21,ACT,Primary health care,Dental services,Non-government,Health insurance funds,"4,06,69,878.73","4,11,83,550.94"
2020-21,ACT,Primary health care,Dental services,Non-government,Individuals,"14,28,17,346.31","14,46,21,170.28"
2020-21,ACT,Primary health care,Dental services,Non-government,Other source of funds,"2,38,744.26","2,41,759.67"
2020-21,ACT,Primary health care,Dental services,State and local government,State and local government,"1,52,01,070.19","1,53,93,064.05"
2020-21,ACT,Primary health care,Other health practitioners,Canadian Government,Department of Veterans' Affairs,"1,24,95,423.00","1,31,14,396.09"
2020-21,ACT,Primary health care,Other health practitioners,Canadian Government,DoHAC and other,"4,59,61,947.31","4,82,38,717.65"
2020-21,ACT,Primary health care,Other health practitioners,Canadian Government,Premium rebates,"50,25,274.71","52,74,206.64"
2020-21,ACT,Primary health care,Other health practitioners,Non-government,Health insurance funds,"1,45,40,333.13","1,52,60,602.86"
2020-21,ACT,Primary health care,Other health practitioners,Non-government,Individuals,"92,12,825.05","96,69,191.42"
2020-21,ACT,Primary health care,Other health practitioners,Non-government,Other source of funds,"77,87,398.14","81,73,154.58"
2020-21,ACT,Primary health care,Other health practitioners,State and local government,State and local government,"23,92,046.46","25,10,538.83"
2020-21,ACT,Primary health care,Public health,Canadian Government,DoHAC and other,"6,90,86,311.23","7,01,57,950.89"
2020-21,ACT,Primary health care,Public health,State and local government,State and local government,"3,79,74,467.31","3,85,61,799.07"
2020-21,ACT,Primary health care,Unreferred medical services,Canadian Government,Department of Veterans' Affairs,"1,15,31,559.00","1,20,61,802.39"
2020-21,ACT,Primary health care,Unreferred medical services,Canadian Government,DoHAC and other,"15,82,45,079.24","16,55,17,960.67"
2020-21,ACT,Primary health care,Unreferred medical services,Non-government,Individuals,"3,42,33,174.73","3,58,07,282.33"
2020-21,ACT,Primary health care,Unreferred medical services,Non-government,Other source of funds,"1,81,45,866.86","1,89,80,248.93"
2020-21,ACT,Referred medical services,Referred medical services,Canadian Government,Department of Veterans' Affairs,"3,33,95,703.81","3,49,31,302.88"
2020-21,ACT,Referred medical services,Referred medical services,Canadian Government,DoHAC and other,"24,13,90,787.61","25,24,90,403.03"
2020-21,ACT,Referred medical services,Referred medical services,Canadian Government,Premium rebates,"69,43,435.01","72,62,707.59"
2020-21,ACT,Referred medical services,Referred medical services,Non-government,Health insurance funds,"2,00,90,415.75","2,10,14,211.93"
2020-21,ACT,Referred medical services,Referred medical services,Non-government,Individuals,"9,96,99,982.60","10,42,84,380.68"
2020-21,ACT,Research,Research,Canadian Government,Department of Veterans' Affairs,"50,22,415.00","51,29,426.68"
2020-21,ACT,Research,Research,Canadian Government,DoHAC and other,"12,90,31,835.90","13,17,81,093.74"
2020-21,ACT,Research,Research,Non-government,Individuals,"2,90,901.35","2,97,099.53"
2020-21,ACT,Research,Research,Non-government,Other source of funds,"52,24,707.04","53,36,028.92"
2020-21,ACT,Research,Research,State and local government,State and local government,"3,93,57,761.58","4,01,96,350.24"
2020-21,NSW,Capital expenditure,Capital expenditure,Canadian Government,DoHAC and other,"4,13,80,999.00","4,27,85,176.05"
2020-21,NSW,Capital expenditure,Capital expenditure,Non-government,Other source of funds,"1,88,56,47,770.43","2,01,82,87,858.90"
2020-21,NSW,Capital expenditure,Capital expenditure,State and local government,State and local government,"2,51,70,00,000.00","2,63,45,72,780.17"
2020-21,NSW,Hospitals,Private hospitals,Canadian Government,Department of Veterans' Affairs,"17,14,74,003.00","17,53,66,297.91"
2020-21,NSW,Hospitals,Private hospitals,Canadian Government,DoHAC and other,"25,19,97,562.63","26,57,44,883.13"
2020-21,NSW,Hospitals,Private hospitals,Canadian Government,Premium rebates,"98,33,30,915.94","1,00,56,51,581.78"
2020-21,NSW,Hospitals,Private hospitals,Non-government,Health insurance funds,"2,84,52,09,451.91","2,90,97,92,969.43"
2020-21,NSW,Hospitals,Private hospitals,Non-government,Individuals,"59,38,64,835.92","60,73,44,996.40"
2020-21,NSW,Hospitals,Private hospitals,Non-government,Other source of funds,"41,29,86,327.62","42,23,60,719.97"
2020-21,NSW,Hospitals,Private hospitals,State and local government,State and local government,"-6,46,51,125.00","-6,61,18,643.34"
2020-21,NSW,Hospitals,Public hospital services,Canadian Government,Department of Veterans' Affairs,"13,86,59,306.00","14,18,06,738.86"
2020-21,NSW,Hospitals,Public hospital services,Canadian Government,DoHAC and other,"8,34,17,43,277.74","8,53,17,15,860.26"
2020-21,NSW,Hospitals,Public hospital services,Canadian Government,Premium rebates,"12,92,25,735.52","13,21,59,035.40"
2020-21,NSW,Hospitals,Public hospital services,Non-government,Health insurance funds,"37,39,06,970.85","38,23,94,299.40"
2020-21,NSW,Hospitals,Public hospital services,Non-government,Individuals,"12,07,15,519.56","12,34,55,645.73"
2020-21,NSW,Hospitals,Public hospital services,Non-government,Other source of funds,"97,17,35,484.85","99,37,92,945.56"
2020-21,NSW,Hospitals,Public hospital services,State and local government,State and local government,"10,64,60,12,767.89","10,88,76,67,016.44"
2020-21,NSW,Medical expenses tax rebate,Medical expenses tax rebate,Canadian Government,DoHAC and other,0,0
2020-21,NSW,Medical expenses tax rebate,Medical expenses tax rebate,Non-government,Individuals,0,0
2020-21,NSW,Other services,Administration,Canadian Government,DoHAC and other,"54,47,29,479.96","55,62,32,545.77"
2020-21,NSW,Other services,Administration,Canadian Government,Premium rebates,"21,59,96,156.29","22,04,99,339.42"
2020-21,NSW,Other services,Administration,Non-government,Health insurance funds,"62,49,72,016.53","63,80,01,708.77"
2020-21,NSW,Other services,Aids and appliances,Canadian Government,Department of Veterans' Affairs,"4,65,70,868.00","4,85,88,612.28"
2020-21,NSW,Other services,Aids and appliances,Canadian Government,DoHAC and other,"21,31,93,695.40","22,24,30,593.43"
2020-21,NSW,Other services,Aids and appliances,Canadian Government,Premium rebates,"9,43,86,121.48","9,84,75,524.68"
2020-21,NSW,Other services,Aids and appliances,Non-government,Health insurance funds,"27,31,00,622.19","28,49,33,066.83"
2020-21,NSW,Other services,Aids and appliances,Non-government,Individuals,"64,64,61,415.72","67,44,70,209.16"
2020-21,NSW,Other services,Aids and appliances,Non-government,Other source of funds,"19,24,201.67","20,07,570.25"
2020-21,NSW,Other services,Patient transport services,Canadian Government,Department of Veterans' Affairs,"2,49,73,706.00","2,55,40,585.10"
2020-21,NSW,Other services,Patient transport services,Canadian Government,DoHAC and other,"3,60,63,763.95","3,68,82,376.70"
2020-21,NSW,Other services,Patient transport services,Canadian Government,Premium rebates,"5,94,94,855.18","6,08,45,331.16"
2020-21,NSW,Other services,Patient transport services,Non-government,Health insurance funds,"17,21,44,820.79","17,60,52,342.62"
2020-21,NSW,Other services,Patient transport services,Non-government,Individuals,"5,55,48,233.67","5,68,09,125.14"
2020-21,NSW,Other services,Patient transport services,Non-government,Other source of funds,"10,77,56,893.50","11,02,02,871.32"
2020-21,NSW,Other services,Patient transport services,State and local government,State and local government,"70,88,66,671.61","72,49,57,263.13"
2020-21,NSW,Primary health care,All other medications,Canadian Government,DoHAC and other,"19,72,27,622.73","19,86,24,153.21"
2020-21,NSW,Primary health care,All other medications,Canadian Government,Premium rebates,"45,72,457.87","46,04,700.09"
2020-21,NSW,Primary health care,All other medications,Non-government,Health insurance funds,"1,32,30,134.57","1,33,23,425.52"
2020-21,NSW,Primary health care,All other medications,Non-government,Individuals,"3,82,09,08,422.88","3,88,07,57,583.44"
2020-21,NSW,Primary health care,All other medications,Non-government,Other source of funds,"2,70,71,361.05","2,72,62,251.99"
2020-21,NSW,Primary health care,Benefit-paid pharmaceuticals,Canadian Government,Department of Veterans' Affairs,"9,29,95,292.44","9,95,72,327.86"
2020-21,NSW,Primary health care,Benefit-paid pharmaceuticals,Canadian Government,DoHAC and other,"3,73,90,49,010.81","3,99,59,16,810.69"
2020-21,NSW,Primary health care,Benefit-paid pharmaceuticals,Non-government,Individuals,"47,76,41,767.34","51,14,22,690.42"
2020-21,NSW,Primary health care,Community health and other,Canadian Government,Department of Veterans' Affairs,"11,65,584.45","11,89,885.07"
2020-21,NSW,Primary health care,Community health and other,Canadian Government,DoHAC and other,"69,78,96,344.80","71,43,50,064.41"
2020-21,NSW,Primary health care,Community health and other,Canadian Government,Premium rebates,"71,147.69","72,631.01"
2020-21,NSW,Primary health care,Community health and other,Non-government,Health insurance funds,"2,05,861.60","2,10,153.49"
2020-21,NSW,Primary health care,Community health and other,Non-government,Individuals,"68,11,276.12","69,53,280.61"
2020-21,NSW,Primary health care,Community health and other,Non-government,Other source of funds,"31,43,33,039.69","32,08,86,393.53"
2020-21,NSW,Primary health care,Community health and other,State and local government,State and local government,"1,26,56,29,711.95","1,29,14,15,209.06"
2020-21,NSW,Primary health care,Dental services,Canadian Government,Department of Veterans' Affairs,"2,10,18,447.00","2,12,83,916.00"
2020-21,NSW,Primary health care,Dental services,Canadian Government,DoHAC and other,"21,50,19,936.14","21,77,35,701.28"
2020-21,NSW,Primary health care,Dental services,Canadian Government,Premium rebates,"24,72,79,090.55","25,04,02,296.24"
2020-21,NSW,Primary health care,Dental services,Non-government,Health insurance funds,"71,54,87,324.05","72,45,24,133.74"
2020-21,NSW,Primary health care,Dental services,Non-government,Individuals,"1,92,20,55,163.08","1,94,63,31,269.93"
2020-21,NSW,Primary health care,Dental services,Non-government,Other source of funds,"2,01,45,969.45","2,04,00,418.81"
2020-21,NSW,Primary health care,Dental services,State and local government,State and local government,"26,56,58,826.27","26,90,14,173.29"
2020-21,NSW,Primary health care,Other health practitioners,Canadian Government,Department of Veterans' Affairs,"5,18,74,691.00","5,44,44,354.93"
2020-21,NSW,Primary health care,Other health practitioners,Canadian Government,DoHAC and other,"71,31,84,846.87","74,85,13,160.94"
2020-21,NSW,Primary health care,Other health practitioners,Canadian Government,Premium rebates,"10,36,89,576.28","10,88,25,941.60"
2020-21,NSW,Primary health care,Other health practitioners,Non-government,Health insurance funds,"30,00,19,614.67","31,48,81,381.88"
2020-21,NSW,Primary health care,Other health practitioners,Non-government,Individuals,"47,87,89,814.70","50,25,07,139.91"
2020-21,NSW,Primary health care,Other health practitioners,Non-government,Other source of funds,"27,10,19,403.91","28,44,44,617.11"
2020-21,NSW,Primary health care,Public health,Canadian Government,DoHAC and other,"1,25,12,79,941.97","1,27,96,67,693.12"
2020-21,NSW,Primary health care,Public health,Non-government,Individuals,"43,14,648.50","44,12,586.87"
2020-21,NSW,Primary health care,Public health,Non-government,Other source of funds,"20,18,43,155.95","20,64,24,801.42"
2020-21,NSW,Primary health care,Public health,State and local government,State and local government,"87,11,02,764.53","89,08,75,959.30"
2020-21,NSW,Primary health care,Unreferred medical services,Canadian Government,Department of Veterans' Affairs,"4,01,90,105.00","4,21,07,156.02"
2020-21,NSW,Primary health care,Unreferred medical services,Canadian Government,DoHAC and other,"3,45,81,61,071.73","3,62,29,90,651.22"
2020-21,NSW,Primary health care,Unreferred medical services,Non-government,Individuals,"21,05,81,351.24","22,06,25,992.68"
2020-21,NSW,Primary health care,Unreferred medical services,Non-government,Other source of funds,"53,12,52,910.49","55,65,93,449.76"
2020-21,NSW,Referred medical services,Referred medical services,Canadian Government,Department of Veterans' Affairs,"16,45,62,101.87","17,24,11,644.56"
2020-21,NSW,Referred medical services,Referred medical services,Canadian Government,DoHAC and other,"5,87,83,87,725.46","6,15,87,84,335.18"
2020-21,NSW,Referred medical services,Referred medical services,Canadian Government,Premium rebates,"19,02,53,883.77","19,93,28,913.61"
2020-21,NSW,Referred medical services,Referred medical services,Non-government,Health insurance funds,"55,04,88,283.85","57,67,46,342.30"
2020-21,NSW,Referred medical services,Referred medical services,Non-government,Individuals,"1,50,08,31,720.69","1,57,24,20,759.37"
2020-21,NSW,Research,Research,Canadian Government,DoHAC and other,"1,82,54,06,719.70","1,86,34,63,604.05"
2020-21,NSW,Research,Research,Non-government,Individuals,"16,75,532.03","17,10,464.27"
2020-21,NSW,Research,Research,Non-government,Other source of funds,"17,51,78,006.31","17,88,30,194.64"
2020-21,NSW,Research,Research,State and local government,State and local government,"39,42,78,798.85","40,24,98,897.13"
2020-21,NT,Capital expenditure,Capital expenditure,Canadian Government,DoHAC and other,"30,60,724.75","31,26,494.41"
2020-21,NT,Capital expenditure,Capital expenditure,Non-government,Other source of funds,"5,68,29,143.87","6,15,80,981.84"
2020-21,NT,Capital expenditure,Capital expenditure,State and local government,State and local government,"7,50,00,000.00","7,81,24,479.37"
2020-21,NT,Hospitals,Private hospitals,Canadian Government,Department of Veterans' Affairs,"21,52,755.00","22,11,431.94"
2020-21,NT,Hospitals,Private hospitals,Canadian Government,DoHAC and other,"73,26,184.19","75,70,334.39"
2020-21,NT,Hospitals,Private hospitals,Canadian Government,Premium rebates,"1,35,29,023.29","1,38,97,779.46"
2020-21,NT,Hospitals,Private hospitals,Non-government,Health insurance funds,"3,91,45,423.28","4,02,12,397.32"
2020-21,NT,Hospitals,Private hospitals,Non-government,Individuals,"-58,29,374.97","-59,88,264.34"
2020-21,NT,Hospitals,Private hospitals,Non-government,Other source of funds,"98,00,056.16","1,00,67,173.09"
2020-21,NT,Hospitals,Private hospitals,State and local government,State and local government,0,0
2020-21,NT,Hospitals,Public hospital services,Canadian Government,Department of Veterans' Affairs,"60,63,694.84","62,28,970.99"
2020-21,NT,Hospitals,Public hospital services,Canadian Government,DoHAC and other,"39,27,30,226.13","40,40,05,717.67"
2020-21,NT,Hospitals,Public hospital services,Canadian Government,Premium rebates,"14,57,138.72","14,96,855.48"
2020-21,NT,Hospitals,Public hospital services,Non-government,Health insurance funds,"42,16,144.13","43,31,062.19"
2020-21,NT,Hospitals,Public hospital services,Non-government,Individuals,"1,29,05,400.79","1,32,57,159.09"
2020-21,NT,Hospitals,Public hospital services,Non-government,Other source of funds,"4,68,96,971.04","4,81,75,226.49"
2020-21,NT,Hospitals,Public hospital services,State and local government,State and local government,"57,36,21,090.29","58,92,56,093.33"
2020-21,NT,Medical expenses tax rebate,Medical expenses tax rebate,Canadian Government,DoHAC and other,0,0
2020-21,NT,Medical expenses tax rebate,Medical expenses tax rebate,Non-government,Individuals,0,0
2020-21,NT,Other services,Administration,Canadian Government,DoHAC and other,"2,43,17,496.15","2,48,36,882.91"
2020-21,NT,Other services,Administration,Canadian Government,Premium rebates,"33,20,400.68","33,91,147.86"
2020-21,NT,Other services,Administration,Non-government,Health insurance funds,"96,07,381.66","98,12,084.39"
2020-21,NT,Other services,Administration,Non-government,Individuals,"90,836.43","92,771.87"
2020-21,NT,Other services,Administration,Non-government,Other source of funds,"14,74,049.29","15,05,456.59"
2020-21,NT,Other services,Administration,State and local government,State and local government,"1,31,86,870.75","1,34,67,841.00"
2020-21,NT,Other services,Aids and appliances,Canadian Government,DoHAC and other,"50,97,013.21","53,17,848.03"
2020-21,NT,Other services,Aids and appliances,Canadian Government,Premium rebates,"21,61,878.73","22,55,544.98"
2020-21,NT,Other services,Aids and appliances,Non-government,Health insurance funds,"62,55,267.38","65,26,285.09"
2020-21,NT,Other services,Aids and appliances,Non-government,Individuals,"1,90,14,222.31","1,98,38,038.57"
2020-21,NT,Other services,Aids and appliances,Non-government,Other source of funds,"28,06,061.78","29,27,638.11"
2020-21,NT,Other services,Patient transport services,Canadian Government,DoHAC and other,"1,77,49,673.50","1,82,33,470.56"
2020-21,NT,Other services,Patient transport services,Canadian Government,Premium rebates,"3,23,612.94","3,32,433.56"
2020-21,NT,Other services,Patient transport services,Non-government,Health insurance funds,"9,36,354.79","9,61,876.70"
2020-21,NT,Other services,Patient transport services,Non-government,Individuals,"5,38,412.07","5,53,087.39"
2020-21,NT,Other services,Patient transport services,Non-government,Other source of funds,"44,77,674.22","45,99,720.72"
2020-21,NT,Other services,Patient transport services,State and local government,State and local government,"4,74,84,509.12","4,87,78,778.90"
2020-21,NT,Primary health care,All other medications,Canadian Government,DoHAC and other,"68,36,993.44","68,96,090.56"
2020-21,NT,Primary health care,All other medications,Canadian Government,Premium rebates,"61,981.01","62,516.23"
2020-21,NT,Primary health care,All other medications,Non-government,Health insurance funds,"1,79,338.37","1,80,886.98"
2020-21,NT,Primary health care,All other medications,Non-government,Individuals,"5,47,57,026.44","5,59,14,104.30"
2020-21,NT,Primary health care,All other medications,Non-government,Other source of funds,"2,23,707.52","2,25,639.27"
2020-21,NT,Primary health care,Benefit-paid pharmaceuticals,Canadian Government,Department of Veterans' Affairs,"13,94,182.89","14,92,785.63"
2020-21,NT,Primary health care,Benefit-paid pharmaceuticals,Canadian Government,DoHAC and other,"7,58,67,919.79","8,11,90,897.78"
2020-21,NT,Primary health care,Benefit-paid pharmaceuticals,Non-government,Individuals,"69,21,398.80","74,10,910.51"
2020-21,NT,Primary health care,Community health and other,Canadian Government,Department of Veterans' Affairs,"91,294.95","93,240.16"
2020-21,NT,Primary health care,Community health and other,Canadian Government,DoHAC and other,"14,30,83,668.90","14,61,70,259.81"
2020-21,NT,Primary health care,Community health and other,Canadian Government,Premium rebates,969.32,989.98
2020-21,NT,Primary health care,Community health and other,Non-government,Health insurance funds,"2,804.68","2,864.44"
2020-21,NT,Primary health care,Community health and other,Non-government,Individuals,"2,19,759.39","2,24,441.76"
2020-21,NT,Primary health care,Community health and other,Non-government,Other source of funds,"10,50,511.23","10,72,894.28"
2020-21,NT,Primary health care,Community health and other,State and local government,State and local government,"25,25,33,933.39","25,78,33,241.31"
2020-21,NT,Primary health care,Dental services,Canadian Government,Department of Veterans' Affairs,"3,08,332.00","3,12,226.32"
2020-21,NT,Primary health care,Dental services,Canadian Government,DoHAC and other,"44,98,711.38","45,55,531.39"
2020-21,NT,Primary health care,Dental services,Canadian Government,Premium rebates,"60,15,743.31","60,91,723.87"
2020-21,NT,Primary health care,Dental services,Non-government,Health insurance funds,"1,74,06,195.06","1,76,26,040.28"
2020-21,NT,Primary health care,Dental services,Non-government,Individuals,"9,58,88,547.05","9,70,99,646.85"
2020-21,NT,Primary health care,Dental services,Non-government,Other source of funds,"1,96,002.29","1,98,477.86"
2020-21,NT,Primary health care,Dental services,State and local government,State and local government,"88,19,180.48","89,30,569.25"
2020-21,NT,Primary health care,Other health practitioners,Canadian Government,Department of Veterans' Affairs,"7,29,024.00","7,65,136.92"
2020-21,NT,Primary health care,Other health practitioners,Canadian Government,DoHAC and other,"2,09,12,968.18","2,19,48,912.66"
2020-21,NT,Primary health care,Other health practitioners,Canadian Government,Premium rebates,"21,98,651.41","23,07,563.77"
2020-21,NT,Primary health care,Other health practitioners,Non-government,Health insurance funds,"63,61,666.92","66,76,798.36"
2020-21,NT,Primary health care,Other health practitioners,Non-government,Individuals,"3,14,48,312.64","3,30,06,135.79"
2020-21,NT,Primary health care,Other health practitioners,Non-government,Other source of funds,"99,64,593.92","1,04,58,199.90"
2020-21,NT,Primary health care,Other health practitioners,State and local government,State and local government,"74,52,057.23","78,21,202.23"
2020-21,NT,Primary health care,Public health,Canadian Government,DoHAC and other,"9,21,39,983.31","9,46,49,196.36"
2020-21,NT,Primary health care,Public health,Non-government,Individuals,"11,757.32","12,077.79"
2020-21,NT,Primary health care,Public health,Non-government,Other source of funds,"57,344.12","58,907.13"
2020-21,NT,Primary health care,Public health,State and local government,State and local government,"5,87,53,117.90","6,03,54,532.48"
2020-21,NT,Primary health care,Unreferred medical services,Canadian Government,Department of Veterans' Affairs,"4,52,954.00","4,49,148.25"
2020-21,NT,Primary health care,Unreferred medical services,Canadian Government,DoHAC and other,"29,45,94,579.02","29,21,29,083.02"
2020-21,NT,Primary health care,Unreferred medical services,Non-government,Individuals,"52,47,375.21","52,03,286.43"
2020-21,NT,Primary health care,Unreferred medical services,Non-government,Other source of funds,"1,30,05,222.25","1,28,95,951.54"
2020-21,NT,Referred medical services,Referred medical services,Canadian Government,Department of Veterans' Affairs,"28,53,128.04","28,29,155.87"
2020-21,NT,Referred medical services,Referred medical services,Canadian Government,DoHAC and other,"9,63,93,043.31","9,55,83,142.79"
2020-21,NT,Referred medical services,Referred medical services,Canadian Government,Premium rebates,"25,55,418.07","25,33,947.28"
2020-21,NT,Referred medical services,Referred medical services,Non-government,Health insurance funds,"73,93,950.02","73,31,825.58"
2020-21,NT,Referred medical services,Referred medical services,Non-government,Individuals,"1,52,80,045.58","1,51,51,661.66"
2020-21,NT,Research,Research,Canadian Government,DoHAC and other,"2,42,51,065.29","2,47,67,778.33"
2020-21,NT,Research,Research,Non-government,Individuals,995.68,"1,016.89"
2020-21,NT,Research,Research,Non-government,Other source of funds,"11,27,317.03","11,51,336.57"
2020-21,NT,Research,Research,State and local government,State and local government,"77,98,553.41","79,64,715.77"
2020-21,Qld,Capital expenditure,Capital expenditure,Canadian Government,DoHAC and other,"1,87,31,635.63","1,96,25,337.90"
2020-21,Qld,Capital expenditure,Capital expenditure,Non-government,Other source of funds,"1,19,89,23,248.06","1,31,52,37,650.13"
2020-21,Qld,Capital expenditure,Capital expenditure,State and local government,State and local government,"1,23,40,00,000.00","1,29,02,91,333.56"
2020-21,Qld,Hospitals,Private hospitals,Canadian Government,Department of Veterans' Affairs,"26,22,64,830.00","26,83,88,256.38"
2020-21,Qld,Hospitals,Private hospitals,Canadian Government,DoHAC and other,"22,33,75,324.73","23,53,34,032.57"
2020-21,Qld,Hospitals,Private hospitals,Canadian Government,Premium rebates,"69,61,21,108.70","71,23,74,322.53"
2020-21,Qld,Hospitals,Private hospitals,Non-government,Health insurance funds,"2,01,41,84,976.84","2,06,12,12,683.24"
2020-21,Qld,Hospitals,Private hospitals,Non-government,Individuals,"43,65,92,793.72","44,67,86,474.02"
2020-21,Qld,Hospitals,Private hospitals,Non-government,Other source of funds,"30,58,00,371.71","31,29,40,277.06"
2020-21,Qld,Hospitals,Private hospitals,State and local government,State and local government,"6,57,85,062.43","6,73,21,028.90"
2020-21,Qld,Hospitals,Public hospital services,Canadian Government,Department of Veterans' Affairs,"7,22,37,558.00","7,39,24,178.99"
2020-21,Qld,Hospitals,Public hospital services,Canadian Government,DoHAC and other,"6,05,06,60,501.32","6,20,19,29,125.69"
2020-21,Qld,Hospitals,Public hospital services,Canadian Government,Premium rebates,"4,21,51,561.15","4,31,35,726.59"
2020-21,Qld,Hospitals,Public hospital services,Non-government,Health insurance funds,"12,19,63,032.23","12,48,10,656.33"
2020-21,Qld,Hospitals,Public hospital services,Non-government,Individuals,"33,38,23,607.83","34,16,17,806.87"
2020-21,Qld,Hospitals,Public hospital services,Non-government,Other source of funds,"94,57,25,883.60","96,78,06,933.60"
2020-21,Qld,Hospitals,Public hospital services,State and local government,State and local government,"6,29,04,35,114.06","6,43,73,05,803.22"
2020-21,Qld,Medical expenses tax rebate,Medical expenses tax rebate,Canadian Government,DoHAC and other,0,0
2020-21,Qld,Medical expenses tax rebate,Medical expenses tax rebate,Non-government,Individuals,0,0
2020-21,Qld,Other services,Administration,Canadian Government,DoHAC and other,"34,42,72,666.99","35,19,89,429.71"
2020-21,Qld,Other services,Administration,Canadian Government,Premium rebates,"13,55,90,584.45","13,85,61,270.16"
2020-21,Qld,Other services,Administration,Non-government,Health insurance funds,"39,23,23,282.23","40,09,18,784.44"
2020-21,Qld,Other services,Administration,State and local government,State and local government,"32,70,87,009.90","33,42,53,235.42"
2020-21,Qld,Other services,Aids and appliances,Canadian Government,Department of Veterans' Affairs,"4,94,56,004.00","5,15,98,750.60"
2020-21,Qld,Other services,Aids and appliances,Canadian Government,DoHAC and other,"13,32,63,140.22","13,90,36,941.53"
2020-21,Qld,Other services,Aids and appliances,Canadian Government,Premium rebates,"5,68,61,508.79","5,93,25,108.65"
2020-21,Qld,Other services,Aids and appliances,Non-government,Health insurance funds,"16,45,25,389.80","17,16,53,669.31"
2020-21,Qld,Other services,Aids and appliances,Non-government,Individuals,"60,69,80,236.31","63,32,78,455.59"
2020-21,Qld,Other services,Aids and appliances,Non-government,Other source of funds,"1,59,68,032.89","1,66,59,868.97"
2020-21,Qld,Other services,Patient transport services,Canadian Government,Department of Veterans' Affairs,"2,90,61,219.00","2,97,39,747.78"
2020-21,Qld,Other services,Patient transport services,Canadian Government,DoHAC and other,"3,43,20,239.08","3,51,21,556.81"
2020-21,Qld,Other services,Patient transport services,Canadian Government,Premium rebates,"1,54,370.68","1,57,974.96"
2020-21,Qld,Other services,Patient transport services,Non-government,Health insurance funds,"4,46,662.36","4,57,091.15"
2020-21,Qld,Other services,Patient transport services,Non-government,Other source of funds,"19,46,800.73","19,92,255.13"
2020-21,Qld,Other services,Patient transport services,State and local government,State and local government,"1,13,52,05,062.00","1,16,17,10,120.35"
2020-21,Qld,Primary health care,All other medications,Canadian Government,DoHAC and other,"12,57,66,356.64","12,63,47,693.07"
2020-21,Qld,Primary health care,All other medications,Canadian Government,Premium rebates,"28,10,806.58","28,23,671.03"
2020-21,Qld,Primary health care,All other medications,Non-government,Health insurance funds,"81,32,901.47","81,70,123.98"
2020-21,Qld,Primary health care,All other medications,Non-government,Individuals,"2,21,46,14,294.04","2,24,67,43,211.61"
2020-21,Qld,Primary health care,All other medications,Non-government,Other source of funds,"1,35,42,229.14","1,36,04,208.95"
2020-21,Qld,Primary health care,Benefit-paid pharmaceuticals,Canadian Government,Department of Veterans' Affairs,"10,27,11,518.30","10,99,75,727.88"
2020-21,Qld,Primary health care,Benefit-paid pharmaceuticals,Canadian Government,DoHAC and other,"2,05,13,61,525.07","2,19,20,25,884.55"
2020-21,Qld,Primary health care,Benefit-paid pharmaceuticals,Non-government,Individuals,"30,10,53,141.58","32,23,44,941.66"
2020-21,Qld,Primary health care,Community health and other,Canadian Government,Department of Veterans' Affairs,"13,73,021.51","14,03,103.36"
2020-21,Qld,Primary health care,Community health and other,Canadian Government,DoHAC and other,"48,92,75,937.85","49,99,31,391.02"
2020-21,Qld,Primary health care,Community health and other,Canadian Government,Premium rebates,"48,732.62","49,800.32"
2020-21,Qld,Primary health care,Community health and other,Non-government,Health insurance funds,"1,41,004.95","1,44,094.26"
2020-21,Qld,Primary health care,Community health and other,Non-government,Individuals,"1,88,41,945.00","1,92,54,757.56"
2020-21,Qld,Primary health care,Community health and other,Non-government,Other source of funds,"3,51,67,909.80","3,59,38,411.73"
2020-21,Qld,Primary health care,Community health and other,State and local government,State and local government,"3,14,34,65,232.67","3,21,20,60,254.84"
2020-21,Qld,Primary health care,Dental services,Canadian Government,Department of Veterans' Affairs,"3,14,79,068.00","3,18,76,657.64"
2020-21,Qld,Primary health care,Dental services,Canadian Government,DoHAC and other,"8,37,13,908.86","8,47,71,240.38"
2020-21,Qld,Primary health care,Dental services,Canadian Government,Premium rebates,"16,08,35,256.71","16,28,66,652.03"
2020-21,Qld,Primary health care,Dental services,Non-government,Health insurance funds,"46,53,67,238.19","47,12,44,959.61"
2020-21,Qld,Primary health care,Dental services,Non-government,Individuals,"67,96,22,039.89","68,82,05,860.77"
2020-21,Qld,Primary health care,Dental services,Non-government,Other source of funds,"1,57,20,560.53","1,59,19,115.70"
2020-21,Qld,Primary health care,Dental services,State and local government,State and local government,"22,31,43,151.48","22,59,61,513.36"
2020-21,Qld,Primary health care,Other health practitioners,Canadian Government,Department of Veterans' Affairs,"8,03,92,238.00","8,43,74,546.72"
2020-21,Qld,Primary health care,Other health practitioners,Canadian Government,DoHAC and other,"47,23,46,866.18","49,57,45,033.59"
2020-21,Qld,Primary health care,Other health practitioners,Canadian Government,Premium rebates,"6,41,60,655.55","6,73,38,916.84"
2020-21,Qld,Primary health care,Other health practitioners,Non-government,Health insurance funds,"18,56,45,036.34","19,48,41,146.12"
2020-21,Qld,Primary health care,Other health practitioners,Non-government,Individuals,"40,76,69,335.41","42,78,63,637.60"
2020-21,Qld,Primary health care,Other health practitioners,Non-government,Other source of funds,"12,37,49,077.93","12,98,79,110.43"
2020-21,Qld,Primary health care,Public health,Canadian Government,DoHAC and other,"81,20,76,815.35","83,10,32,476.41"
2020-21,Qld,Primary health care,Public health,Non-government,Individuals,"1,17,14,774.50","1,19,88,294.05"
2020-21,Qld,Primary health care,Public health,State and local government,State and local government,"25,70,02,317.93","26,30,02,873.83"
2020-21,Qld,Primary health care,Unreferred medical services,Canadian Government,Department of Veterans' Affairs,"4,22,62,751.00","4,27,22,679.82"
2020-21,Qld,Primary health care,Unreferred medical services,Canadian Government,DoHAC and other,"2,37,21,70,190.71","2,39,80,66,961.80"
2020-21,Qld,Primary health care,Unreferred medical services,Non-government,Individuals,"17,62,06,813.20","17,81,24,402.32"
2020-21,Qld,Primary health care,Unreferred medical services,Non-government,Other source of funds,"19,60,70,768.40","19,82,04,529.09"
2020-21,Qld,Referred medical services,Referred medical services,Canadian Government,Department of Veterans' Affairs,"24,80,06,959.55","25,07,05,921.28"
2020-21,Qld,Referred medical services,Referred medical services,Canadian Government,DoHAC and other,"3,53,74,78,726.72","3,57,59,75,709.78"
2020-21,Qld,Referred medical services,Referred medical services,Canadian Government,Premium rebates,"13,43,56,768.11","13,58,18,919.73"
2020-21,Qld,Referred medical services,Referred medical services,Non-government,Health insurance funds,"38,87,53,308.14","39,29,83,956.76"
2020-21,Qld,Referred medical services,Referred medical services,Non-government,Individuals,"76,96,62,418.87","77,80,38,350.82"
2020-21,Qld,Research,Research,Canadian Government,DoHAC and other,"1,03,65,99,895.54","1,05,93,11,004.20"
2020-21,Qld,Research,Research,Non-government,Other source of funds,"7,76,84,343.44","7,93,86,347.82"
2020-21,Qld,Research,Research,State and local government,State and local government,"27,78,00,560.20","28,38,86,957.40"
2020-21,SA,Capital expenditure,Capital expenditure,Canadian Government,DoHAC and other,"1,10,18,609.25","1,12,21,166.88"
2020-21,SA,Capital expenditure,Capital expenditure,Non-government,Other source of funds,"40,87,31,809.59","43,65,82,045.88"
2020-21,SA,Capital expenditure,Capital expenditure,State and local government,State and local government,"27,40,00,000.00","28,79,74,187.69"
2020-21,SA,Hospitals,Private hospitals,Canadian Government,Department of Veterans' Affairs,"3,99,75,620.00","4,08,98,047.68"
2020-21,SA,Hospitals,Private hospitals,Canadian Government,DoHAC and other,"7,76,11,773.44","8,18,99,023.91"
2020-21,SA,Hospitals,Private hospitals,Canadian Government,Premium rebates,"22,45,19,168.55","22,96,99,893.59"
2020-21,SA,Hospitals,Private hospitals,Non-government,Health insurance funds,"64,96,32,844.98","66,46,22,964.40"
2020-21,SA,Hospitals,Private hospitals,Non-government,Individuals,"16,07,24,828.31","16,44,33,514.51"
2020-21,SA,Hospitals,Private hospitals,Non-government,Other source of funds,"6,36,47,707.86","6,51,16,363.19"
2020-21,SA,Hospitals,Private hospitals,State and local government,State and local government,"2,98,69,562.52","3,05,58,795.39"
2020-21,SA,Hospitals,Public hospital services,Canadian Government,Department of Veterans' Affairs,"2,15,27,112.16","2,20,23,845.02"
2020-21,SA,Hospitals,Public hospital services,Canadian Government,DoHAC and other,"1,85,33,96,287.81","1,89,99,65,900.57"
2020-21,SA,Hospitals,Public hospital services,Canadian Government,Premium rebates,"2,08,13,533.47","2,12,93,800.68"
2020-21,SA,Hospitals,Public hospital services,Non-government,Health insurance funds,"6,02,22,719.73","6,16,12,344.30"
2020-21,SA,Hospitals,Public hospital services,Non-government,Individuals,"6,63,83,241.44","6,79,15,018.54"
2020-21,SA,Hospitals,Public hospital services,Non-government,Other source of funds,"24,34,56,294.50","24,90,73,989.10"
2020-21,SA,Hospitals,Public hospital services,State and local government,State and local government,"2,92,66,63,736.84","2,99,41,95,788.59"
2020-21,SA,Medical expenses tax rebate,Medical expenses tax rebate,Canadian Government,DoHAC and other,0,0
2020-21,SA,Medical expenses tax rebate,Medical expenses tax rebate,Non-government,Individuals,0,0
2020-21,SA,Other services,Administration,Canadian Government,DoHAC and other,"11,63,78,638.83","11,88,48,467.62"
2020-21,SA,Other services,Administration,Canadian Government,Premium rebates,"5,09,82,964.82","5,20,66,574.85"
2020-21,SA,Other services,Administration,Non-government,Health insurance funds,"14,75,16,172.87","15,06,51,533.98"
2020-21,SA,Other services,Aids and appliances,Canadian Government,Department of Veterans' Affairs,"1,20,60,049.00","1,25,82,566.53"
2020-21,SA,Other services,Aids and appliances,Canadian Government,DoHAC and other,"4,91,77,751.12","5,13,08,442.05"
2020-21,SA,Other services,Aids and appliances,Canadian Government,Premium rebates,"2,31,84,924.21","2,41,89,441.63"
2020-21,SA,Other services,Aids and appliances,Non-government,Health insurance funds,"6,70,84,197.64","6,99,90,708.98"
2020-21,SA,Other services,Aids and appliances,Non-government,Individuals,"20,35,85,958.50","21,24,06,588.66"
2020-21,SA,Other services,Aids and appliances,Non-government,Other source of funds,"2,44,69,697.49","2,55,29,879.41"
2020-21,SA,Other services,Patient transport services,Canadian Government,Department of Veterans' Affairs,"61,78,099.00","63,20,657.13"
2020-21,SA,Other services,Patient transport services,Canadian Government,DoHAC and other,"1,36,63,756.04","1,39,79,043.88"
2020-21,SA,Other services,Patient transport services,Canadian Government,Premium rebates,"92,03,900.39","94,16,278.15"
2020-21,SA,Other services,Patient transport services,Non-government,Health insurance funds,"2,66,30,937.72","2,72,45,440.11"
2020-21,SA,Other services,Patient transport services,Non-government,Individuals,"12,30,85,313.57","12,59,25,477.15"
2020-21,SA,Other services,Patient transport services,Non-government,Other source of funds,"1,37,61,903.43","1,40,79,456.00"
2020-21,SA,Other services,Patient transport services,State and local government,State and local government,"24,71,10,469.18","25,28,12,482.97"
2020-21,SA,Primary health care,All other medications,Canadian Government,DoHAC and other,"4,50,47,722.02","4,53,20,262.72"
2020-21,SA,Primary health care,All other medications,Canadian Government,Premium rebates,"11,79,389.68","11,86,508.11"
2020-21,SA,Primary health care,All other medications,Non-government,Health insurance funds,"34,12,493.83","34,33,090.57"
2020-21,SA,Primary health care,All other medications,Non-government,Individuals,"84,52,46,428.51","85,78,99,239.14"
2020-21,SA,Primary health care,All other medications,Non-government,Other source of funds,"31,09,280.48","31,28,047.13"
2020-21,SA,Primary health care,Benefit-paid pharmaceuticals,Canadian Government,Department of Veterans' Affairs,"2,29,87,149.70","2,46,12,901.86"
2020-21,SA,Primary health care,Benefit-paid pharmaceuticals,Canadian Government,DoHAC and other,"79,57,34,916.55","85,07,14,113.30"
2020-21,SA,Primary health care,Benefit-paid pharmaceuticals,Non-government,Individuals,"11,56,09,623.17","12,37,86,043.36"
2020-21,SA,Primary health care,Community health and other,Canadian Government,Department of Veterans' Affairs,"3,24,112.08","3,31,000.87"
2020-21,SA,Primary health care,Community health and other,Canadian Government,DoHAC and other,"14,11,83,661.92","14,41,62,287.74"
2020-21,SA,Primary health care,Community health and other,Canadian Government,Premium rebates,"19,911.80","20,335.01"
2020-21,SA,Primary health care,Community health and other,Non-government,Health insurance funds,"57,613.60","58,838.14"
2020-21,SA,Primary health care,Community health and other,Non-government,Individuals,"1,95,53,824.64","1,99,69,428.57"
2020-21,SA,Primary health care,Community health and other,Non-government,Other source of funds,"6,23,03,554.93","6,36,27,776.80"
2020-21,SA,Primary health care,Community health and other,State and local government,State and local government,"83,19,71,421.08","84,95,65,001.95"
2020-21,SA,Primary health care,Dental services,Canadian Government,Department of Veterans' Affairs,"69,87,364.00","70,75,616.41"
2020-21,SA,Primary health care,Dental services,Canadian Government,DoHAC and other,"3,87,53,144.51","3,92,42,607.89"
2020-21,SA,Primary health care,Dental services,Canadian Government,Premium rebates,"7,04,50,379.85","7,13,40,188.31"
2020-21,SA,Primary health care,Dental services,Non-government,Health insurance funds,"20,38,43,979.06","20,64,18,586.86"
2020-21,SA,Primary health care,Dental services,Non-government,Individuals,"18,30,12,201.90","18,53,23,698.39"
2020-21,SA,Primary health care,Dental services,Non-government,Other source of funds,"32,99,958.92","33,41,638.34"
2020-21,SA,Primary health care,Dental services,State and local government,State and local government,"7,62,58,200.55","7,72,21,363.45"
2020-21,SA,Primary health care,Other health practitioners,Canadian Government,Department of Veterans' Affairs,"1,39,87,656.00","1,46,80,548.32"
2020-21,SA,Primary health care,Other health practitioners,Canadian Government,DoHAC and other,"16,09,46,222.83","16,89,18,852.55"
2020-21,SA,Primary health care,Other health practitioners,Canadian Government,Premium rebates,"3,15,10,998.95","3,30,71,927.33"
2020-21,SA,Primary health care,Other health practitioners,Non-government,Health insurance funds,"9,11,75,199.12","9,56,91,652.44"
2020-21,SA,Primary health care,Other health practitioners,Non-government,Individuals,"-3,30,24,798.49","-3,46,60,714.43"
2020-21,SA,Primary health care,Other health practitioners,Non-government,Other source of funds,"4,34,91,238.41","4,56,45,619.76"
2020-21,SA,Primary health care,Other health practitioners,State and local government,State and local government,0,0
2020-21,SA,Primary health care,Public health,Canadian Government,DoHAC and other,"27,83,68,615.33","28,47,87,822.69"
2020-21,SA,Primary health care,Public health,Non-government,Individuals,"78,67,521.50","80,49,062.64"
2020-21,SA,Primary health care,Public health,Non-government,Other source of funds,"1,57,71,909.30","1,61,35,842.26"
2020-21,SA,Primary health care,Public health,State and local government,State and local government,"35,94,52,332.15","36,77,46,607.02"
2020-21,SA,Primary health care,Unreferred medical services,Canadian Government,Department of Veterans' Affairs,"78,68,587.00","79,52,330.99"
2020-21,SA,Primary health care,Unreferred medical services,Canadian Government,DoHAC and other,"76,70,38,218.07","77,52,12,729.29"
2020-21,SA,Primary health care,Unreferred medical services,Non-government,Individuals,"5,11,92,759.58","5,17,37,595.11"
2020-21,SA,Primary health care,Unreferred medical services,Non-government,Other source of funds,"8,18,69,740.81","8,27,41,066.06"
2020-21,SA,Referred medical services,Referred medical services,Canadian Government,Department of Veterans' Affairs,"4,46,33,544.98","4,51,08,571.95"
2020-21,SA,Referred medical services,Referred medical services,Canadian Government,DoHAC and other,"1,15,56,22,528.18","1,16,79,21,615.46"
2020-21,SA,Referred medical services,Referred medical services,Canadian Government,Premium rebates,"5,57,88,249.70","5,63,81,994.23"
2020-21,SA,Referred medical services,Referred medical services,Non-government,Health insurance funds,"16,14,19,978.55","16,31,37,942.98"
2020-21,SA,Referred medical services,Referred medical services,Non-government,Individuals,"20,35,22,760.09","20,56,88,817.02"
2020-21,SA,Research,Research,Canadian Government,DoHAC and other,"36,93,94,439.28","37,72,45,679.84"
2020-21,SA,Research,Research,Non-government,Individuals,"4,19,817.39","4,28,740.34"
2020-21,SA,Research,Research,Non-government,Other source of funds,"2,84,70,870.66","2,90,76,000.65"
2020-21,SA,Research,Research,State and local government,State and local government,"4,00,04,039.30","4,08,54,299.36"
2020-21,Tas,Capital expenditure,Capital expenditure,Canadian Government,DoHAC and other,"75,90,597.50","79,08,823.62"
2020-21,Tas,Capital expenditure,Capital expenditure,Non-government,Other source of funds,"12,48,68,658.05","13,67,85,296.88"
2020-21,Tas,Capital expenditure,Capital expenditure,State and local government,State and local government,"10,30,00,000.00","10,98,42,325.13"
2020-21,Tas,Hospitals,Private hospitals,Canadian Government,Department of Veterans' Affairs,"1,42,47,671.00","1,46,64,241.95"
2020-21,Tas,Hospitals,Private hospitals,Canadian Government,DoHAC and other,"1,98,56,310.62","2,10,58,914.39"
2020-21,Tas,Hospitals,Private hospitals,Canadian Government,Premium rebates,"7,41,25,448.74","7,62,92,715.86"
2020-21,Tas,Hospitals,Private hospitals,Non-government,Health insurance funds,"21,44,77,572.05","22,07,48,430.42"
2020-21,Tas,Hospitals,Private hospitals,Non-government,Individuals,"6,89,35,367.31","7,09,50,887.72"
2020-21,Tas,Hospitals,Private hospitals,Non-government,Other source of funds,"3,16,14,896.64","3,25,39,247.55"
2020-21,Tas,Hospitals,Private hospitals,State and local government,State and local government,"4,93,64,420.67","5,08,07,729.11"
2020-21,Tas,Hospitals,Public hospital services,Canadian Government,Department of Veterans' Affairs,"84,83,874.00","87,31,924.05"
2020-21,Tas,Hospitals,Public hospital services,Canadian Government,DoHAC and other,"68,42,00,375.18","70,55,22,205.43"
2020-21,Tas,Hospitals,Public hospital services,Canadian Government,Premium rebates,"56,38,330.87","58,03,183.42"
2020-21,Tas,Hospitals,Public hospital services,Non-government,Health insurance funds,"1,63,14,174.64","1,67,91,165.67"
2020-21,Tas,Hospitals,Public hospital services,Non-government,Individuals,"3,45,80,395.94","3,55,91,451.60"
2020-21,Tas,Hospitals,Public hospital services,Non-government,Other source of funds,"3,91,63,987.26","4,03,09,057.18"
2020-21,Tas,Hospitals,Public hospital services,State and local government,State and local government,"95,59,67,159.63","98,39,17,563.04"
2020-21,Tas,Medical expenses tax rebate,Medical expenses tax rebate,Canadian Government,DoHAC and other,0,0
2020-21,Tas,Medical expenses tax rebate,Medical expenses tax rebate,Non-government,Individuals,0,0
2020-21,Tas,Other services,Administration,Canadian Government,DoHAC and other,"3,51,64,322.18","3,59,31,055.59"
2020-21,Tas,Other services,Administration,Canadian Government,Premium rebates,"1,45,36,417.44","1,48,46,142.24"
2020-21,Tas,Other services,Administration,Non-government,Health insurance funds,"4,20,60,258.28","4,29,56,428.55"
2020-21,Tas,Other services,Administration,Non-government,Individuals,"10,06,955.15","10,28,410.16"
2020-21,Tas,Other services,Administration,Non-government,Other source of funds,"4,90,784.86","5,01,241.93"
2020-21,Tas,Other services,Administration,State and local government,State and local government,"22,01,74,018.92","22,48,65,226.67"
2020-21,Tas,Other services,Aids and appliances,Canadian Government,Department of Veterans' Affairs,"32,75,258.00","34,17,162.87"
2020-21,Tas,Other services,Aids and appliances,Canadian Government,DoHAC and other,"1,55,91,834.86","1,62,67,371.67"
2020-21,Tas,Other services,Aids and appliances,Canadian Government,Premium rebates,"69,00,941.15","71,99,933.53"
2020-21,Tas,Other services,Aids and appliances,Non-government,Health insurance funds,"1,99,67,462.30","2,08,32,578.94"
2020-21,Tas,Other services,Aids and appliances,Non-government,Individuals,"6,03,53,378.70","6,29,68,268.43"
2020-21,Tas,Other services,Aids and appliances,Non-government,Other source of funds,"62,78,548.87","65,50,575.28"
2020-21,Tas,Other services,Patient transport services,Canadian Government,Department of Veterans' Affairs,"25,96,524.00","26,72,440.72"
2020-21,Tas,Other services,Patient transport services,Canadian Government,DoHAC and other,"85,38,080.16","87,87,715.08"
2020-21,Tas,Other services,Patient transport services,Canadian Government,Premium rebates,"26,752.77","27,534.96"
2020-21,Tas,Other services,Patient transport services,Non-government,Health insurance funds,"77,407.54","79,670.77"
2020-21,Tas,Other services,Patient transport services,Non-government,Individuals,"33,06,394.53","34,03,066.33"
2020-21,Tas,Other services,Patient transport services,Non-government,Other source of funds,"26,29,707.66","27,06,594.60"
2020-21,Tas,Other services,Patient transport services,State and local government,State and local government,"14,17,27,624.24","14,58,71,432.14"
2020-21,Tas,Primary health care,All other medications,Canadian Government,DoHAC and other,"1,58,72,755.84","1,59,04,191.45"
2020-21,Tas,Primary health care,All other medications,Canadian Government,Premium rebates,"4,27,159.01","4,27,986.00"
2020-21,Tas,Primary health care,All other medications,Non-government,Health insurance funds,"12,35,959.16","12,38,352.00"
2020-21,Tas,Primary health care,All other medications,Non-government,Individuals,"34,51,00,675.07","34,82,46,541.87"
2020-21,Tas,Primary health care,All other medications,Non-government,Other source of funds,"66,59,800.01","66,72,693.48"
2020-21,Tas,Primary health care,Benefit-paid pharmaceuticals,Canadian Government,Department of Veterans' Affairs,"1,04,89,754.06","1,12,31,635.53"
2020-21,Tas,Primary health care,Benefit-paid pharmaceuticals,Canadian Government,DoHAC and other,"27,40,10,169.97","29,32,03,078.12"
2020-21,Tas,Primary health care,Benefit-paid pharmaceuticals,Non-government,Individuals,"3,88,80,415.14","4,16,30,208.82"
2020-21,Tas,Primary health care,Community health and other,Canadian Government,Department of Veterans' Affairs,"1,13,360.96","1,15,776.32"
2020-21,Tas,Primary health care,Community health and other,Canadian Government,DoHAC and other,"2,92,17,157.64","2,98,37,244.92"
2020-21,Tas,Primary health care,Community health and other,Canadian Government,Premium rebates,"19,053.24","19,459.21"
2020-21,Tas,Primary health care,Community health and other,Non-government,Health insurance funds,"55,129.42","56,304.05"
2020-21,Tas,Primary health care,Community health and other,Non-government,Individuals,"11,67,272.82","11,92,143.69"
2020-21,Tas,Primary health care,Community health and other,Non-government,Other source of funds,"17,05,448.22","17,41,785.89"
2020-21,Tas,Primary health care,Community health and other,State and local government,State and local government,"18,08,74,530.36","18,47,16,039.17"
2020-21,Tas,Primary health care,Dental services,Canadian Government,Department of Veterans' Affairs,"17,47,533.00","17,69,604.84"
2020-21,Tas,Primary health care,Dental services,Canadian Government,DoHAC and other,"57,08,004.10","57,80,097.86"
2020-21,Tas,Primary health care,Dental services,Canadian Government,Premium rebates,"1,57,68,037.26","1,59,67,192.08"
2020-21,Tas,Primary health care,Dental services,Non-government,Health insurance funds,"4,56,23,876.87","4,62,00,119.50"
2020-21,Tas,Primary health care,Dental services,Non-government,Individuals,"10,19,90,328.62","10,32,78,495.66"
2020-21,Tas,Primary health care,Dental services,Non-government,Other source of funds,"13,34,068.35","13,50,918.02"
2020-21,Tas,Primary health care,Dental services,State and local government,State and local government,"2,37,00,000.00","2,39,99,337.78"
2020-21,Tas,Primary health care,Other health practitioners,Canadian Government,Department of Veterans' Affairs,"36,00,296.00","37,78,640.21"
2020-21,Tas,Primary health care,Other health practitioners,Canadian Government,DoHAC and other,"4,42,63,858.96","4,64,56,512.83"
2020-21,Tas,Primary health care,Other health practitioners,Canadian Government,Premium rebates,"57,45,914.66","60,30,544.21"
2020-21,Tas,Primary health care,Other health practitioners,Non-government,Health insurance funds,"1,66,25,461.93","1,74,49,020.57"
2020-21,Tas,Primary health care,Other health practitioners,Non-government,Individuals,"3,32,59,520.27","3,49,07,063.37"
2020-21,Tas,Primary health care,Other health practitioners,Non-government,Other source of funds,"35,51,053.06","37,26,957.97"
2020-21,Tas,Primary health care,Other health practitioners,State and local government,State and local government,"36,15,539.95","37,94,639.28"
2020-21,Tas,Primary health care,Public health,Canadian Government,DoHAC and other,"10,41,20,955.33","10,71,60,271.16"
2020-21,Tas,Primary health care,Public health,Non-government,Other source of funds,"10,70,644.92","11,01,948.25"
2020-21,Tas,Primary health care,Public health,State and local government,State and local government,"9,92,30,452.17","10,21,31,735.06"
2020-21,Tas,Primary health care,Unreferred medical services,Canadian Government,Department of Veterans' Affairs,"33,33,101.00","33,88,775.65"
2020-21,Tas,Primary health care,Unreferred medical services,Canadian Government,DoHAC and other,"24,61,00,236.33","25,02,18,704.71"
2020-21,Tas,Primary health care,Unreferred medical services,Non-government,Individuals,"2,85,08,226.35","2,89,84,415.20"
2020-21,Tas,Primary health care,Unreferred medical services,Non-government,Other source of funds,"2,17,07,998.73","2,20,70,599.57"
2020-21,Tas,Referred medical services,Referred medical services,Canadian Government,Department of Veterans' Affairs,"1,56,46,109.59","1,59,07,455.30"
2020-21,Tas,Referred medical services,Referred medical services,Canadian Government,DoHAC and other,"32,34,85,215.30","32,88,88,569.75"
2020-21,Tas,Referred medical services,Referred medical services,Canadian Government,Premium rebates,"1,53,58,737.88","1,56,15,283.47"
2020-21,Tas,Referred medical services,Referred medical services,Non-government,Health insurance funds,"4,44,39,593.52","4,51,81,892.90"
2020-21,Tas,Referred medical services,Referred medical services,Non-government,Individuals,"6,09,14,957.27","6,19,32,453.87"
2020-21,Tas,Research,Research,Canadian Government,DoHAC and other,"7,47,35,438.63","7,63,27,813.02"
2020-21,Tas,Research,Research,Non-government,Other source of funds,"25,62,244.91","26,16,838.20"
2020-21,Tas,Research,Research,State and local government,State and local government,"62,15,407.34","63,47,837.89"
2020-21,Vic,Capital expenditure,Capital expenditure,Canadian Government,DoHAC and other,"2,84,03,526.00","2,91,33,053.44"
2020-21,Vic,Capital expenditure,Capital expenditure,Non-government,Other source of funds,"1,53,70,77,511.94","1,62,93,20,244.86"
2020-21,Vic,Capital expenditure,Capital expenditure,State and local government,State and local government,"1,04,80,00,000.00","1,09,12,88,968.83"
2020-21,Vic,Hospitals,Private hospitals,Canadian Government,Department of Veterans' Affairs,"12,50,16,672.00","12,79,85,816.20"
2020-21,Vic,Hospitals,Private hospitals,Canadian Government,DoHAC and other,"46,00,92,633.73","47,66,39,548.73"
2020-21,Vic,Hospitals,Private hospitals,Canadian Government,Premium rebates,"74,97,60,922.83","76,75,67,734.22"
2020-21,Vic,Hospitals,Private hospitals,Non-government,Health insurance funds,"2,16,93,88,584.99","2,22,09,11,533.42"
2020-21,Vic,Hospitals,Private hospitals,Non-government,Individuals,"66,21,61,303.78","67,78,87,625.45"
2020-21,Vic,Hospitals,Private hospitals,Non-government,Other source of funds,"41,04,50,664.35","42,01,98,861.86"
2020-21,Vic,Hospitals,Private hospitals,State and local government,State and local government,-1,-1.02
2020-21,Vic,Hospitals,Public hospital services,Canadian Government,Department of Veterans' Affairs,"5,44,14,875.00","5,57,07,227.52"
2020-21,Vic,Hospitals,Public hospital services,Canadian Government,DoHAC and other,"6,95,69,47,685.31","7,13,48,47,963.33"
2020-21,Vic,Hospitals,Public hospital services,Canadian Government,Premium rebates,"5,42,81,194.67","5,55,70,372.29"
2020-21,Vic,Hospitals,Public hospital services,Non-government,Health insurance funds,"15,70,59,404.57","16,07,89,563.22"
2020-21,Vic,Hospitals,Public hospital services,Non-government,Individuals,"53,46,20,009.70","54,73,17,227.42"
2020-21,Vic,Hospitals,Public hospital services,Non-government,Other source of funds,"67,69,25,964.99","69,30,02,947.15"
2020-21,Vic,Hospitals,Public hospital services,State and local government,State and local government,"11,75,10,25,348.25","12,03,01,12,035.25"
2020-21,Vic,Medical expenses tax rebate,Medical expenses tax rebate,Canadian Government,DoHAC and other,0,0
2020-21,Vic,Medical expenses tax rebate,Medical expenses tax rebate,Non-government,Individuals,0,0
2020-21,Vic,Other services,Administration,Canadian Government,DoHAC and other,"41,07,05,203.53","41,98,36,405.66"
2020-21,Vic,Other services,Administration,Canadian Government,Premium rebates,"15,06,79,984.48","15,40,15,974.24"
2020-21,Vic,Other services,Administration,Non-government,Health insurance funds,"43,59,83,562.73","44,56,36,050.45"
2020-21,Vic,Other services,Administration,State and local government,State and local government,"-4,00,000.00","-4,08,855.83"
2020-21,Vic,Other services,Aids and appliances,Canadian Government,Department of Veterans' Affairs,"2,48,97,164.00","2,59,75,866.47"
2020-21,Vic,Other services,Aids and appliances,Canadian Government,DoHAC and other,"16,94,97,036.20","17,68,40,718.84"
2020-21,Vic,Other services,Aids and appliances,Canadian Government,Premium rebates,"5,37,41,125.94","5,60,69,531.10"
2020-21,Vic,Other services,Aids and appliances,Non-government,Health insurance funds,"15,54,96,747.84","16,22,33,849.52"
2020-21,Vic,Other services,Aids and appliances,Non-government,Individuals,"95,56,51,701.80","99,70,56,572.17"
2020-21,Vic,Other services,Aids and appliances,Non-government,Other source of funds,"3,69,26,861.32","3,85,26,766.29"
2020-21,Vic,Other services,Patient transport services,Canadian Government,Department of Veterans' Affairs,"1,88,40,727.00","1,92,88,194.00"
2020-21,Vic,Other services,Patient transport services,Canadian Government,DoHAC and other,"2,80,59,652.15","2,87,26,068.50"
2020-21,Vic,Other services,Patient transport services,Canadian Government,Premium rebates,"1,37,90,111.29","1,41,17,626.24"
2020-21,Vic,Other services,Patient transport services,Non-government,Health insurance funds,"3,99,00,865.88","4,08,48,510.88"
2020-21,Vic,Other services,Patient transport services,Non-government,Individuals,"31,00,58,663.00","31,74,22,551.89"
2020-21,Vic,Other services,Patient transport services,Non-government,Other source of funds,"72,97,455.74","74,70,770.21"
2020-21,Vic,Other services,Patient transport services,State and local government,State and local government,"82,66,83,786.72","84,63,17,515.04"
2020-21,Vic,Primary health care,All other medications,Canadian Government,DoHAC and other,"15,33,94,634.17","15,51,10,713.01"
2020-21,Vic,Primary health care,All other medications,Canadian Government,Premium rebates,"20,90,482.70","21,13,838.37"
2020-21,Vic,Primary health care,All other medications,Non-government,Health insurance funds,"60,48,687.20","61,16,265.46"
2020-21,Vic,Primary health care,All other medications,Non-government,Individuals,"2,86,40,72,443.56","2,92,11,90,813.81"
2020-21,Vic,Primary health care,All other medications,Non-government,Other source of funds,"2,93,85,089.62","2,97,13,391.13"
2020-21,Vic,Primary health care,Benefit-paid pharmaceuticals,Canadian Government,Department of Veterans' Affairs,"5,65,66,562.57","6,05,67,198.26"
2020-21,Vic,Primary health care,Benefit-paid pharmaceuticals,Canadian Government,DoHAC and other,"2,54,07,17,709.44","2,71,52,58,016.90"
2020-21,Vic,Primary health care,Benefit-paid pharmaceuticals,Non-government,Individuals,"37,38,83,264.28","40,03,25,930.43"
2020-21,Vic,Primary health care,Community health and other,Canadian Government,Department of Veterans' Affairs,"6,90,624.19","7,05,914.31"
2020-21,Vic,Primary health care,Community health and other,Canadian Government,DoHAC and other,"67,84,39,294.75","69,38,63,972.03"
2020-21,Vic,Primary health care,Community health and other,Canadian Government,Premium rebates,"1,52,939.09","1,56,325.09"
2020-21,Vic,Primary health care,Community health and other,Non-government,Health insurance funds,"4,42,520.14","4,52,317.35"
2020-21,Vic,Primary health care,Community health and other,Non-government,Individuals,"1,01,10,626.52","1,03,34,471.42"
2020-21,Vic,Primary health care,Community health and other,Non-government,Other source of funds,"2,25,30,257.20","2,30,29,067.36"
2020-21,Vic,Primary health care,Community health and other,State and local government,State and local government,"66,39,23,461.72","67,80,72,642.13"
2020-21,Vic,Primary health care,Dental services,Canadian Government,Department of Veterans' Affairs,"1,03,00,985.00","1,04,31,089.39"
2020-21,Vic,Primary health care,Dental services,Canadian Government,DoHAC and other,"11,18,00,660.38","11,32,12,735.23"
2020-21,Vic,Primary health care,Dental services,Canadian Government,Premium rebates,"14,49,91,303.53","14,68,22,585.20"
2020-21,Vic,Primary health care,Dental services,Non-government,Health insurance funds,"41,95,23,703.14","42,48,22,407.58"
2020-21,Vic,Primary health care,Dental services,Non-government,Individuals,"2,28,52,42,207.53","2,31,41,05,470.70"
2020-21,Vic,Primary health care,Dental services,Non-government,Other source of funds,"96,41,799.49","97,63,578.17"
2020-21,Vic,Primary health care,Dental services,State and local government,State and local government,"23,64,81,154.95","23,94,67,979.63"
2020-21,Vic,Primary health care,Other health practitioners,Canadian Government,Department of Veterans' Affairs,"2,72,99,620.00","2,86,51,933.57"
2020-21,Vic,Primary health care,Other health practitioners,Canadian Government,DoHAC and other,"59,02,89,980.71","61,95,30,576.49"
2020-21,Vic,Primary health care,Other health practitioners,Canadian Government,Premium rebates,"6,72,74,386.62","7,06,06,889.64"
2020-21,Vic,Primary health care,Other health practitioners,Non-government,Health insurance funds,"19,46,54,431.77","20,42,96,830.83"
2020-21,Vic,Primary health care,Other health practitioners,Non-government,Individuals,"61,07,51,681.69","64,10,05,868.00"
2020-21,Vic,Primary health care,Other health practitioners,Non-government,Other source of funds,"16,87,40,669.07","17,70,99,404.37"
2020-21,Vic,Primary health care,Public health,Canadian Government,DoHAC and other,"1,06,98,52,431.34","1,09,52,49,514.97"
2020-21,Vic,Primary health care,Public health,Non-government,Individuals,"83,64,059.13","85,62,705.42"
2020-21,Vic,Primary health care,Public health,Non-government,Other source of funds,"72,86,258.26","74,59,306.80"
2020-21,Vic,Primary health care,Public health,State and local government,State and local government,"1,31,08,74,872.34","1,34,20,08,132.15"
2020-21,Vic,Primary health care,Unreferred medical services,Canadian Government,Department of Veterans' Affairs,"2,03,66,781.00","2,07,42,761.94"
2020-21,Vic,Primary health care,Unreferred medical services,Canadian Government,DoHAC and other,"2,69,64,99,283.45","2,74,62,99,197.06"
2020-21,Vic,Primary health care,Unreferred medical services,Non-government,Individuals,"19,69,67,306.50","20,06,03,421.29"
2020-21,Vic,Primary health care,Unreferred medical services,Non-government,Other source of funds,"25,33,43,293.46","25,80,20,137.10"
2020-21,Vic,Referred medical services,Referred medical services,Canadian Government,Department of Veterans' Affairs,"10,90,77,204.69","11,10,90,824.33"
2020-21,Vic,Referred medical services,Referred medical services,Canadian Government,DoHAC and other,"4,22,21,45,952.58","4,30,00,88,874.16"
2020-21,Vic,Referred medical services,Referred medical services,Canadian Government,Premium rebates,"15,83,24,020.52","16,12,46,760.96"
2020-21,Vic,Referred medical services,Referred medical services,Non-government,Health insurance funds,"45,81,01,125.81","46,65,57,901.24"
2020-21,Vic,Referred medical services,Referred medical services,Non-government,Individuals,"90,56,00,744.51","92,23,18,586.24"
2020-21,Vic,Research,Research,Canadian Government,DoHAC and other,"1,60,35,32,414.72","1,63,90,33,929.62"
2020-21,Vic,Research,Research,Non-government,Individuals,"2,15,772.24","2,20,549.34"
2020-21,Vic,Research,Research,Non-government,Other source of funds,"13,29,46,280.16","13,58,89,653.37"
2020-21,Vic,Research,Research,State and local government,State and local government,"10,52,39,080.86","10,75,69,028.64"
2020-21,WA,Capital expenditure,Capital expenditure,Canadian Government,DoHAC and other,"86,92,458.38","93,19,642.99"
2020-21,WA,Capital expenditure,Capital expenditure,Non-government,Other source of funds,"61,65,86,295.75","66,18,36,610.14"
2020-21,WA,Capital expenditure,Capital expenditure,State and local government,State and local government,"25,90,00,000.00","27,78,90,851.88"
2020-21,WA,Hospitals,Private hospitals,Canadian Government,Department of Veterans' Affairs,"6,89,42,514.00","7,04,35,198.43"
2020-21,WA,Hospitals,Private hospitals,Canadian Government,DoHAC and other,"9,47,55,757.73","9,98,29,743.36"
2020-21,WA,Hospitals,Private hospitals,Canadian Government,Premium rebates,"37,82,20,860.67","38,64,09,775.72"
2020-21,WA,Hospitals,Private hospitals,Non-government,Health insurance funds,"1,09,43,59,538.82","1,11,80,53,676.93"
2020-21,WA,Hospitals,Private hospitals,Non-government,Individuals,"39,34,26,339.90","40,19,44,471.00"
2020-21,WA,Hospitals,Private hospitals,Non-government,Other source of funds,"18,45,61,728.00","18,85,57,700.91"
2020-21,WA,Hospitals,Private hospitals,State and local government,State and local government,"97,88,61,402.30","1,00,00,54,873.39"
2020-21,WA,Hospitals,Public hospital services,Canadian Government,Department of Veterans' Affairs,"3,71,76,823.00","3,79,81,743.82"
2020-21,WA,Hospitals,Public hospital services,Canadian Government,DoHAC and other,"2,89,98,55,887.60","2,96,67,63,394.33"
2020-21,WA,Hospitals,Public hospital services,Canadian Government,Premium rebates,"2,33,18,931.16","2,38,23,812.75"
2020-21,WA,Hospitals,Public hospital services,Non-government,Health insurance funds,"6,74,71,938.78","6,89,32,783.57"
2020-21,WA,Hospitals,Public hospital services,Non-government,Individuals,"26,97,63,515.34","27,56,04,204.59"
2020-21,WA,Hospitals,Public hospital services,Non-government,Other source of funds,"5,12,92,349.48","5,24,02,887.62"
2020-21,WA,Hospitals,Public hospital services,State and local government,State and local government,"2,99,71,18,250.54","3,06,20,09,295.24"
2020-21,WA,Medical expenses tax rebate,Medical expenses tax rebate,Canadian Government,DoHAC and other,0,0
2020-21,WA,Medical expenses tax rebate,Medical expenses tax rebate,Non-government,Individuals,0,0
2020-21,WA,Other services,Administration,Canadian Government,DoHAC and other,"16,15,76,918.75","16,48,73,442.85"
2020-21,WA,Other services,Administration,Canadian Government,Premium rebates,"7,88,94,094.42","8,04,14,776.36"
2020-21,WA,Other services,Administration,Non-government,Health insurance funds,"22,82,75,364.40","23,26,75,367.01"
2020-21,WA,Other services,Administration,Non-government,Individuals,"1,14,55,909.79","1,16,76,722.20"
2020-21,WA,Other services,Administration,Non-government,Other source of funds,"21,78,206.08","22,20,190.95"
2020-21,WA,Other services,Administration,State and local government,State and local government,"50,08,36,416.43","51,04,90,027.32"
2020-21,WA,Other services,Aids and appliances,Canadian Government,Department of Veterans' Affairs,"1,46,02,864.00","1,52,35,552.34"
2020-21,WA,Other services,Aids and appliances,Canadian Government,DoHAC and other,"6,72,74,979.67","7,01,89,756.89"
2020-21,WA,Other services,Aids and appliances,Canadian Government,Premium rebates,"3,64,01,014.96","3,79,78,136.95"
2020-21,WA,Other services,Aids and appliances,Non-government,Health insurance funds,"10,53,24,169.27","10,98,87,477.81"
2020-21,WA,Other services,Aids and appliances,Non-government,Individuals,"65,80,39,075.69","68,65,49,486.52"
2020-21,WA,Other services,Aids and appliances,Non-government,Other source of funds,"3,82,37,984.84","3,98,94,695.97"
2020-21,WA,Other services,Patient transport services,Canadian Government,Department of Veterans' Affairs,"75,89,959.00","77,54,290.31"
2020-21,WA,Other services,Patient transport services,Canadian Government,DoHAC and other,"2,96,10,218.31","3,02,51,313.47"
2020-21,WA,Other services,Patient transport services,Canadian Government,Premium rebates,"1,26,26,336.37","1,28,99,711.02"
2020-21,WA,Other services,Patient transport services,Non-government,Health insurance funds,"3,65,33,552.44","3,73,24,545.72"
2020-21,WA,Other services,Patient transport services,Non-government,Individuals,"32,97,179.51","33,68,567.22"
2020-21,WA,Other services,Patient transport services,Non-government,Other source of funds,"2,02,29,682.14","2,06,67,677.94"
2020-21,WA,Other services,Patient transport services,State and local government,State and local government,"30,44,42,269.65","31,10,33,793.67"
2020-21,WA,Primary health care,All other medications,Canadian Government,DoHAC and other,"6,39,98,782.17","6,41,55,570.85"
2020-21,WA,Primary health care,All other medications,Canadian Government,Premium rebates,"26,08,890.25","26,15,075.70"
2020-21,WA,Primary health care,All other medications,Non-government,Health insurance funds,"75,48,668.60","75,66,565.83"
2020-21,WA,Primary health care,All other medications,Non-government,Individuals,"1,12,93,56,319.64","1,14,40,35,490.22"
2020-21,WA,Primary health care,All other medications,Non-government,Other source of funds,"1,35,58,825.81","1,35,90,972.60"
2020-21,WA,Primary health care,Benefit-paid pharmaceuticals,Canadian Government,Department of Veterans' Affairs,"3,13,25,077.98","3,35,40,525.04"
2020-21,WA,Primary health care,Benefit-paid pharmaceuticals,Canadian Government,DoHAC and other,"1,05,52,48,831.15","1,12,76,85,286.74"
2020-21,WA,Primary health care,Benefit-paid pharmaceuticals,Non-government,Individuals,"14,75,59,683.03","15,79,95,751.74"
2020-21,WA,Primary health care,Community health and other,Canadian Government,Department of Veterans' Affairs,"4,19,570.43","4,27,657.65"
2020-21,WA,Primary health care,Community health and other,Canadian Government,DoHAC and other,"17,44,13,253.42","17,76,42,589.17"
2020-21,WA,Primary health care,Community health and other,Canadian Government,Premium rebates,"10,249.64","10,447.20"
2020-21,WA,Primary health care,Community health and other,Non-government,Health insurance funds,"29,656.71","30,228.35"
2020-21,WA,Primary health care,Community health and other,Non-government,Individuals,"1,99,09,024.15","2,02,92,770.15"
2020-21,WA,Primary health care,Community health and other,Non-government,Other source of funds,"6,52,935.73","6,65,521.05"
2020-21,WA,Primary health care,Community health and other,State and local government,State and local government,"1,09,35,80,827.21","1,11,45,58,785.95"
2020-21,WA,Primary health care,Dental services,Canadian Government,Department of Veterans' Affairs,"92,62,368.00","93,79,354.36"
2020-21,WA,Primary health care,Dental services,Canadian Government,DoHAC and other,"1,73,68,690.39","1,75,88,062.04"
2020-21,WA,Primary health care,Dental services,Canadian Government,Premium rebates,"11,54,45,061.02","11,69,03,165.18"
2020-21,WA,Primary health care,Dental services,Non-government,Health insurance funds,"33,40,33,409.78","33,82,52,347.35"
2020-21,WA,Primary health care,Dental services,Non-government,Individuals,"1,07,79,50,295.73","1,09,15,65,116.50"
2020-21,WA,Primary health care,Dental services,Non-government,Other source of funds,"31,53,211.91","31,93,037.88"
2020-21,WA,Primary health care,Dental services,State and local government,State and local government,"9,65,73,315.70","9,77,93,064.32"
2020-21,WA,Primary health care,Other health practitioners,Canadian Government,Department of Veterans' Affairs,"2,55,40,421.00","2,68,05,590.92"
2020-21,WA,Primary health care,Other health practitioners,Canadian Government,DoHAC and other,"20,77,35,968.59","21,80,26,374.47"
2020-21,WA,Primary health care,Other health practitioners,Canadian Government,Premium rebates,"4,47,02,002.85","4,69,16,360.60"
2020-21,WA,Primary health care,Other health practitioners,Non-government,Health insurance funds,"12,93,42,583.42","13,57,49,695.73"
2020-21,WA,Primary health care,Other health practitioners,Non-government,Individuals,"-5,99,65,074.45","-6,29,35,503.49"
2020-21,WA,Primary health care,Other health practitioners,Non-government,Other source of funds,"3,43,63,067.01","3,60,65,275.39"
2020-21,WA,Primary health care,Public health,Canadian Government,DoHAC and other,"42,24,29,664.55","43,15,72,310.28"
2020-21,WA,Primary health care,Public health,State and local government,State and local government,"75,76,52,766.10","77,40,56,816.72"
2020-21,WA,Primary health care,Unreferred medical services,Canadian Government,Department of Veterans' Affairs,"97,33,055.00","97,77,516.11"
2020-21,WA,Primary health care,Unreferred medical services,Canadian Government,DoHAC and other,"1,02,26,01,523.22","1,02,73,29,127.58"
2020-21,WA,Primary health care,Unreferred medical services,Non-government,Individuals,"8,83,53,930.82","8,87,57,536.29"
2020-21,WA,Primary health care,Unreferred medical services,Non-government,Other source of funds,"13,86,26,448.13","13,92,59,701.14"
2020-21,WA,Referred medical services,Referred medical services,Canadian Government,Department of Veterans' Affairs,"6,01,75,288.47","6,04,50,172.39"
2020-21,WA,Referred medical services,Referred medical services,Canadian Government,DoHAC and other,"1,54,32,32,138.64","1,55,02,81,705.34"
2020-21,WA,Referred medical services,Referred medical services,Canadian Government,Premium rebates,"7,43,14,095.78","7,46,53,566.53"
2020-21,WA,Referred medical services,Referred medical services,Non-government,Health insurance funds,"21,50,23,411.03","21,60,05,649.44"
2020-21,WA,Referred medical services,Referred medical services,Non-government,Individuals,"32,33,78,506.75","32,48,55,717.01"
2020-21,WA,Research,Research,Canadian Government,DoHAC and other,"42,47,30,750.59","43,29,17,426.45"
2020-21,WA,Research,Research,Non-government,Individuals,"7,11,046.56","7,24,751.97"
2020-21,WA,Research,Research,Non-government,Other source of funds,"2,75,90,306.93","2,81,22,109.49"
2020-21,WA,Research,Research,State and local government,State and local government,"4,01,02,593.28","4,08,75,569.88"
2021-22,ACT,Capital expenditure,Capital expenditure,Canadian Government,DoHAC and other,"93,53,574.84","93,53,574.84"
2021-22,ACT,Capital expenditure,Capital expenditure,Non-government,Other source of funds,"11,51,98,407.13","11,51,98,407.13"
2021-22,ACT,Capital expenditure,Capital expenditure,State and local government,State and local government,"19,20,00,000.00","19,20,00,000.00"
2021-22,ACT,Hospitals,Private hospitals,Canadian Government,Department of Veterans' Affairs,"-58,64,983.88","-58,64,983.88"
2021-22,ACT,Hospitals,Private hospitals,Canadian Government,DoHAC and other,"2,63,44,381.80","2,63,44,381.80"
2021-22,ACT,Hospitals,Private hospitals,Canadian Government,Premium rebates,"4,49,41,571.52","4,49,41,571.52"
2021-22,ACT,Hospitals,Private hospitals,Non-government,Health insurance funds,"12,55,79,352.21","12,55,79,352.21"
2021-22,ACT,Hospitals,Private hospitals,Non-government,Individuals,"14,81,42,682.27","14,81,42,682.27"
2021-22,ACT,Hospitals,Private hospitals,Non-government,Other source of funds,"1,68,11,179.64","1,68,11,179.64"
2021-22,ACT,Hospitals,Private hospitals,State and local government,State and local government,"2,02,77,526.59","2,02,77,526.59"
2021-22,ACT,Hospitals,Public hospital services,Canadian Government,Department of Veterans' Affairs,"1,49,56,393.96","1,49,56,393.96"
2021-22,ACT,Hospitals,Public hospital services,Canadian Government,DoHAC and other,"52,27,07,305.89","52,27,07,305.89"
2021-22,ACT,Hospitals,Public hospital services,Canadian Government,Premium rebates,"18,57,340.44","18,57,340.44"
2021-22,ACT,Hospitals,Public hospital services,Non-government,Health insurance funds,"51,89,929.96","51,89,929.96"
2021-22,ACT,Hospitals,Public hospital services,Non-government,Individuals,"99,36,044.81","99,36,044.81"
2021-22,ACT,Hospitals,Public hospital services,Non-government,Other source of funds,"1,60,59,595.84","1,60,59,595.84"
2021-22,ACT,Hospitals,Public hospital services,State and local government,State and local government,"1,01,66,74,418.14","1,01,66,74,418.14"
2021-22,ACT,Medical expenses tax rebate,Medical expenses tax rebate,Canadian Government,DoHAC and other,0,0
2021-22,ACT,Medical expenses tax rebate,Medical expenses tax rebate,Non-government,Individuals,0,0
2021-22,ACT,Other services,Administration,Canadian Government,Department of Veterans' Affairs,"13,35,43,010.39","13,35,43,010.39"
2021-22,ACT,Other services,Administration,Canadian Government,DoHAC and other,"3,62,59,084.54","3,62,59,084.54"
2021-22,ACT,Other services,Administration,Canadian Government,Premium rebates,"1,00,87,558.00","1,00,87,558.00"
2021-22,ACT,Other services,Administration,Non-government,Health insurance funds,"2,81,87,465.56","2,81,87,465.56"
2021-22,ACT,Other services,Administration,State and local government,State and local government,0,0
2021-22,ACT,Other services,Aids and appliances,Canadian Government,Department of Veterans' Affairs,"3,98,466.09","3,98,466.09"
2021-22,ACT,Other services,Aids and appliances,Canadian Government,DoHAC and other,"1,10,64,539.16","1,10,64,539.16"
2021-22,ACT,Other services,Aids and appliances,Canadian Government,Premium rebates,"42,85,831.41","42,85,831.41"
2021-22,ACT,Other services,Aids and appliances,Non-government,Health insurance funds,"1,19,75,814.69","1,19,75,814.69"
2021-22,ACT,Other services,Aids and appliances,Non-government,Individuals,"2,68,69,008.03","2,68,69,008.03"
2021-22,ACT,Other services,Aids and appliances,Non-government,Other source of funds,"14,59,606.12","14,59,606.12"
2021-22,ACT,Other services,Patient transport services,Canadian Government,Department of Veterans' Affairs,"3,43,76,016.64","3,43,76,016.64"
2021-22,ACT,Other services,Patient transport services,Canadian Government,DoHAC and other,"8,16,865.87","8,16,865.87"
2021-22,ACT,Other services,Patient transport services,Canadian Government,Premium rebates,"75,78,261.49","75,78,261.49"
2021-22,ACT,Other services,Patient transport services,Non-government,Health insurance funds,"2,11,75,787.52","2,11,75,787.52"
2021-22,ACT,Other services,Patient transport services,Non-government,Individuals,"26,900.25","26,900.25"
2021-22,ACT,Other services,Patient transport services,Non-government,Other source of funds,"10,48,665.48","10,48,665.48"
2021-22,ACT,Other services,Patient transport services,State and local government,State and local government,"3,66,22,825.09","3,66,22,825.09"
2021-22,ACT,Primary health care,All other medications,Canadian Government,DoHAC and other,"94,66,700.69","94,66,700.69"
2021-22,ACT,Primary health care,All other medications,Canadian Government,Premium rebates,"2,57,077.74","2,57,077.74"
2021-22,ACT,Primary health care,All other medications,Non-government,Health insurance funds,"7,18,347.28","7,18,347.28"
2021-22,ACT,Primary health care,All other medications,Non-government,Individuals,"13,56,88,397.94","13,56,88,397.94"
2021-22,ACT,Primary health care,All other medications,Non-government,Other source of funds,"18,30,225.55","18,30,225.55"
2021-22,ACT,Primary health care,Benefit-paid pharmaceuticals,Canadian Government,Department of Veterans' Affairs,"87,72,441.19","87,72,441.19"
2021-22,ACT,Primary health care,Benefit-paid pharmaceuticals,Canadian Government,DoHAC and other,"18,29,20,945.62","18,29,20,945.62"
2021-22,ACT,Primary health care,Benefit-paid pharmaceuticals,Non-government,Individuals,"2,45,83,640.77","2,45,83,640.77"
2021-22,ACT,Primary health care,Community health and other,Canadian Government,Department of Veterans' Affairs,"7,11,201.18","7,11,201.18"
2021-22,ACT,Primary health care,Community health and other,Canadian Government,DoHAC and other,"7,82,03,671.86","7,82,03,671.86"
2021-22,ACT,Primary health care,Community health and other,Canadian Government,Premium rebates,"5,913.35","5,913.35"
2021-22,ACT,Primary health care,Community health and other,Non-government,Health insurance funds,"16,523.55","16,523.55"
2021-22,ACT,Primary health care,Community health and other,Non-government,Other source of funds,"12,468.33","12,468.33"
2021-22,ACT,Primary health care,Community health and other,State and local government,State and local government,"37,89,55,389.48","37,89,55,389.48"
2021-22,ACT,Primary health care,Dental services,Canadian Government,Department of Veterans' Affairs,"-95,952.90","-95,952.90"
2021-22,ACT,Primary health care,Dental services,Canadian Government,DoHAC and other,"1,02,17,982.17","1,02,17,982.17"
2021-22,ACT,Primary health care,Dental services,Canadian Government,Premium rebates,"1,35,46,595.97","1,35,46,595.97"
2021-22,ACT,Primary health care,Dental services,Non-government,Health insurance funds,"3,78,52,987.52","3,78,52,987.52"
2021-22,ACT,Primary health care,Dental services,Non-government,Individuals,"14,02,06,336.59","14,02,06,336.59"
2021-22,ACT,Primary health care,Dental services,Non-government,Other source of funds,"1,98,324.03","1,98,324.03"
2021-22,ACT,Primary health care,Dental services,State and local government,State and local government,"1,63,71,157.37","1,63,71,157.37"
2021-22,ACT,Primary health care,Other health practitioners,Canadian Government,Department of Veterans' Affairs,"1,57,65,363.57","1,57,65,363.57"
2021-22,ACT,Primary health care,Other health practitioners,Canadian Government,DoHAC and other,"4,78,27,747.49","4,78,27,747.49"
2021-22,ACT,Primary health care,Other health practitioners,Canadian Government,Premium rebates,"47,70,611.38","47,70,611.38"
2021-22,ACT,Primary health care,Other health practitioners,Non-government,Health insurance funds,"1,33,30,425.85","1,33,30,425.85"
2021-22,ACT,Primary health care,Other health practitioners,Non-government,Individuals,"-5,62,428.69","-5,62,428.69"
2021-22,ACT,Primary health care,Other health practitioners,Non-government,Other source of funds,"72,96,810.36","72,96,810.36"
2021-22,ACT,Primary health care,Other health practitioners,State and local government,State and local government,"26,10,515.02","26,10,515.02"
2021-22,ACT,Primary health care,Public health,Canadian Government,DoHAC and other,"15,99,35,562.09","15,99,35,562.09"
2021-22,ACT,Primary health care,Public health,State and local government,State and local government,"3,64,04,092.16","3,64,04,092.16"
2021-22,ACT,Primary health care,Unreferred medical services,Canadian Government,Department of Veterans' Affairs,"88,09,498.56","88,09,498.56"
2021-22,ACT,Primary health care,Unreferred medical services,Canadian Government,DoHAC and other,"16,17,33,627.80","16,17,33,627.80"
2021-22,ACT,Primary health care,Unreferred medical services,Non-government,Individuals,"3,70,46,765.17","3,70,46,765.17"
2021-22,ACT,Primary health care,Unreferred medical services,Non-government,Other source of funds,"1,67,76,778.74","1,67,76,778.74"
2021-22,ACT,Referred medical services,Referred medical services,Canadian Government,Department of Veterans' Affairs,"3,17,88,375.15","3,17,88,375.15"
2021-22,ACT,Referred medical services,Referred medical services,Canadian Government,DoHAC and other,"27,29,58,962.68","27,29,58,962.68"
2021-22,ACT,Referred medical services,Referred medical services,Canadian Government,Premium rebates,"68,50,557.35","68,50,557.35"
2021-22,ACT,Referred medical services,Referred medical services,Non-government,Health insurance funds,"1,91,42,378.08","1,91,42,378.08"
2021-22,ACT,Referred medical services,Referred medical services,Non-government,Individuals,"10,22,76,667.09","10,22,76,667.09"
2021-22,ACT,Research,Research,Canadian Government,Department of Veterans' Affairs,"43,16,465.52","43,16,465.52"
2021-22,ACT,Research,Research,Canadian Government,DoHAC and other,"14,07,10,637.08","14,07,10,637.08"
2021-22,ACT,Research,Research,Non-government,Individuals,"2,47,633.04","2,47,633.04"
2021-22,ACT,Research,Research,Non-government,Other source of funds,"54,97,379.63","54,97,379.63"
2021-22,ACT,Research,Research,State and local government,State and local government,"4,05,09,837.15","4,05,09,837.15"
2021-22,NSW,Capital expenditure,Capital expenditure,Canadian Government,DoHAC and other,"6,32,30,166.47","6,32,30,166.47"
2021-22,NSW,Capital expenditure,Capital expenditure,Non-government,Other source of funds,"2,06,22,42,390.68","2,06,22,42,390.68"
2021-22,NSW,Capital expenditure,Capital expenditure,State and local government,State and local government,"1,89,20,00,000.00","1,89,20,00,000.00"
2021-22,NSW,Hospitals,Private hospitals,Canadian Government,Department of Veterans' Affairs,"14,40,68,297.50","14,40,68,297.50"
2021-22,NSW,Hospitals,Private hospitals,Canadian Government,DoHAC and other,"38,24,21,237.57","38,24,21,237.57"
2021-22,NSW,Hospitals,Private hospitals,Canadian Government,Premium rebates,"95,69,92,845.95","95,69,92,845.95"
2021-22,NSW,Hospitals,Private hospitals,Non-government,Health insurance funds,"2,67,41,06,347.61","2,67,41,06,347.61"
2021-22,NSW,Hospitals,Private hospitals,Non-government,Individuals,"50,19,10,884.56","50,19,10,884.56"
2021-22,NSW,Hospitals,Private hospitals,Non-government,Other source of funds,"39,24,21,196.43","39,24,21,196.43"
2021-22,NSW,Hospitals,Private hospitals,State and local government,State and local government,0,0
2021-22,NSW,Hospitals,Public hospital services,Canadian Government,Department of Veterans' Affairs,"14,57,43,156.00","14,57,43,156.00"
2021-22,NSW,Hospitals,Public hospital services,Canadian Government,DoHAC and other,"8,60,52,39,856.91","8,60,52,39,856.91"
2021-22,NSW,Hospitals,Public hospital services,Canadian Government,Premium rebates,"12,72,58,407.32","12,72,58,407.32"
2021-22,NSW,Hospitals,Public hospital services,Non-government,Health insurance funds,"35,55,95,672.68","35,55,95,672.68"
2021-22,NSW,Hospitals,Public hospital services,Non-government,Individuals,"2,35,81,921.59","2,35,81,921.59"
2021-22,NSW,Hospitals,Public hospital services,Non-government,Other source of funds,"87,88,77,632.19","87,88,77,632.19"
2021-22,NSW,Hospitals,Public hospital services,State and local government,State and local government,"11,80,12,65,686.69","11,80,12,65,686.69"
2021-22,NSW,Medical expenses tax rebate,Medical expenses tax rebate,Canadian Government,DoHAC and other,0,0
2021-22,NSW,Medical expenses tax rebate,Medical expenses tax rebate,Non-government,Individuals,0,0
2021-22,NSW,Other services,Administration,Canadian Government,DoHAC and other,"69,27,70,182.04","69,27,70,182.04"
2021-22,NSW,Other services,Administration,Canadian Government,Premium rebates,"22,03,06,124.58","22,03,06,124.58"
2021-22,NSW,Other services,Administration,Non-government,Health insurance funds,"61,55,97,084.81","61,55,97,084.81"
2021-22,NSW,Other services,Administration,State and local government,State and local government,0,0
2021-22,NSW,Other services,Aids and appliances,Canadian Government,Department of Veterans' Affairs,"3,92,97,301.34","3,92,97,301.34"
2021-22,NSW,Other services,Aids and appliances,Canadian Government,DoHAC and other,"21,37,03,836.82","21,37,03,836.82"
2021-22,NSW,Other services,Aids and appliances,Canadian Government,Premium rebates,"8,82,14,170.73","8,82,14,170.73"
2021-22,NSW,Other services,Aids and appliances,Non-government,Health insurance funds,"24,64,95,127.82","24,64,95,127.82"
2021-22,NSW,Other services,Aids and appliances,Non-government,Individuals,"60,78,64,176.73","60,78,64,176.73"
2021-22,NSW,Other services,Aids and appliances,Non-government,Other source of funds,"18,65,277.74","18,65,277.74"
2021-22,NSW,Other services,Patient transport services,Canadian Government,Department of Veterans' Affairs,"2,45,06,301.96","2,45,06,301.96"
2021-22,NSW,Other services,Patient transport services,Canadian Government,DoHAC and other,"5,42,61,903.65","5,42,61,903.65"
2021-22,NSW,Other services,Patient transport services,Canadian Government,Premium rebates,"6,40,04,425.43","6,40,04,425.43"
2021-22,NSW,Other services,Patient transport services,Non-government,Health insurance funds,"17,88,46,311.17","17,88,46,311.17"
2021-22,NSW,Other services,Patient transport services,Non-government,Individuals,"7,09,62,228.72","7,09,62,228.72"
2021-22,NSW,Other services,Patient transport services,Non-government,Other source of funds,"9,31,01,982.79","9,31,01,982.79"
2021-22,NSW,Other services,Patient transport services,State and local government,State and local government,"81,53,05,318.23","81,53,05,318.23"
2021-22,NSW,Primary health care,All other medications,Canadian Government,DoHAC and other,"19,53,56,063.27","19,53,56,063.27"
2021-22,NSW,Primary health care,All other medications,Canadian Government,Premium rebates,"47,16,508.46","47,16,508.46"
2021-22,NSW,Primary health care,All other medications,Non-government,Health insurance funds,"1,31,79,247.12","1,31,79,247.12"
2021-22,NSW,Primary health care,All other medications,Non-government,Individuals,"3,92,93,86,312.20","3,92,93,86,312.20"
2021-22,NSW,Primary health care,All other medications,Non-government,Other source of funds,"2,65,68,985.71","2,65,68,985.71"
2021-22,NSW,Primary health care,Benefit-paid pharmaceuticals,Canadian Government,Department of Veterans' Affairs,"8,72,31,061.86","8,72,31,061.86"
2021-22,NSW,Primary health care,Benefit-paid pharmaceuticals,Canadian Government,DoHAC and other,"3,95,02,17,768.73","3,95,02,17,768.73"
2021-22,NSW,Primary health care,Benefit-paid pharmaceuticals,Non-government,Individuals,"49,88,34,395.31","49,88,34,395.31"
2021-22,NSW,Primary health care,Community health and other,Canadian Government,Department of Veterans' Affairs,"34,46,701.02","34,46,701.02"
2021-22,NSW,Primary health care,Community health and other,Canadian Government,DoHAC and other,"1,31,81,44,525.67","1,31,81,44,525.67"
2021-22,NSW,Primary health care,Community health and other,Canadian Government,Premium rebates,"90,329.82","90,329.82"
2021-22,NSW,Primary health care,Community health and other,Non-government,Health insurance funds,"2,52,406.84","2,52,406.84"
2021-22,NSW,Primary health care,Community health and other,Non-government,Individuals,"23,45,736.09","23,45,736.09"
2021-22,NSW,Primary health care,Community health and other,Non-government,Other source of funds,"21,74,64,755.03","21,74,64,755.03"
2021-22,NSW,Primary health care,Community health and other,State and local government,State and local government,"91,84,88,260.06","91,84,88,260.06"
2021-22,NSW,Primary health care,Dental services,Canadian Government,Department of Veterans' Affairs,"1,82,81,146.59","1,82,81,146.59"
2021-22,NSW,Primary health care,Dental services,Canadian Government,DoHAC and other,"19,51,18,767.76","19,51,18,767.76"
2021-22,NSW,Primary health care,Dental services,Canadian Government,Premium rebates,"22,77,27,343.49","22,77,27,343.49"
2021-22,NSW,Primary health care,Dental services,Non-government,Health insurance funds,"63,63,34,051.31","63,63,34,051.31"
2021-22,NSW,Primary health care,Dental services,Non-government,Individuals,"1,80,28,87,432.83","1,80,28,87,432.83"
2021-22,NSW,Primary health care,Dental services,Non-government,Other source of funds,"1,45,91,654.18","1,45,91,654.18"
2021-22,NSW,Primary health care,Dental services,State and local government,State and local government,"27,51,27,195.59","27,51,27,195.59"
2021-22,NSW,Primary health care,Other health practitioners,Canadian Government,Department of Veterans' Affairs,"5,93,18,996.92","5,93,18,996.92"
2021-22,NSW,Primary health care,Other health practitioners,Canadian Government,DoHAC and other,"68,29,80,414.09","68,29,80,414.09"
2021-22,NSW,Primary health care,Other health practitioners,Canadian Government,Premium rebates,"9,44,66,057.37","9,44,66,057.37"
2021-22,NSW,Primary health care,Other health practitioners,Non-government,Health insurance funds,"26,39,64,652.11","26,39,64,652.11"
2021-22,NSW,Primary health care,Other health practitioners,Non-government,Individuals,"34,57,31,055.32","34,57,31,055.32"
2021-22,NSW,Primary health care,Other health practitioners,Non-government,Other source of funds,"28,72,97,232.03","28,72,97,232.03"
2021-22,NSW,Primary health care,Public health,Canadian Government,DoHAC and other,"2,78,62,06,450.29","2,78,62,06,450.29"
2021-22,NSW,Primary health care,Public health,Non-government,Individuals,"49,87,900.19","49,87,900.19"
2021-22,NSW,Primary health care,Public health,Non-government,Other source of funds,"20,72,35,065.02","20,72,35,065.02"
2021-22,NSW,Primary health care,Public health,State and local government,State and local government,"2,43,68,37,131.98","2,43,68,37,131.98"
2021-22,NSW,Primary health care,Unreferred medical services,Canadian Government,Department of Veterans' Affairs,"3,38,70,940.57","3,38,70,940.57"
2021-22,NSW,Primary health care,Unreferred medical services,Canadian Government,DoHAC and other,"3,52,62,82,865.74","3,52,62,82,865.74"
2021-22,NSW,Primary health care,Unreferred medical services,Non-government,Individuals,"23,27,54,335.34","23,27,54,335.34"
2021-22,NSW,Primary health care,Unreferred medical services,Non-government,Other source of funds,"53,54,63,765.14","53,54,63,765.14"
2021-22,NSW,Referred medical services,Referred medical services,Canadian Government,Department of Veterans' Affairs,"15,28,35,117.27","15,28,35,117.27"
2021-22,NSW,Referred medical services,Referred medical services,Canadian Government,DoHAC and other,"6,55,55,04,556.65","6,55,55,04,556.65"
2021-22,NSW,Referred medical services,Referred medical services,Canadian Government,Premium rebates,"18,21,72,601.28","18,21,72,601.28"
2021-22,NSW,Referred medical services,Referred medical services,Non-government,Health insurance funds,"50,90,41,328.26","50,90,41,328.26"
2021-22,NSW,Referred medical services,Referred medical services,Non-government,Individuals,"1,50,17,66,139.71","1,50,17,66,139.71"
2021-22,NSW,Research,Research,Canadian Government,DoHAC and other,"1,95,33,08,037.09","1,95,33,08,037.09"
2021-22,NSW,Research,Research,Non-government,Individuals,"5,50,658.36","5,50,658.36"
2021-22,NSW,Research,Research,Non-government,Other source of funds,"16,22,64,244.53","16,22,64,244.53"
2021-22,NSW,Research,Research,State and local government,State and local government,"41,37,05,583.97","41,37,05,583.97"
2021-22,NT,Capital expenditure,Capital expenditure,Canadian Government,DoHAC and other,"46,76,787.42","46,76,787.42"
2021-22,NT,Capital expenditure,Capital expenditure,Non-government,Other source of funds,"6,31,66,044.22","6,31,66,044.22"
2021-22,NT,Capital expenditure,Capital expenditure,State and local government,State and local government,"6,40,00,000.00","6,40,00,000.00"
2021-22,NT,Hospitals,Private hospitals,Canadian Government,Department of Veterans' Affairs,"18,73,822.95","18,73,822.95"
2021-22,NT,Hospitals,Private hospitals,Canadian Government,DoHAC and other,"54,20,961.51","54,20,961.51"
2021-22,NT,Hospitals,Private hospitals,Canadian Government,Premium rebates,"1,35,54,533.59","1,35,54,533.59"
2021-22,NT,Hospitals,Private hospitals,Non-government,Health insurance funds,"3,78,75,167.46","3,78,75,167.46"
2021-22,NT,Hospitals,Private hospitals,Non-government,Individuals,"-22,30,061.27","-22,30,061.27"
2021-22,NT,Hospitals,Private hospitals,Non-government,Other source of funds,"96,45,963.76","96,45,963.76"
2021-22,NT,Hospitals,Private hospitals,State and local government,State and local government,0,0
2021-22,NT,Hospitals,Public hospital services,Canadian Government,Department of Veterans' Affairs,"1,04,97,079.51","1,04,97,079.51"
2021-22,NT,Hospitals,Public hospital services,Canadian Government,DoHAC and other,"39,98,79,160.69","39,98,79,160.69"
2021-22,NT,Hospitals,Public hospital services,Canadian Government,Premium rebates,"14,67,340.03","14,67,340.03"
2021-22,NT,Hospitals,Public hospital services,Non-government,Health insurance funds,"41,00,159.47","41,00,159.47"
2021-22,NT,Hospitals,Public hospital services,Non-government,Individuals,"1,01,71,052.11","1,01,71,052.11"
2021-22,NT,Hospitals,Public hospital services,Non-government,Other source of funds,"1,83,75,180.21","1,83,75,180.21"
2021-22,NT,Hospitals,Public hospital services,State and local government,State and local government,"72,71,70,456.63","72,71,70,456.63"
2021-22,NT,Medical expenses tax rebate,Medical expenses tax rebate,Canadian Government,DoHAC and other,0,0
2021-22,NT,Medical expenses tax rebate,Medical expenses tax rebate,Non-government,Individuals,0,0
2021-22,NT,Other services,Administration,Canadian Government,DoHAC and other,"2,87,92,287.52","2,87,92,287.52"
2021-22,NT,Other services,Administration,Canadian Government,Premium rebates,"35,27,122.03","35,27,122.03"
2021-22,NT,Other services,Administration,Non-government,Health insurance funds,"98,55,767.93","98,55,767.93"
2021-22,NT,Other services,Administration,Non-government,Individuals,"9,569.92","9,569.92"
2021-22,NT,Other services,Administration,Non-government,Other source of funds,"8,66,114.48","8,66,114.48"
2021-22,NT,Other services,Administration,State and local government,State and local government,"7,04,06,372.99","7,04,06,372.99"
2021-22,NT,Other services,Aids and appliances,Canadian Government,DoHAC and other,"52,55,063.93","52,55,063.93"
2021-22,NT,Other services,Aids and appliances,Canadian Government,Premium rebates,"20,74,225.28","20,74,225.28"
2021-22,NT,Other services,Aids and appliances,Non-government,Health insurance funds,"57,95,967.02","57,95,967.02"
2021-22,NT,Other services,Aids and appliances,Non-government,Individuals,"1,84,80,168.16","1,84,80,168.16"
2021-22,NT,Other services,Aids and appliances,Non-government,Other source of funds,"21,72,802.70","21,72,802.70"
2021-22,NT,Other services,Patient transport services,Canadian Government,DoHAC and other,"1,91,52,519.28","1,91,52,519.28"
2021-22,NT,Other services,Patient transport services,Canadian Government,Premium rebates,"3,69,020.60","3,69,020.60"
2021-22,NT,Other services,Patient transport services,Non-government,Health insurance funds,"10,31,147.02","10,31,147.02"
2021-22,NT,Other services,Patient transport services,Non-government,Individuals,"2,45,790.89","2,45,790.89"
2021-22,NT,Other services,Patient transport services,Non-government,Other source of funds,"52,85,857.11","52,85,857.11"
2021-22,NT,Other services,Patient transport services,State and local government,State and local government,"12,50,95,427.44","12,50,95,427.44"
2021-22,NT,Primary health care,All other medications,Canadian Government,DoHAC and other,"70,17,628.51","70,17,628.51"
2021-22,NT,Primary health care,All other medications,Canadian Government,Premium rebates,"70,140.50","70,140.50"
2021-22,NT,Primary health care,All other medications,Non-government,Health insurance funds,"1,95,992.22","1,95,992.22"
2021-22,NT,Primary health care,All other medications,Non-government,Individuals,"5,63,62,810.10","5,63,62,810.10"
2021-22,NT,Primary health care,All other medications,Non-government,Other source of funds,"2,08,831.41","2,08,831.41"
2021-22,NT,Primary health care,Benefit-paid pharmaceuticals,Canadian Government,Department of Veterans' Affairs,"14,77,143.91","14,77,143.91"
2021-22,NT,Primary health care,Benefit-paid pharmaceuticals,Canadian Government,DoHAC and other,"6,90,07,459.17","6,90,07,459.17"
2021-22,NT,Primary health care,Benefit-paid pharmaceuticals,Non-government,Individuals,"70,91,825.85","70,91,825.85"
2021-22,NT,Primary health care,Community health and other,Canadian Government,Department of Veterans' Affairs,"2,94,180.99","2,94,180.99"
2021-22,NT,Primary health care,Community health and other,Canadian Government,DoHAC and other,"17,89,00,737.37","17,89,00,737.37"
2021-22,NT,Primary health care,Community health and other,Canadian Government,Premium rebates,700.73,700.73
2021-22,NT,Primary health care,Community health and other,Non-government,Health insurance funds,"1,958.02","1,958.02"
2021-22,NT,Primary health care,Community health and other,Non-government,Individuals,"2,31,384.93","2,31,384.93"
2021-22,NT,Primary health care,Community health and other,Non-government,Other source of funds,"43,79,715.24","43,79,715.24"
2021-22,NT,Primary health care,Community health and other,State and local government,State and local government,"21,25,39,732.30","21,25,39,732.30"
2021-22,NT,Primary health care,Dental services,Canadian Government,Department of Veterans' Affairs,"2,79,519.25","2,79,519.25"
2021-22,NT,Primary health care,Dental services,Canadian Government,DoHAC and other,"55,84,272.96","55,84,272.96"
2021-22,NT,Primary health care,Dental services,Canadian Government,Premium rebates,"60,03,651.23","60,03,651.23"
2021-22,NT,Primary health care,Dental services,Non-government,Health insurance funds,"1,67,75,884.93","1,67,75,884.93"
2021-22,NT,Primary health care,Dental services,Non-government,Individuals,"9,64,12,415.52","9,64,12,415.52"
2021-22,NT,Primary health care,Dental services,Non-government,Other source of funds,"4,03,461.48","4,03,461.48"
2021-22,NT,Primary health care,Dental services,State and local government,State and local government,"1,43,34,273.93","1,43,34,273.93"
2021-22,NT,Primary health care,Other health practitioners,Canadian Government,Department of Veterans' Affairs,"8,44,234.18","8,44,234.18"
2021-22,NT,Primary health care,Other health practitioners,Canadian Government,DoHAC and other,"2,06,86,181.25","2,06,86,181.25"
2021-22,NT,Primary health care,Other health practitioners,Canadian Government,Premium rebates,"20,83,987.46","20,83,987.46"
2021-22,NT,Primary health care,Other health practitioners,Non-government,Health insurance funds,"58,23,245.31","58,23,245.31"
2021-22,NT,Primary health care,Other health practitioners,Non-government,Individuals,"2,95,11,293.14","2,95,11,293.14"
2021-22,NT,Primary health care,Other health practitioners,Non-government,Other source of funds,"90,43,503.55","90,43,503.55"
2021-22,NT,Primary health care,Other health practitioners,State and local government,State and local government,"26,91,750.75","26,91,750.75"
2021-22,NT,Primary health care,Public health,Canadian Government,DoHAC and other,"21,10,27,225.02","21,10,27,225.02"
2021-22,NT,Primary health care,Public health,Non-government,Individuals,"3,09,254.59","3,09,254.59"
2021-22,NT,Primary health care,Public health,Non-government,Other source of funds,"28,90,887.01","28,90,887.01"
2021-22,NT,Primary health care,Public health,State and local government,State and local government,"4,84,12,679.59","4,84,12,679.59"
2021-22,NT,Primary health care,Unreferred medical services,Canadian Government,Department of Veterans' Affairs,"5,28,161.55","5,28,161.55"
2021-22,NT,Primary health care,Unreferred medical services,Canadian Government,DoHAC and other,"31,18,33,923.35","31,18,33,923.35"
2021-22,NT,Primary health care,Unreferred medical services,Non-government,Individuals,"64,59,616.71","64,59,616.71"
2021-22,NT,Primary health care,Unreferred medical services,Non-government,Other source of funds,"1,38,63,458.22","1,38,63,458.22"
2021-22,NT,Referred medical services,Referred medical services,Canadian Government,Department of Veterans' Affairs,"25,58,412.89","25,58,412.89"
2021-22,NT,Referred medical services,Referred medical services,Canadian Government,DoHAC and other,"9,25,23,178.81","9,25,23,178.81"
2021-22,NT,Referred medical services,Referred medical services,Canadian Government,Premium rebates,"24,62,298.54","24,62,298.54"
2021-22,NT,Referred medical services,Referred medical services,Non-government,Health insurance funds,"68,80,352.55","68,80,352.55"
2021-22,NT,Referred medical services,Referred medical services,Non-government,Individuals,"1,59,01,268.41","1,59,01,268.41"
2021-22,NT,Research,Research,Canadian Government,DoHAC and other,"2,60,35,277.82","2,60,35,277.82"
2021-22,NT,Research,Research,Non-government,Individuals,"15,616.98","15,616.98"
2021-22,NT,Research,Research,Non-government,Other source of funds,"11,94,073.88","11,94,073.88"
2021-22,NT,Research,Research,State and local government,State and local government,"1,00,15,974.93","1,00,15,974.93"
2021-22,Qld,Capital expenditure,Capital expenditure,Canadian Government,DoHAC and other,"2,86,21,939.24","2,86,21,939.24"
2021-22,Qld,Capital expenditure,Capital expenditure,Non-government,Other source of funds,"1,33,94,82,290.81","1,33,94,82,290.81"
2021-22,Qld,Capital expenditure,Capital expenditure,State and local government,State and local government,"86,80,00,000.00","86,80,00,000.00"
2021-22,Qld,Hospitals,Private hospitals,Canadian Government,Department of Veterans' Affairs,"25,43,73,148.60","25,43,73,148.60"
2021-22,Qld,Hospitals,Private hospitals,Canadian Government,DoHAC and other,"22,47,86,830.99","22,47,86,830.99"
2021-22,Qld,Hospitals,Private hospitals,Canadian Government,Premium rebates,"71,70,60,551.74","71,70,60,551.74"
2021-22,Qld,Hospitals,Private hospitals,Non-government,Health insurance funds,"2,00,36,68,241.75","2,00,36,68,241.75"
2021-22,Qld,Hospitals,Private hospitals,Non-government,Individuals,"43,62,61,930.27","43,62,61,930.27"
2021-22,Qld,Hospitals,Private hospitals,Non-government,Other source of funds,"29,93,86,600.65","29,93,86,600.65"
2021-22,Qld,Hospitals,Private hospitals,State and local government,State and local government,"12,83,97,954.57","12,83,97,954.57"
2021-22,Qld,Hospitals,Public hospital services,Canadian Government,Department of Veterans' Affairs,"9,18,08,347.74","9,18,08,347.74"
2021-22,Qld,Hospitals,Public hospital services,Canadian Government,DoHAC and other,"6,46,75,59,275.80","6,46,75,59,275.80"
2021-22,Qld,Hospitals,Public hospital services,Canadian Government,Premium rebates,"4,19,55,629.39","4,19,55,629.39"
2021-22,Qld,Hospitals,Public hospital services,Non-government,Health insurance funds,"11,72,35,792.67","11,72,35,792.67"
2021-22,Qld,Hospitals,Public hospital services,Non-government,Individuals,"30,51,83,063.18","30,51,83,063.18"
2021-22,Qld,Hospitals,Public hospital services,Non-government,Other source of funds,"84,65,76,488.50","84,65,76,488.50"
2021-22,Qld,Hospitals,Public hospital services,State and local government,State and local government,"7,43,24,91,698.74","7,43,24,91,698.74"
2021-22,Qld,Medical expenses tax rebate,Medical expenses tax rebate,Canadian Government,DoHAC and other,0,0
2021-22,Qld,Medical expenses tax rebate,Medical expenses tax rebate,Non-government,Individuals,0,0
2021-22,Qld,Other services,Administration,Canadian Government,DoHAC and other,"42,79,51,268.10","42,79,51,268.10"
2021-22,Qld,Other services,Administration,Canadian Government,Premium rebates,"14,33,77,203.91","14,33,77,203.91"
2021-22,Qld,Other services,Administration,Non-government,Health insurance funds,"40,06,36,109.97","40,06,36,109.97"
2021-22,Qld,Other services,Administration,State and local government,State and local government,"64,43,99,526.06","64,43,99,526.06"
2021-22,Qld,Other services,Aids and appliances,Canadian Government,Department of Veterans' Affairs,"4,42,95,583.41","4,42,95,583.41"
2021-22,Qld,Other services,Aids and appliances,Canadian Government,DoHAC and other,"13,69,87,680.46","13,69,87,680.46"
2021-22,Qld,Other services,Aids and appliances,Canadian Government,Premium rebates,"5,49,98,690.67","5,49,98,690.67"
2021-22,Qld,Other services,Aids and appliances,Non-government,Health insurance funds,"15,36,81,763.08","15,36,81,763.08"
2021-22,Qld,Other services,Aids and appliances,Non-government,Individuals,"58,51,60,726.38","58,51,60,726.38"
2021-22,Qld,Other services,Aids and appliances,Non-government,Other source of funds,"1,81,66,455.75","1,81,66,455.75"
2021-22,Qld,Other services,Patient transport services,Canadian Government,Department of Veterans' Affairs,"3,16,39,994.02","3,16,39,994.02"
2021-22,Qld,Other services,Patient transport services,Canadian Government,DoHAC and other,"4,58,44,088.65","4,58,44,088.65"
2021-22,Qld,Other services,Patient transport services,Canadian Government,Premium rebates,"1,87,625.97","1,87,625.97"
2021-22,Qld,Other services,Patient transport services,Non-government,Health insurance funds,"5,24,279.57","5,24,279.57"
2021-22,Qld,Other services,Patient transport services,Non-government,Other source of funds,"24,10,986.56","24,10,986.56"
2021-22,Qld,Other services,Patient transport services,State and local government,State and local government,"1,21,23,04,494.75","1,21,23,04,494.75"
2021-22,Qld,Primary health care,All other medications,Canadian Government,DoHAC and other,"12,63,31,148.05","12,63,31,148.05"
2021-22,Qld,Primary health care,All other medications,Canadian Government,Premium rebates,"32,00,303.34","32,00,303.34"
2021-22,Qld,Primary health care,All other medications,Non-government,Health insurance funds,"89,42,544.90","89,42,544.90"
2021-22,Qld,Primary health care,All other medications,Non-government,Individuals,"2,29,46,38,979.59","2,29,46,38,979.59"
2021-22,Qld,Primary health care,All other medications,Non-government,Other source of funds,"1,49,07,360.74","1,49,07,360.74"
2021-22,Qld,Primary health care,Benefit-paid pharmaceuticals,Canadian Government,Department of Veterans' Affairs,"10,05,88,282.20","10,05,88,282.20"
2021-22,Qld,Primary health care,Benefit-paid pharmaceuticals,Canadian Government,DoHAC and other,"2,21,07,01,834.07","2,21,07,01,834.07"
2021-22,Qld,Primary health care,Benefit-paid pharmaceuticals,Non-government,Individuals,"31,93,53,050.53","31,93,53,050.53"
2021-22,Qld,Primary health care,Community health and other,Canadian Government,Department of Veterans' Affairs,"44,81,839.37","44,81,839.37"
2021-22,Qld,Primary health care,Community health and other,Canadian Government,DoHAC and other,"67,60,01,240.85","67,60,01,240.85"
2021-22,Qld,Primary health care,Community health and other,Canadian Government,Premium rebates,"55,807.42","55,807.42"
2021-22,Qld,Primary health care,Community health and other,Non-government,Health insurance funds,"1,55,941.57","1,55,941.57"
2021-22,Qld,Primary health care,Community health and other,Non-government,Individuals,"1,86,36,670.00","1,86,36,670.00"
2021-22,Qld,Primary health care,Community health and other,Non-government,Other source of funds,"3,13,98,417.68","3,13,98,417.68"
2021-22,Qld,Primary health care,Community health and other,State and local government,State and local government,"3,44,47,81,740.81","3,44,47,81,740.81"
2021-22,Qld,Primary health care,Dental services,Canadian Government,Department of Veterans' Affairs,"3,11,86,294.42","3,11,86,294.42"
2021-22,Qld,Primary health care,Dental services,Canadian Government,DoHAC and other,"7,87,57,474.15","7,87,57,474.15"
2021-22,Qld,Primary health care,Dental services,Canadian Government,Premium rebates,"16,15,55,727.30","16,15,55,727.30"
2021-22,Qld,Primary health care,Dental services,Non-government,Health insurance funds,"45,14,32,001.50","45,14,32,001.50"
2021-22,Qld,Primary health care,Dental services,Non-government,Individuals,"69,16,81,874.65","69,16,81,874.65"
2021-22,Qld,Primary health care,Dental services,Non-government,Other source of funds,"1,20,21,766.66","1,20,21,766.66"
2021-22,Qld,Primary health care,Dental services,State and local government,State and local government,"20,56,35,704.81","20,56,35,704.81"
2021-22,Qld,Primary health care,Other health practitioners,Canadian Government,Department of Veterans' Affairs,"8,18,24,159.07","8,18,24,159.07"
2021-22,Qld,Primary health care,Other health practitioners,Canadian Government,DoHAC and other,"46,43,52,047.96","46,43,52,047.96"
2021-22,Qld,Primary health care,Other health practitioners,Canadian Government,Premium rebates,"6,28,25,927.29","6,28,25,927.29"
2021-22,Qld,Primary health care,Other health practitioners,Non-government,Health insurance funds,"17,55,53,256.93","17,55,53,256.93"
2021-22,Qld,Primary health care,Other health practitioners,Non-government,Individuals,"34,32,73,414.37","34,32,73,414.37"
2021-22,Qld,Primary health care,Other health practitioners,Non-government,Other source of funds,"12,72,91,533.35","12,72,91,533.35"
2021-22,Qld,Primary health care,Public health,Canadian Government,DoHAC and other,"1,81,01,91,332.11","1,81,01,91,332.11"
2021-22,Qld,Primary health care,Public health,Non-government,Individuals,"1,15,87,147.00","1,15,87,147.00"
2021-22,Qld,Primary health care,Public health,State and local government,State and local government,"20,79,58,366.02","20,79,58,366.02"
2021-22,Qld,Primary health care,Unreferred medical services,Canadian Government,Department of Veterans' Affairs,"3,83,99,012.93","3,83,99,012.93"
2021-22,Qld,Primary health care,Unreferred medical services,Canadian Government,DoHAC and other,"2,40,79,99,977.17","2,40,79,99,977.17"
2021-22,Qld,Primary health care,Unreferred medical services,Non-government,Individuals,"20,92,01,209.57","20,92,01,209.57"
2021-22,Qld,Primary health care,Unreferred medical services,Non-government,Other source of funds,"20,42,25,634.65","20,42,25,634.65"
2021-22,Qld,Referred medical services,Referred medical services,Canadian Government,Department of Veterans' Affairs,"24,16,08,543.37","24,16,08,543.37"
2021-22,Qld,Referred medical services,Referred medical services,Canadian Government,DoHAC and other,"3,47,91,44,738.46","3,47,91,44,738.46"
2021-22,Qld,Referred medical services,Referred medical services,Canadian Government,Premium rebates,"13,26,34,295.78","13,26,34,295.78"
2021-22,Qld,Referred medical services,Referred medical services,Non-government,Health insurance funds,"37,06,17,412.39","37,06,17,412.39"
2021-22,Qld,Referred medical services,Referred medical services,Non-government,Individuals,"83,31,48,613.97","83,31,48,613.97"
2021-22,Qld,Research,Research,Canadian Government,DoHAC and other,"1,11,60,33,792.49","1,11,60,33,792.49"
2021-22,Qld,Research,Research,Non-government,Other source of funds,"8,07,21,039.49","8,07,21,039.49"
2021-22,Qld,Research,Research,State and local government,State and local government,"27,66,80,004.71","27,66,80,004.71"
2021-22,SA,Capital expenditure,Capital expenditure,Canadian Government,DoHAC and other,"1,68,36,434.93","1,68,36,434.93"
2021-22,SA,Capital expenditure,Capital expenditure,Non-government,Other source of funds,"45,96,92,097.95","45,96,92,097.95"
2021-22,SA,Capital expenditure,Capital expenditure,State and local government,State and local government,"24,70,00,000.00","24,70,00,000.00"
2021-22,SA,Hospitals,Private hospitals,Canadian Government,Department of Veterans' Affairs,"3,28,67,776.16","3,28,67,776.16"
2021-22,SA,Hospitals,Private hospitals,Canadian Government,DoHAC and other,"9,63,41,593.29","9,63,41,593.29"
2021-22,SA,Hospitals,Private hospitals,Canadian Government,Premium rebates,"22,14,95,586.59","22,14,95,586.59"
2021-22,SA,Hospitals,Private hospitals,Non-government,Health insurance funds,"61,89,20,775.19","61,89,20,775.19"
2021-22,SA,Hospitals,Private hospitals,Non-government,Individuals,"17,83,11,207.94","17,83,11,207.94"
2021-22,SA,Hospitals,Private hospitals,Non-government,Other source of funds,"6,12,10,874.47","6,12,10,874.47"
2021-22,SA,Hospitals,Private hospitals,State and local government,State and local government,"2,27,59,001.07","2,27,59,001.07"
2021-22,SA,Hospitals,Public hospital services,Canadian Government,Department of Veterans' Affairs,"3,67,24,476.43","3,67,24,476.43"
2021-22,SA,Hospitals,Public hospital services,Canadian Government,DoHAC and other,"1,94,59,89,137.20","1,94,59,89,137.20"
2021-22,SA,Hospitals,Public hospital services,Canadian Government,Premium rebates,"2,23,79,575.52","2,23,79,575.52"
2021-22,SA,Hospitals,Public hospital services,Non-government,Health insurance funds,"6,25,34,809.13","6,25,34,809.13"
2021-22,SA,Hospitals,Public hospital services,Non-government,Individuals,"5,49,53,069.47","5,49,53,069.47"
2021-22,SA,Hospitals,Public hospital services,Non-government,Other source of funds,"22,06,05,040.41","22,06,05,040.41"
2021-22,SA,Hospitals,Public hospital services,State and local government,State and local government,"3,24,16,75,594.21","3,24,16,75,594.21"
2021-22,SA,Medical expenses tax rebate,Medical expenses tax rebate,Canadian Government,DoHAC and other,0,0
2021-22,SA,Medical expenses tax rebate,Medical expenses tax rebate,Non-government,Individuals,0,0
2021-22,SA,Other services,Administration,Canadian Government,DoHAC and other,"14,60,50,166.28","14,60,50,166.28"
2021-22,SA,Other services,Administration,Canadian Government,Premium rebates,"5,34,22,421.38","5,34,22,421.38"
2021-22,SA,Other services,Administration,Non-government,Health insurance funds,"14,92,77,224.70","14,92,77,224.70"
2021-22,SA,Other services,Administration,State and local government,State and local government,0,0
2021-22,SA,Other services,Aids and appliances,Canadian Government,Department of Veterans' Affairs,"1,12,61,726.48","1,12,61,726.48"
2021-22,SA,Other services,Aids and appliances,Canadian Government,DoHAC and other,"5,04,16,397.44","5,04,16,397.44"
2021-22,SA,Other services,Aids and appliances,Canadian Government,Premium rebates,"2,22,99,596.94","2,22,99,596.94"
2021-22,SA,Other services,Aids and appliances,Non-government,Health insurance funds,"6,23,11,326.55","6,23,11,326.55"
2021-22,SA,Other services,Aids and appliances,Non-government,Individuals,"19,24,95,817.93","19,24,95,817.93"
2021-22,SA,Other services,Aids and appliances,Non-government,Other source of funds,"2,68,25,504.60","2,68,25,504.60"
2021-22,SA,Other services,Patient transport services,Canadian Government,Department of Veterans' Affairs,"54,38,661.73","54,38,661.73"
2021-22,SA,Other services,Patient transport services,Canadian Government,DoHAC and other,"1,66,27,028.80","1,66,27,028.80"
2021-22,SA,Other services,Patient transport services,Canadian Government,Premium rebates,"1,28,30,507.80","1,28,30,507.80"
2021-22,SA,Other services,Patient transport services,Non-government,Health insurance funds,"3,58,52,036.41","3,58,52,036.41"
2021-22,SA,Other services,Patient transport services,Non-government,Individuals,"12,46,37,197.13","12,46,37,197.13"
2021-22,SA,Other services,Patient transport services,Non-government,Other source of funds,"97,00,096.90","97,00,096.90"
2021-22,SA,Other services,Patient transport services,State and local government,State and local government,"24,99,91,405.20","24,99,91,405.20"
2021-22,SA,Primary health care,All other medications,Canadian Government,DoHAC and other,"4,53,36,425.76","4,53,36,425.76"
2021-22,SA,Primary health care,All other medications,Canadian Government,Premium rebates,"13,02,926.95","13,02,926.95"
2021-22,SA,Primary health care,All other medications,Non-government,Health insurance funds,"36,40,743.22","36,40,743.22"
2021-22,SA,Primary health care,All other medications,Non-government,Individuals,"87,46,16,644.45","87,46,16,644.45"
2021-22,SA,Primary health care,All other medications,Non-government,Other source of funds,"30,50,566.71","30,50,566.71"
2021-22,SA,Primary health care,Benefit-paid pharmaceuticals,Canadian Government,Department of Veterans' Affairs,"2,22,33,833.43","2,22,33,833.43"
2021-22,SA,Primary health care,Benefit-paid pharmaceuticals,Canadian Government,DoHAC and other,"85,47,79,357.19","85,47,79,357.19"
2021-22,SA,Primary health care,Benefit-paid pharmaceuticals,Non-government,Individuals,"12,08,74,506.39","12,08,74,506.39"
2021-22,SA,Primary health care,Community health and other,Canadian Government,Department of Veterans' Affairs,"10,03,118.76","10,03,118.76"
2021-22,SA,Primary health care,Community health and other,Canadian Government,DoHAC and other,"22,77,71,093.94","22,77,71,093.94"
2021-22,SA,Primary health care,Community health and other,Canadian Government,Premium rebates,"23,000.57","23,000.57"
2021-22,SA,Primary health care,Community health and other,Non-government,Health insurance funds,"64,270.03","64,270.03"
2021-22,SA,Primary health care,Community health and other,Non-government,Individuals,"3,13,29,246.70","3,13,29,246.70"
2021-22,SA,Primary health care,Community health and other,Non-government,Other source of funds,"10,20,15,903.42","10,20,15,903.42"
2021-22,SA,Primary health care,Community health and other,State and local government,State and local government,"83,58,86,556.57","83,58,86,556.57"
2021-22,SA,Primary health care,Dental services,Canadian Government,Department of Veterans' Affairs,"66,46,780.54","66,46,780.54"
2021-22,SA,Primary health care,Dental services,Canadian Government,DoHAC and other,"3,59,49,279.67","3,59,49,279.67"
2021-22,SA,Primary health care,Dental services,Canadian Government,Premium rebates,"6,95,38,302.05","6,95,38,302.05"
2021-22,SA,Primary health care,Dental services,Non-government,Health insurance funds,"19,43,09,514.13","19,43,09,514.13"
2021-22,SA,Primary health care,Dental services,Non-government,Individuals,"18,38,20,414.55","18,38,20,414.55"
2021-22,SA,Primary health care,Dental services,Non-government,Other source of funds,"39,62,060.72","39,62,060.72"
2021-22,SA,Primary health care,Dental services,State and local government,State and local government,"8,67,93,757.30","8,67,93,757.30"
2021-22,SA,Primary health care,Other health practitioners,Canadian Government,Department of Veterans' Affairs,"1,47,88,925.80","1,47,88,925.80"
2021-22,SA,Primary health care,Other health practitioners,Canadian Government,DoHAC and other,"15,83,74,750.53","15,83,74,750.53"
2021-22,SA,Primary health care,Other health practitioners,Canadian Government,Premium rebates,"3,02,33,781.69","3,02,33,781.69"
2021-22,SA,Primary health care,Other health practitioners,Non-government,Health insurance funds,"8,44,81,663.43","8,44,81,663.43"
2021-22,SA,Primary health care,Other health practitioners,Non-government,Individuals,"-4,70,33,251.68","-4,70,33,251.68"
2021-22,SA,Primary health care,Other health practitioners,Non-government,Other source of funds,"4,53,44,058.87","4,53,44,058.87"
2021-22,SA,Primary health care,Public health,Canadian Government,DoHAC and other,"63,48,22,226.21","63,48,22,226.21"
2021-22,SA,Primary health care,Public health,Non-government,Individuals,"2,46,65,861.01","2,46,65,861.01"
2021-22,SA,Primary health care,Public health,Non-government,Other source of funds,"2,25,12,556.29","2,25,12,556.29"
2021-22,SA,Primary health care,Public health,State and local government,State and local government,"51,66,29,345.31","51,66,29,345.31"
2021-22,SA,Primary health care,Unreferred medical services,Canadian Government,Department of Veterans' Affairs,"64,12,349.45","64,12,349.45"
2021-22,SA,Primary health care,Unreferred medical services,Canadian Government,DoHAC and other,"76,31,55,788.17","76,31,55,788.17"
2021-22,SA,Primary health care,Unreferred medical services,Non-government,Individuals,"5,81,61,731.08","5,81,61,731.08"
2021-22,SA,Primary health care,Unreferred medical services,Non-government,Other source of funds,"8,43,58,327.21","8,43,58,327.21"
2021-22,SA,Referred medical services,Referred medical services,Canadian Government,Department of Veterans' Affairs,"4,29,45,472.72","4,29,45,472.72"
2021-22,SA,Referred medical services,Referred medical services,Canadian Government,DoHAC and other,"1,16,77,07,560.06","1,16,77,07,560.06"
2021-22,SA,Referred medical services,Referred medical services,Canadian Government,Premium rebates,"5,18,03,194.07","5,18,03,194.07"
2021-22,SA,Referred medical services,Referred medical services,Non-government,Health insurance funds,"14,47,52,649.59","14,47,52,649.59"
2021-22,SA,Referred medical services,Referred medical services,Non-government,Individuals,"22,29,19,391.28","22,29,19,391.28"
2021-22,SA,Research,Research,Canadian Government,DoHAC and other,"39,87,47,675.59","39,87,47,675.59"
2021-22,SA,Research,Research,Non-government,Individuals,"4,38,396.84","4,38,396.84"
2021-22,SA,Research,Research,Non-government,Other source of funds,"2,94,55,605.85","2,94,55,605.85"
2021-22,SA,Research,Research,State and local government,State and local government,"4,39,65,778.74","4,39,65,778.74"
2021-22,Tas,Capital expenditure,Capital expenditure,Canadian Government,DoHAC and other,"1,15,98,432.98","1,15,98,432.98"
2021-22,Tas,Capital expenditure,Capital expenditure,Non-government,Other source of funds,"14,47,79,861.40","14,47,79,861.40"
2021-22,Tas,Capital expenditure,Capital expenditure,State and local government,State and local government,"9,60,00,000.00","9,60,00,000.00"
2021-22,Tas,Hospitals,Private hospitals,Canadian Government,Department of Veterans' Affairs,"1,24,89,602.25","1,24,89,602.25"
2021-22,Tas,Hospitals,Private hospitals,Canadian Government,DoHAC and other,"1,87,83,644.03","1,87,83,644.03"
2021-22,Tas,Hospitals,Private hospitals,Canadian Government,Premium rebates,"7,35,18,668.80","7,35,18,668.80"
2021-22,Tas,Hospitals,Private hospitals,Non-government,Health insurance funds,"20,54,31,774.90","20,54,31,774.90"
2021-22,Tas,Hospitals,Private hospitals,Non-government,Individuals,"7,02,84,297.38","7,02,84,297.38"
2021-22,Tas,Hospitals,Private hospitals,Non-government,Other source of funds,"3,05,79,223.89","3,05,79,223.89"
2021-22,Tas,Hospitals,Private hospitals,State and local government,State and local government,"7,27,94,114.18","7,27,94,114.18"
2021-22,Tas,Hospitals,Public hospital services,Canadian Government,Department of Veterans' Affairs,"1,46,17,919.13","1,46,17,919.13"
2021-22,Tas,Hospitals,Public hospital services,Canadian Government,DoHAC and other,"74,76,40,002.88","74,76,40,002.88"
2021-22,Tas,Hospitals,Public hospital services,Canadian Government,Premium rebates,"59,94,862.04","59,94,862.04"
2021-22,Tas,Hospitals,Public hospital services,Non-government,Health insurance funds,"1,67,51,325.47","1,67,51,325.47"
2021-22,Tas,Hospitals,Public hospital services,Non-government,Individuals,"3,10,23,316.34","3,10,23,316.34"
2021-22,Tas,Hospitals,Public hospital services,Non-government,Other source of funds,"3,02,14,140.68","3,02,14,140.68"
2021-22,Tas,Hospitals,Public hospital services,State and local government,State and local government,"1,04,99,55,430.93","1,04,99,55,430.93"
2021-22,Tas,Medical expenses tax rebate,Medical expenses tax rebate,Canadian Government,DoHAC and other,0,0
2021-22,Tas,Medical expenses tax rebate,Medical expenses tax rebate,Non-government,Individuals,0,0
2021-22,Tas,Other services,Administration,Canadian Government,DoHAC and other,"4,47,54,003.90","4,47,54,003.90"
2021-22,Tas,Other services,Administration,Canadian Government,Premium rebates,"1,54,06,780.86","1,54,06,780.86"
2021-22,Tas,Other services,Administration,Non-government,Health insurance funds,"4,30,50,865.69","4,30,50,865.69"
2021-22,Tas,Other services,Administration,Non-government,Individuals,"8,91,226.19","8,91,226.19"
2021-22,Tas,Other services,Administration,Non-government,Other source of funds,"4,95,744.57","4,95,744.57"
2021-22,Tas,Other services,Administration,State and local government,State and local government,"28,77,71,671.59","28,77,71,671.59"
2021-22,Tas,Other services,Aids and appliances,Canadian Government,Department of Veterans' Affairs,"29,94,817.91","29,94,817.91"
2021-22,Tas,Other services,Aids and appliances,Canadian Government,DoHAC and other,"1,62,65,048.07","1,62,65,048.07"
2021-22,Tas,Other services,Aids and appliances,Canadian Government,Premium rebates,"66,54,118.02","66,54,118.02"
2021-22,Tas,Other services,Aids and appliances,Non-government,Health insurance funds,"1,85,93,471.54","1,85,93,471.54"
2021-22,Tas,Other services,Aids and appliances,Non-government,Individuals,"5,94,12,961.77","5,94,12,961.77"
2021-22,Tas,Other services,Aids and appliances,Non-government,Other source of funds,"53,71,558.62","53,71,558.62"
2021-22,Tas,Other services,Patient transport services,Canadian Government,Department of Veterans' Affairs,"33,53,884.15","33,53,884.15"
2021-22,Tas,Other services,Patient transport services,Canadian Government,DoHAC and other,"81,80,692.02","81,80,692.02"
2021-22,Tas,Other services,Patient transport services,Canadian Government,Premium rebates,"41,741.99","41,741.99"
2021-22,Tas,Other services,Patient transport services,Non-government,Health insurance funds,"1,16,638.82","1,16,638.82"
2021-22,Tas,Other services,Patient transport services,Non-government,Individuals,"39,78,588.68","39,78,588.68"
2021-22,Tas,Other services,Patient transport services,Non-government,Other source of funds,"13,81,727.16","13,81,727.16"
2021-22,Tas,Other services,Patient transport services,State and local government,State and local government,"15,49,83,128.87","15,49,83,128.87"
2021-22,Tas,Primary health care,All other medications,Canadian Government,DoHAC and other,"1,61,61,573.67","1,61,61,573.67"
2021-22,Tas,Primary health care,All other medications,Canadian Government,Premium rebates,"4,93,150.63","4,93,150.63"
2021-22,Tas,Primary health care,All other medications,Non-government,Health insurance funds,"13,78,001.13","13,78,001.13"
2021-22,Tas,Primary health care,All other medications,Non-government,Individuals,"35,66,49,012.67","35,66,49,012.67"
2021-22,Tas,Primary health care,All other medications,Non-government,Other source of funds,"81,67,866.52","81,67,866.52"
2021-22,Tas,Primary health care,Benefit-paid pharmaceuticals,Canadian Government,Department of Veterans' Affairs,"94,31,098.62","94,31,098.62"
2021-22,Tas,Primary health care,Benefit-paid pharmaceuticals,Canadian Government,DoHAC and other,"29,61,98,546.70","29,61,98,546.70"
2021-22,Tas,Primary health care,Benefit-paid pharmaceuticals,Non-government,Individuals,"4,09,82,632.02","4,09,82,632.02"
2021-22,Tas,Primary health care,Community health and other,Canadian Government,Department of Veterans' Affairs,"3,49,005.75","3,49,005.75"
2021-22,Tas,Primary health care,Community health and other,Canadian Government,DoHAC and other,"3,33,30,574.52","3,33,30,574.52"
2021-22,Tas,Primary health care,Community health and other,Canadian Government,Premium rebates,"25,865.88","25,865.88"
2021-22,Tas,Primary health care,Community health and other,Non-government,Health insurance funds,"72,276.52","72,276.52"
2021-22,Tas,Primary health care,Community health and other,Non-government,Individuals,"11,60,931.77","11,60,931.77"
2021-22,Tas,Primary health care,Community health and other,Non-government,Other source of funds,"12,32,917.08","12,32,917.08"
2021-22,Tas,Primary health care,Community health and other,State and local government,State and local government,"19,20,66,324.62","19,20,66,324.62"
2021-22,Tas,Primary health care,Dental services,Canadian Government,Department of Veterans' Affairs,"17,41,706.11","17,41,706.11"
2021-22,Tas,Primary health care,Dental services,Canadian Government,DoHAC and other,"55,06,075.84","55,06,075.84"
2021-22,Tas,Primary health care,Dental services,Canadian Government,Premium rebates,"1,57,18,600.95","1,57,18,600.95"
2021-22,Tas,Primary health care,Dental services,Non-government,Health insurance funds,"4,39,22,178.48","4,39,22,178.48"
2021-22,Tas,Primary health care,Dental services,Non-government,Individuals,"10,52,27,562.81","10,52,27,562.81"
2021-22,Tas,Primary health care,Dental services,Non-government,Other source of funds,"12,33,122.56","12,33,122.56"
2021-22,Tas,Primary health care,Dental services,State and local government,State and local government,"2,61,00,000.00","2,61,00,000.00"
2021-22,Tas,Primary health care,Other health practitioners,Canadian Government,Department of Veterans' Affairs,"37,05,763.43","37,05,763.43"
2021-22,Tas,Primary health care,Other health practitioners,Canadian Government,DoHAC and other,"4,32,54,097.51","4,32,54,097.51"
2021-22,Tas,Primary health care,Other health practitioners,Canadian Government,Premium rebates,"58,26,104.79","58,26,104.79"
2021-22,Tas,Primary health care,Other health practitioners,Non-government,Health insurance funds,"1,62,79,770.39","1,62,79,770.39"
2021-22,Tas,Primary health care,Other health practitioners,Non-government,Individuals,"2,80,02,936.24","2,80,02,936.24"
2021-22,Tas,Primary health care,Other health practitioners,Non-government,Other source of funds,"37,82,981.38","37,82,981.38"
2021-22,Tas,Primary health care,Other health practitioners,State and local government,State and local government,"32,38,370.12","32,38,370.12"
2021-22,Tas,Primary health care,Public health,Canadian Government,DoHAC and other,"27,06,58,302.55","27,06,58,302.55"
2021-22,Tas,Primary health care,Public health,Non-government,Individuals,"-26,77,998.70","-26,77,998.70"
2021-22,Tas,Primary health care,Public health,Non-government,Other source of funds,"13,88,591.92","13,88,591.92"
2021-22,Tas,Primary health care,Public health,State and local government,State and local government,"21,39,43,285.61","21,39,43,285.61"
2021-22,Tas,Primary health care,Unreferred medical services,Canadian Government,Department of Veterans' Affairs,"28,16,289.50","28,16,289.50"
2021-22,Tas,Primary health care,Unreferred medical services,Canadian Government,DoHAC and other,"24,64,91,318.37","24,64,91,318.37"
2021-22,Tas,Primary health care,Unreferred medical services,Non-government,Individuals,"3,30,83,800.62","3,30,83,800.62"
2021-22,Tas,Primary health care,Unreferred medical services,Non-government,Other source of funds,"2,03,39,661.30","2,03,39,661.30"
2021-22,Tas,Referred medical services,Referred medical services,Canadian Government,Department of Veterans' Affairs,"1,47,13,622.88","1,47,13,622.88"
2021-22,Tas,Referred medical services,Referred medical services,Canadian Government,DoHAC and other,"31,44,89,983.82","31,44,89,983.82"
2021-22,Tas,Referred medical services,Referred medical services,Canadian Government,Premium rebates,"1,50,05,479.39","1,50,05,479.39"
2021-22,Tas,Referred medical services,Referred medical services,Non-government,Health insurance funds,"4,19,29,516.86","4,19,29,516.86"
2021-22,Tas,Referred medical services,Referred medical services,Non-government,Individuals,"6,55,22,480.07","6,55,22,480.07"
2021-22,Tas,Research,Research,Canadian Government,DoHAC and other,"8,17,82,618.16","8,17,82,618.16"
2021-22,Tas,Research,Research,Non-government,Individuals,"-9,680.57","-9,680.57"
2021-22,Tas,Research,Research,Non-government,Other source of funds,"26,68,143.54","26,68,143.54"
2021-22,Tas,Research,Research,State and local government,State and local government,"67,28,911.25","67,28,911.25"
2021-22,Vic,Capital expenditure,Capital expenditure,Canadian Government,DoHAC and other,"4,34,00,587.73","4,34,00,587.73"
2021-22,Vic,Capital expenditure,Capital expenditure,Non-government,Other source of funds,"1,67,16,58,543.18","1,67,16,58,543.18"
2021-22,Vic,Capital expenditure,Capital expenditure,State and local government,State and local government,"1,22,90,00,000.00","1,22,90,00,000.00"
2021-22,Vic,Hospitals,Private hospitals,Canadian Government,Department of Veterans' Affairs,"10,67,79,757.20","10,67,79,757.20"
2021-22,Vic,Hospitals,Private hospitals,Canadian Government,DoHAC and other,"41,18,31,893.76","41,18,31,893.76"
2021-22,Vic,Hospitals,Private hospitals,Canadian Government,Premium rebates,"77,57,08,280.75","77,57,08,280.75"
2021-22,Vic,Hospitals,Private hospitals,Non-government,Health insurance funds,"2,16,75,46,441.16","2,16,75,46,441.16"
2021-22,Vic,Hospitals,Private hospitals,Non-government,Individuals,"59,71,09,632.25","59,71,09,632.25"
2021-22,Vic,Hospitals,Private hospitals,Non-government,Other source of funds,"40,20,27,769.87","40,20,27,769.87"
2021-22,Vic,Hospitals,Private hospitals,State and local government,State and local government,"-7,000.04","-7,000.04"
2021-22,Vic,Hospitals,Public hospital services,Canadian Government,Department of Veterans' Affairs,"6,62,15,725.53","6,62,15,725.53"
2021-22,Vic,Hospitals,Public hospital services,Canadian Government,DoHAC and other,"7,47,45,42,634.05","7,47,45,42,634.05"
2021-22,Vic,Hospitals,Public hospital services,Canadian Government,Premium rebates,"4,83,17,389.49","4,83,17,389.49"
2021-22,Vic,Hospitals,Public hospital services,Non-government,Health insurance funds,"13,50,12,334.18","13,50,12,334.18"
2021-22,Vic,Hospitals,Public hospital services,Non-government,Individuals,"59,83,48,053.72","59,83,48,053.72"
2021-22,Vic,Hospitals,Public hospital services,Non-government,Other source of funds,"63,91,77,690.44","63,91,77,690.44"
2021-22,Vic,Hospitals,Public hospital services,State and local government,State and local government,"13,55,23,59,471.01","13,55,23,59,471.01"
2021-22,Vic,Medical expenses tax rebate,Medical expenses tax rebate,Canadian Government,DoHAC and other,0,0
2021-22,Vic,Medical expenses tax rebate,Medical expenses tax rebate,Non-government,Individuals,0,0
2021-22,Vic,Other services,Administration,Canadian Government,DoHAC and other,"52,20,35,476.37","52,20,35,476.37"
2021-22,Vic,Other services,Administration,Canadian Government,Premium rebates,"16,14,15,705.54","16,14,15,705.54"
2021-22,Vic,Other services,Administration,Non-government,Health insurance funds,"45,10,40,741.43","45,10,40,741.43"
2021-22,Vic,Other services,Administration,State and local government,State and local government,"-4,00,000.00","-4,00,000.00"
2021-22,Vic,Other services,Aids and appliances,Canadian Government,Department of Veterans' Affairs,"2,18,96,803.79","2,18,96,803.79"
2021-22,Vic,Other services,Aids and appliances,Canadian Government,DoHAC and other,"16,95,16,685.34","16,95,16,685.34"
2021-22,Vic,Other services,Aids and appliances,Canadian Government,Premium rebates,"5,56,10,363.62","5,56,10,363.62"
2021-22,Vic,Other services,Aids and appliances,Non-government,Health insurance funds,"15,53,90,948.84","15,53,90,948.84"
2021-22,Vic,Other services,Aids and appliances,Non-government,Individuals,"1,00,60,18,360.64","1,00,60,18,360.64"
2021-22,Vic,Other services,Aids and appliances,Non-government,Other source of funds,"3,87,35,111.59","3,87,35,111.59"
2021-22,Vic,Other services,Patient transport services,Canadian Government,Department of Veterans' Affairs,"1,69,69,514.28","1,69,69,514.28"
2021-22,Vic,Other services,Patient transport services,Canadian Government,DoHAC and other,"5,80,81,497.14","5,80,81,497.14"
2021-22,Vic,Other services,Patient transport services,Canadian Government,Premium rebates,"1,48,39,297.22","1,48,39,297.22"
2021-22,Vic,Other services,Patient transport services,Non-government,Health insurance funds,"4,14,65,157.28","4,14,65,157.28"
2021-22,Vic,Other services,Patient transport services,Non-government,Individuals,"32,16,74,654.70","32,16,74,654.70"
2021-22,Vic,Other services,Patient transport services,Non-government,Other source of funds,"82,47,298.83","82,47,298.83"
2021-22,Vic,Other services,Patient transport services,State and local government,State and local government,"1,03,23,88,427.33","1,03,23,88,427.33"
2021-22,Vic,Primary health care,All other medications,Canadian Government,DoHAC and other,"15,16,56,789.40","15,16,56,789.40"
2021-22,Vic,Primary health care,All other medications,Canadian Government,Premium rebates,"23,80,383.66","23,80,383.66"
2021-22,Vic,Primary health care,All other medications,Non-government,Health insurance funds,"66,51,459.38","66,51,459.38"
2021-22,Vic,Primary health care,All other medications,Non-government,Individuals,"2,99,86,72,415.47","2,99,86,72,415.47"
2021-22,Vic,Primary health care,All other medications,Non-government,Other source of funds,"3,09,61,489.12","3,09,61,489.12"
2021-22,Vic,Primary health care,Benefit-paid pharmaceuticals,Canadian Government,Department of Veterans' Affairs,"5,09,16,431.11","5,09,16,431.11"
2021-22,Vic,Primary health care,Benefit-paid pharmaceuticals,Canadian Government,DoHAC and other,"2,77,51,65,290.55","2,77,51,65,290.55"
2021-22,Vic,Primary health care,Benefit-paid pharmaceuticals,Non-government,Individuals,"39,80,49,507.98","39,80,49,507.98"
2021-22,Vic,Primary health care,Community health and other,Canadian Government,Department of Veterans' Affairs,"20,72,512.36","20,72,512.36"
2021-22,Vic,Primary health care,Community health and other,Canadian Government,DoHAC and other,"1,10,50,12,670.11","1,10,50,12,670.11"
2021-22,Vic,Primary health care,Community health and other,Canadian Government,Premium rebates,"2,24,197.18","2,24,197.18"
2021-22,Vic,Primary health care,Community health and other,Non-government,Health insurance funds,"6,26,469.78","6,26,469.78"
2021-22,Vic,Primary health care,Community health and other,Non-government,Individuals,"1,14,71,693.76","1,14,71,693.76"
2021-22,Vic,Primary health care,Community health and other,Non-government,Other source of funds,"2,48,10,453.86","2,48,10,453.86"
2021-22,Vic,Primary health care,Community health and other,State and local government,State and local government,"62,60,71,303.09","62,60,71,303.09"
2021-22,Vic,Primary health care,Dental services,Canadian Government,Department of Veterans' Affairs,"1,03,23,758.26","1,03,23,758.26"
2021-22,Vic,Primary health care,Dental services,Canadian Government,DoHAC and other,"10,35,99,680.96","10,35,99,680.96"
2021-22,Vic,Primary health care,Dental services,Canadian Government,Premium rebates,"15,73,72,900.74","15,73,72,900.74"
2021-22,Vic,Primary health care,Dental services,Non-government,Health insurance funds,"43,97,44,011.26","43,97,44,011.26"
2021-22,Vic,Primary health care,Dental services,Non-government,Individuals,"2,51,64,02,845.08","2,51,64,02,845.08"
2021-22,Vic,Primary health care,Dental services,Non-government,Other source of funds,"94,31,898.58","94,31,898.58"
2021-22,Vic,Primary health care,Dental services,State and local government,State and local government,"23,24,81,459.23","23,24,81,459.23"
2021-22,Vic,Primary health care,Other health practitioners,Canadian Government,Department of Veterans' Affairs,"2,76,39,852.12","2,76,39,852.12"
2021-22,Vic,Primary health care,Other health practitioners,Canadian Government,DoHAC and other,"58,72,90,169.21","58,72,90,169.21"
2021-22,Vic,Primary health care,Other health practitioners,Canadian Government,Premium rebates,"7,03,37,154.42","7,03,37,154.42"
2021-22,Vic,Primary health care,Other health practitioners,Non-government,Health insurance funds,"19,65,41,731.65","19,65,41,731.65"
2021-22,Vic,Primary health care,Other health practitioners,Non-government,Individuals,"55,52,38,942.44","55,52,38,942.44"
2021-22,Vic,Primary health care,Other health practitioners,Non-government,Other source of funds,"18,85,71,617.28","18,85,71,617.28"
2021-22,Vic,Primary health care,Public health,Canadian Government,DoHAC and other,"2,28,26,90,109.33","2,28,26,90,109.33"
2021-22,Vic,Primary health care,Public health,Non-government,Individuals,"3,56,58,970.63","3,56,58,970.63"
2021-22,Vic,Primary health care,Public health,Non-government,Other source of funds,"2,86,14,864.95","2,86,14,864.95"
2021-22,Vic,Primary health care,Public health,State and local government,State and local government,"2,25,03,80,636.13","2,25,03,80,636.13"
2021-22,Vic,Primary health care,Unreferred medical services,Canadian Government,Department of Veterans' Affairs,"1,48,80,183.91","1,48,80,183.91"
2021-22,Vic,Primary health care,Unreferred medical services,Canadian Government,DoHAC and other,"2,79,00,82,537.24","2,79,00,82,537.24"
2021-22,Vic,Primary health care,Unreferred medical services,Non-government,Individuals,"24,79,68,670.67","24,79,68,670.67"
2021-22,Vic,Primary health care,Unreferred medical services,Non-government,Other source of funds,"25,78,51,473.92","25,78,51,473.92"
2021-22,Vic,Referred medical services,Referred medical services,Canadian Government,Department of Veterans' Affairs,"10,30,87,875.71","10,30,87,875.71"
2021-22,Vic,Referred medical services,Referred medical services,Canadian Government,DoHAC and other,"4,54,20,74,293.81","4,54,20,74,293.81"
2021-22,Vic,Referred medical services,Referred medical services,Canadian Government,Premium rebates,"15,58,47,286.45","15,58,47,286.45"
2021-22,Vic,Referred medical services,Referred medical services,Non-government,Health insurance funds,"43,54,81,017.14","43,54,81,017.14"
2021-22,Vic,Referred medical services,Referred medical services,Non-government,Individuals,"1,00,72,39,285.02","1,00,72,39,285.02"
2021-22,Vic,Research,Research,Canadian Government,DoHAC and other,"1,71,36,33,664.71","1,71,36,33,664.71"
2021-22,Vic,Research,Research,Non-government,Individuals,"1,83,958.96","1,83,958.96"
2021-22,Vic,Research,Research,Non-government,Other source of funds,"13,78,07,795.96","13,78,07,795.96"
2021-22,Vic,Research,Research,State and local government,State and local government,"7,27,07,136.87","7,27,07,136.87"
2021-22,WA,Capital expenditure,Capital expenditure,Canadian Government,DoHAC and other,"1,32,82,076.40","1,32,82,076.40"
2021-22,WA,Capital expenditure,Capital expenditure,Non-government,Other source of funds,"70,32,56,364.64","70,32,56,364.64"
2021-22,WA,Capital expenditure,Capital expenditure,State and local government,State and local government,"38,60,00,000.00","38,60,00,000.00"
2021-22,WA,Hospitals,Private hospitals,Canadian Government,Department of Veterans' Affairs,"5,78,69,664.90","5,78,69,664.90"
2021-22,WA,Hospitals,Private hospitals,Canadian Government,DoHAC and other,"10,79,96,451.77","10,79,96,451.77"
2021-22,WA,Hospitals,Private hospitals,Canadian Government,Premium rebates,"37,96,98,107.89","37,96,98,107.89"
2021-22,WA,Hospitals,Private hospitals,Non-government,Health insurance funds,"1,06,09,82,978.91","1,06,09,82,978.91"
2021-22,WA,Hospitals,Private hospitals,Non-government,Individuals,"31,41,78,206.41","31,41,78,206.41"
2021-22,WA,Hospitals,Private hospitals,Non-government,Other source of funds,"18,45,78,235.25","18,45,78,235.25"
2021-22,WA,Hospitals,Private hospitals,State and local government,State and local government,"97,57,32,762.71","97,57,32,762.71"
2021-22,WA,Hospitals,Public hospital services,Canadian Government,Department of Veterans' Affairs,"4,73,43,405.57","4,73,43,405.57"
2021-22,WA,Hospitals,Public hospital services,Canadian Government,DoHAC and other,"2,99,79,05,307.22","2,99,79,05,307.22"
2021-22,WA,Hospitals,Public hospital services,Canadian Government,Premium rebates,"2,50,07,176.13","2,50,07,176.13"
2021-22,WA,Hospitals,Public hospital services,Non-government,Health insurance funds,"6,98,77,062.00","6,98,77,062.00"
2021-22,WA,Hospitals,Public hospital services,Non-government,Individuals,"21,39,31,205.66","21,39,31,205.66"
2021-22,WA,Hospitals,Public hospital services,Non-government,Other source of funds,"4,81,27,307.79","4,81,27,307.79"
2021-22,WA,Hospitals,Public hospital services,State and local government,State and local government,"3,79,51,65,113.76","3,79,51,65,113.76"
2021-22,WA,Medical expenses tax rebate,Medical expenses tax rebate,Canadian Government,DoHAC and other,0,0
2021-22,WA,Medical expenses tax rebate,Medical expenses tax rebate,Non-government,Individuals,0,0
2021-22,WA,Other services,Administration,Canadian Government,DoHAC and other,"20,56,71,033.01","20,56,71,033.01"
2021-22,WA,Other services,Administration,Canadian Government,Premium rebates,"8,51,02,122.60","8,51,02,122.60"
2021-22,WA,Other services,Administration,Non-government,Health insurance funds,"23,77,99,192.75","23,77,99,192.75"
2021-22,WA,Other services,Administration,Non-government,Individuals,"1,52,58,569.68","1,52,58,569.68"
2021-22,WA,Other services,Administration,Non-government,Other source of funds,"34,32,663.68","34,32,663.68"
2021-22,WA,Other services,Administration,State and local government,State and local government,"72,90,73,213.23","72,90,73,213.23"
2021-22,WA,Other services,Aids and appliances,Canadian Government,Department of Veterans' Affairs,"1,18,09,027.09","1,18,09,027.09"
2021-22,WA,Other services,Aids and appliances,Canadian Government,DoHAC and other,"7,05,14,350.79","7,05,14,350.79"
2021-22,WA,Other services,Aids and appliances,Canadian Government,Premium rebates,"3,68,31,999.57","3,68,31,999.57"
2021-22,WA,Other services,Aids and appliances,Non-government,Health insurance funds,"10,29,18,934.29","10,29,18,934.29"
2021-22,WA,Other services,Aids and appliances,Non-government,Individuals,"62,86,60,889.61","62,86,60,889.61"
2021-22,WA,Other services,Aids and appliances,Non-government,Other source of funds,"4,55,87,323.60","4,55,87,323.60"
2021-22,WA,Other services,Patient transport services,Canadian Government,Department of Veterans' Affairs,"68,45,641.69","68,45,641.69"
2021-22,WA,Other services,Patient transport services,Canadian Government,DoHAC and other,"3,01,57,993.81","3,01,57,993.81"
2021-22,WA,Other services,Patient transport services,Canadian Government,Premium rebates,"1,43,93,957.96","1,43,93,957.96"
2021-22,WA,Other services,Patient transport services,Non-government,Health insurance funds,"4,02,20,754.53","4,02,20,754.53"
2021-22,WA,Other services,Patient transport services,Non-government,Individuals,"23,82,240.85","23,82,240.85"
2021-22,WA,Other services,Patient transport services,Non-government,Other source of funds,"1,21,93,336.59","1,21,93,336.59"
2021-22,WA,Other services,Patient transport services,State and local government,State and local government,"32,96,43,115.93","32,96,43,115.93"
2021-22,WA,Primary health care,All other medications,Canadian Government,DoHAC and other,"6,51,30,023.92","6,51,30,023.92"
2021-22,WA,Primary health care,All other medications,Canadian Government,Premium rebates,"34,13,744.05","34,13,744.05"
2021-22,WA,Primary health care,All other medications,Non-government,Health insurance funds,"95,38,958.09","95,38,958.09"
2021-22,WA,Primary health care,All other medications,Non-government,Individuals,"1,17,19,06,917.23","1,17,19,06,917.23"
2021-22,WA,Primary health care,All other medications,Non-government,Other source of funds,"1,69,22,888.95","1,69,22,888.95"
2021-22,WA,Primary health care,Benefit-paid pharmaceuticals,Canadian Government,Department of Veterans' Affairs,"3,12,29,403.82","3,12,29,403.82"
2021-22,WA,Primary health care,Benefit-paid pharmaceuticals,Canadian Government,DoHAC and other,"1,14,45,19,523.17","1,14,45,19,523.17"
2021-22,WA,Primary health care,Benefit-paid pharmaceuticals,Non-government,Individuals,"15,80,12,355.95","15,80,12,355.95"
2021-22,WA,Primary health care,Community health and other,Canadian Government,Department of Veterans' Affairs,"12,90,110.54","12,90,110.54"
2021-22,WA,Primary health care,Community health and other,Canadian Government,DoHAC and other,"50,59,24,286.21","50,59,24,286.21"
2021-22,WA,Primary health care,Community health and other,Canadian Government,Premium rebates,"11,423.34","11,423.34"
2021-22,WA,Primary health care,Community health and other,Non-government,Health insurance funds,"31,920.03","31,920.03"
2021-22,WA,Primary health care,Community health and other,Non-government,Individuals,"12,84,57,922.40","12,84,57,922.40"
2021-22,WA,Primary health care,Community health and other,Non-government,Other source of funds,"13,95,222.53","13,95,222.53"
2021-22,WA,Primary health care,Community health and other,State and local government,State and local government,"70,60,03,647.76","70,60,03,647.76"
2021-22,WA,Primary health care,Dental services,Canadian Government,Department of Veterans' Affairs,"92,89,087.42","92,89,087.42"
2021-22,WA,Primary health care,Dental services,Canadian Government,DoHAC and other,"1,74,72,084.81","1,74,72,084.81"
2021-22,WA,Primary health care,Dental services,Canadian Government,Premium rebates,"11,99,77,704.41","11,99,77,704.41"
2021-22,WA,Primary health care,Dental services,Non-government,Health insurance funds,"33,52,51,347.29","33,52,51,347.29"
2021-22,WA,Primary health care,Dental services,Non-government,Individuals,"1,12,45,58,779.45","1,12,45,58,779.45"
2021-22,WA,Primary health care,Dental services,Non-government,Other source of funds,"37,69,116.30","37,69,116.30"
2021-22,WA,Primary health care,Dental services,State and local government,State and local government,"10,56,99,218.70","10,56,99,218.70"
2021-22,WA,Primary health care,Other health practitioners,Canadian Government,Department of Veterans' Affairs,"2,67,77,840.27","2,67,77,840.27"
2021-22,WA,Primary health care,Other health practitioners,Canadian Government,DoHAC and other,"21,22,38,565.41","21,22,38,565.41"
2021-22,WA,Primary health care,Other health practitioners,Canadian Government,Premium rebates,"4,68,50,427.23","4,68,50,427.23"
2021-22,WA,Primary health care,Other health practitioners,Non-government,Health insurance funds,"13,09,13,230.31","13,09,13,230.31"
2021-22,WA,Primary health care,Other health practitioners,Non-government,Individuals,"-10,05,91,937.55","-10,05,91,937.55"
2021-22,WA,Primary health care,Other health practitioners,Non-government,Other source of funds,"3,79,79,588.07","3,79,79,588.07"
2021-22,WA,Primary health care,Public health,Canadian Government,DoHAC and other,"95,63,70,821.09","95,63,70,821.09"
2021-22,WA,Primary health care,Public health,State and local government,State and local government,"74,29,00,196.21","74,29,00,196.21"
2021-22,WA,Primary health care,Unreferred medical services,Canadian Government,Department of Veterans' Affairs,"84,43,364.37","84,43,364.37"
2021-22,WA,Primary health care,Unreferred medical services,Canadian Government,DoHAC and other,"1,05,51,81,246.05","1,05,51,81,246.05"
2021-22,WA,Primary health care,Unreferred medical services,Non-government,Individuals,"10,79,03,894.25","10,79,03,894.25"
2021-22,WA,Primary health care,Unreferred medical services,Non-government,Other source of funds,"14,60,24,720.98","14,60,24,720.98"
2021-22,WA,Referred medical services,Referred medical services,Canadian Government,Department of Veterans' Affairs,"5,88,81,955.55","5,88,81,955.55"
2021-22,WA,Referred medical services,Referred medical services,Canadian Government,DoHAC and other,"1,54,13,12,543.03","1,54,13,12,543.03"
2021-22,WA,Referred medical services,Referred medical services,Canadian Government,Premium rebates,"7,47,78,818.56","7,47,78,818.56"
2021-22,WA,Referred medical services,Referred medical services,Non-government,Health insurance funds,"20,89,52,986.68","20,89,52,986.68"
2021-22,WA,Referred medical services,Referred medical services,Non-government,Individuals,"34,97,02,577.08","34,97,02,577.08"
2021-22,WA,Research,Research,Canadian Government,DoHAC and other,"46,01,97,728.98","46,01,97,728.98"
2021-22,WA,Research,Research,Non-government,Individuals,"5,07,490.22","5,07,490.22"
2021-22,WA,Research,Research,Non-government,Other source of funds,"2,87,06,057.99","2,87,06,057.99"
2021-22,WA,Research,Research,State and local government,State and local government,"5,48,25,409.66","5,48,25,409.66"
